"run_id","problem","phase","hhmmss","strategy","joint_pass","optimum_included","volume_ratio","volume_cap_pass","fail_type","modeler_real_only","modeler_fs_category","doe_gate1_pass_rate","doe_gate2_pass_rate","doe_additional_triggered","doe_added_samples","phase2_entered","usable_n_over_p","explorer_p_dim","strategy_mode","pred_cluster_confidence"
"run_cantilever_beam_20260408_093352_654398_7028","cantilever_beam","post_0913","093352","S4_dual","True","True","0.249000000000094","True","pass","True","success","0.833333333333333","0.5","True","54","True","10","4","dual_refine_ei","0.543537942140845"
"run_cantilever_beam_20260408_093352_654398_7028","cantilever_beam","post_0913","093352","S4_obj","True","True","0.249000000000268","True","pass","True","success","0.833333333333333","0.5","True","54","True","10","4","obj_refine_ei","0.554489701266414"
"run_cantilever_beam_20260408_093352_654398_7028","cantilever_beam","post_0913","093352","S4_pred","True","True","0.249000000000113","True","pass","True","success","0.833333333333333","0.5","True","54","True","10","4","pred_refine_ei","0.548612692190496"
"run_cantilever_beam_20260408_093352_654398_7028","cantilever_beam","post_0913","093352","S8_dual","True","True","0.249000000000257","True","pass","True","success","0.833333333333333","0.5","True","54","True","10","4","dual_gradient_refine","0.543537942140845"
"run_cantilever_beam_20260408_093352_654398_7028","cantilever_beam","post_0913","093352","S8_obj","True","True","0.249000000000125","True","pass","True","success","0.833333333333333","0.5","True","54","True","10","4","obj_refine_lcb","0.554489701266414"
"run_cantilever_beam_20260408_093352_654398_7028","cantilever_beam","post_0913","093352","S8_pred","False","False","0.249","True","over_shrink_fail","True","success","0.833333333333333","0.5","True","54","True","10","4","pred_refine_lcb","0.548612692190496"
"run_cantilever_beam_20260408_093726_692549_4107","cantilever_beam","post_0913","093726","S4_dual","True","True","0.249000000000149","True","pass","True","success","0.833333333333333","0.833333333333333","True","54","True","10","4","dual_refine_ei","0.58071554854703"
"run_cantilever_beam_20260408_093726_692549_4107","cantilever_beam","post_0913","093726","S4_obj","True","True","0.249000000000283","True","pass","True","success","0.833333333333333","0.833333333333333","True","54","True","10","4","obj_refine_ei","0.576822275844321"
"run_cantilever_beam_20260408_093726_692549_4107","cantilever_beam","post_0913","093726","S4_pred","True","True","0.249000000000019","True","pass","True","success","0.833333333333333","0.833333333333333","True","54","True","10","4","pred_refine_ei","0.582532359315492"
"run_cantilever_beam_20260408_093726_692549_4107","cantilever_beam","post_0913","093726","S8_dual","True","True","0.249000000000093","True","pass","True","success","0.833333333333333","0.833333333333333","True","54","True","10","4","dual_gradient_refine","0.58071554854703"
"run_cantilever_beam_20260408_093726_692549_4107","cantilever_beam","post_0913","093726","S8_obj","True","True","0.2490000000002","True","pass","True","success","0.833333333333333","0.833333333333333","True","54","True","10","4","obj_refine_lcb","0.576822275844321"
"run_cantilever_beam_20260408_093726_692549_4107","cantilever_beam","post_0913","093726","S8_pred","True","True","0.249","True","pass","True","success","0.833333333333333","0.833333333333333","True","54","True","10","4","pred_refine_lcb","0.582532359315492"
"run_cantilever_beam_20260408_093813_689334_fe91","cantilever_beam","post_0913","093813","S4_dual","True","True","0.24900000000025","True","pass","True","success","1","0.833333333333333","True","54","True","10","4","dual_refine_ei","0.564280535269461"
"run_cantilever_beam_20260408_093813_689334_fe91","cantilever_beam","post_0913","093813","S4_obj","True","True","0.249000000000255","True","pass","True","success","1","0.833333333333333","True","54","True","10","4","obj_refine_ei","0.545792470447097"
"run_cantilever_beam_20260408_093813_689334_fe91","cantilever_beam","post_0913","093813","S4_pred","False","False","0.249","True","over_shrink_fail","True","success","1","0.833333333333333","True","54","True","10","4","pred_refine_ei","0.556342210076076"
"run_cantilever_beam_20260408_093813_689334_fe91","cantilever_beam","post_0913","093813","S8_dual","True","True","0.249000000000305","True","pass","True","success","1","0.833333333333333","True","54","True","10","4","dual_gradient_refine","0.564280535269461"
"run_cantilever_beam_20260408_093813_689334_fe91","cantilever_beam","post_0913","093813","S8_obj","True","True","0.249000000000084","True","pass","True","success","1","0.833333333333333","True","54","True","10","4","obj_refine_lcb","0.545792470447097"
"run_cantilever_beam_20260408_093813_689334_fe91","cantilever_beam","post_0913","093813","S8_pred","False","False","0.249","True","over_shrink_fail","True","success","1","0.833333333333333","True","54","True","10","4","pred_refine_lcb","0.556342210076076"
"run_cantilever_beam_20260408_094110_806335_066f","cantilever_beam","post_0913","094110","S4_dual","True","True","0.249000000000421","True","pass","True","success","1","1","True","54","True","10","4","dual_refine_ei","0.574501064410714"
"run_cantilever_beam_20260408_094110_806335_066f","cantilever_beam","post_0913","094110","S4_obj","True","True","0.249000000000077","True","pass","True","success","1","1","True","54","True","10","4","obj_refine_ei","0.549625747177843"
"run_cantilever_beam_20260408_094110_806335_066f","cantilever_beam","post_0913","094110","S4_pred","False","False","0.249","True","over_shrink_fail","True","success","1","1","True","54","True","10","4","pred_refine_ei","0.553878794736614"
"run_cantilever_beam_20260408_094110_806335_066f","cantilever_beam","post_0913","094110","S8_dual","True","True","0.249000000000157","True","pass","True","success","1","1","True","54","True","10","4","dual_gradient_refine","0.574501064410714"
"run_cantilever_beam_20260408_094110_806335_066f","cantilever_beam","post_0913","094110","S8_obj","True","True","0.249000000000143","True","pass","True","success","1","1","True","54","True","10","4","obj_refine_lcb","0.549625747177843"
"run_cantilever_beam_20260408_094110_806335_066f","cantilever_beam","post_0913","094110","S8_pred","False","False","0.249","True","over_shrink_fail","True","success","1","1","True","54","True","10","4","pred_refine_lcb","0.553878794736614"
"run_cantilever_beam_20260408_094151_162446_e966","cantilever_beam","post_0913","094151","S4_dual","False","False","0.249","True","over_shrink_fail","True","success","0.666666666666667","0.5","True","54","True","10","4","dual_refine_ei","0.50759092077351"
"run_cantilever_beam_20260408_094151_162446_e966","cantilever_beam","post_0913","094151","S4_obj","True","True","0.249000000000066","True","pass","True","success","0.666666666666667","0.5","True","54","True","10","4","obj_refine_ei","0.512791351272291"
"run_cantilever_beam_20260408_094151_162446_e966","cantilever_beam","post_0913","094151","S4_pred","True","True","0.249","True","pass","True","success","0.666666666666667","0.5","True","54","True","10","4","pred_refine_ei","0.50074737690681"
"run_cantilever_beam_20260408_094151_162446_e966","cantilever_beam","post_0913","094151","S8_dual","False","False","0.249","True","over_shrink_fail","True","success","0.666666666666667","0.5","True","54","True","10","4","dual_gradient_refine","0.50759092077351"
"run_cantilever_beam_20260408_094151_162446_e966","cantilever_beam","post_0913","094151","S8_obj","True","True","0.249000000000177","True","pass","True","success","0.666666666666667","0.5","True","54","True","10","4","obj_refine_lcb","0.512791351272291"
"run_cantilever_beam_20260408_094151_162446_e966","cantilever_beam","post_0913","094151","S8_pred","False","False","0.249","True","over_shrink_fail","True","success","0.666666666666667","0.5","True","54","True","10","4","pred_refine_lcb","0.50074737690681"
"run_cantilever_beam_20260408_094410_856371_7383","cantilever_beam","post_0913","094410","S4_dual","True","True","0.249000000000201","True","pass","True","success","0.666666666666667","0.833333333333333","True","54","True","10","4","dual_refine_ei","0.593446691903437"
"run_cantilever_beam_20260408_094410_856371_7383","cantilever_beam","post_0913","094410","S4_obj","True","True","0.249000000000154","True","pass","True","success","0.666666666666667","0.833333333333333","True","54","True","10","4","obj_refine_ei","0.576772038098899"
"run_cantilever_beam_20260408_094410_856371_7383","cantilever_beam","post_0913","094410","S4_pred","True","True","0.249000000000087","True","pass","True","success","0.666666666666667","0.833333333333333","True","54","True","10","4","pred_refine_ei","0.590422501654387"
"run_cantilever_beam_20260408_094410_856371_7383","cantilever_beam","post_0913","094410","S8_dual","True","True","0.249000000000248","True","pass","True","success","0.666666666666667","0.833333333333333","True","54","True","10","4","dual_gradient_refine","0.593446691903437"
"run_cantilever_beam_20260408_094410_856371_7383","cantilever_beam","post_0913","094410","S8_obj","True","True","0.249000000000087","True","pass","True","success","0.666666666666667","0.833333333333333","True","54","True","10","4","obj_refine_lcb","0.576772038098899"
"run_cantilever_beam_20260408_094410_856371_7383","cantilever_beam","post_0913","094410","S8_pred","True","True","0.249","True","pass","True","success","0.666666666666667","0.833333333333333","True","54","True","10","4","pred_refine_lcb","0.590422501654387"
"run_cantilever_beam_20260408_094455_683586_0be4","cantilever_beam","post_0913","094455","S4_dual","False","False","0.249000000000065","True","over_shrink_fail","True","success","0.833333333333333","0.833333333333333","True","54","True","10","4","dual_refine_ei","0.59375387300261"
"run_cantilever_beam_20260408_094455_683586_0be4","cantilever_beam","post_0913","094455","S4_obj","False","False","0.249000000000189","True","over_shrink_fail","True","success","0.833333333333333","0.833333333333333","True","54","True","10","4","obj_refine_ei","0.579017699100679"
"run_cantilever_beam_20260408_094455_683586_0be4","cantilever_beam","post_0913","094455","S4_pred","True","True","0.249","True","pass","True","success","0.833333333333333","0.833333333333333","True","54","True","10","4","pred_refine_ei","0.579437690543597"
"run_cantilever_beam_20260408_094455_683586_0be4","cantilever_beam","post_0913","094455","S8_dual","False","False","0.249000000000116","True","over_shrink_fail","True","success","0.833333333333333","0.833333333333333","True","54","True","10","4","dual_gradient_refine","0.59375387300261"
"run_cantilever_beam_20260408_094455_683586_0be4","cantilever_beam","post_0913","094455","S8_obj","False","False","0.249000000000141","True","over_shrink_fail","True","success","0.833333333333333","0.833333333333333","True","54","True","10","4","obj_refine_lcb","0.579017699100679"
"run_cantilever_beam_20260408_094455_683586_0be4","cantilever_beam","post_0913","094455","S8_pred","False","False","0.249","True","over_shrink_fail","True","success","0.833333333333333","0.833333333333333","True","54","True","10","4","pred_refine_lcb","0.579437690543597"
"run_cantilever_beam_20260408_094725_713752_4487","cantilever_beam","post_0913","094725","S4_dual","True","True","0.249000000000217","True","pass","True","success","0.833333333333333","1","True","54","True","10","4","dual_refine_ei","0.647565271687915"
"run_cantilever_beam_20260408_094725_713752_4487","cantilever_beam","post_0913","094725","S4_obj","True","True","0.249000000000225","True","pass","True","success","0.833333333333333","1","True","54","True","10","4","obj_refine_ei","0.647565271687915"
"run_cantilever_beam_20260408_094725_713752_4487","cantilever_beam","post_0913","094725","S4_pred","True","True","0.24900000000033","True","pass","True","success","0.833333333333333","1","True","54","True","10","4","pred_refine_ei","0.647565271687915"
"run_cantilever_beam_20260408_094725_713752_4487","cantilever_beam","post_0913","094725","S8_dual","True","True","0.249000000000283","True","pass","True","success","0.833333333333333","1","True","54","True","10","4","dual_gradient_refine","0.647565271687915"
"run_cantilever_beam_20260408_094725_713752_4487","cantilever_beam","post_0913","094725","S8_obj","True","True","0.249000000000448","True","pass","True","success","0.833333333333333","1","True","54","True","10","4","obj_refine_lcb","0.647565271687915"
"run_cantilever_beam_20260408_094725_713752_4487","cantilever_beam","post_0913","094725","S8_pred","True","True","0.24900000000033","True","pass","True","success","0.833333333333333","1","True","54","True","10","4","pred_refine_lcb","0.647565271687915"
"run_cantilever_beam_20260408_094831_580092_92f6","cantilever_beam","post_0913","094831","S4_dual","True","True","0.249000000000106","True","pass","True","success","0.5","1","True","54","True","10","4","dual_refine_ei","0.623049508061576"
"run_cantilever_beam_20260408_094831_580092_92f6","cantilever_beam","post_0913","094831","S4_obj","True","True","0.249000000000081","True","pass","True","success","0.5","1","True","54","True","10","4","obj_refine_ei","0.645303194728181"
"run_cantilever_beam_20260408_094831_580092_92f6","cantilever_beam","post_0913","094831","S4_pred","True","True","0.249000000000118","True","pass","True","success","0.5","1","True","54","True","10","4","pred_refine_ei","0.606531065922612"
"run_cantilever_beam_20260408_094831_580092_92f6","cantilever_beam","post_0913","094831","S8_dual","True","True","0.249000000000011","True","pass","True","success","0.5","1","True","54","True","10","4","dual_gradient_refine","0.623049508061576"
"run_cantilever_beam_20260408_094831_580092_92f6","cantilever_beam","post_0913","094831","S8_obj","True","True","0.249000000000247","True","pass","True","success","0.5","1","True","54","True","10","4","obj_refine_lcb","0.645303194728181"
"run_cantilever_beam_20260408_094831_580092_92f6","cantilever_beam","post_0913","094831","S8_pred","True","True","0.249000000000044","True","pass","True","success","0.5","1","True","54","True","10","4","pred_refine_lcb","0.606531065922612"
"run_cantilever_beam_20260408_095013_099990_207a","cantilever_beam","post_0913","095013","S4_dual","True","True","0.249000000000238","True","pass","True","success","0.8","1","True","54","True","10","4","dual_refine_ei","0.647071959650229"
"run_cantilever_beam_20260408_095013_099990_207a","cantilever_beam","post_0913","095013","S4_obj","True","True","0.249000000000124","True","pass","True","success","0.8","1","True","54","True","10","4","obj_refine_ei","0.637976086141688"
"run_cantilever_beam_20260408_095013_099990_207a","cantilever_beam","post_0913","095013","S4_pred","True","True","0.249","True","pass","True","success","0.8","1","True","54","True","10","4","pred_refine_ei","0.59199983146945"
"run_cantilever_beam_20260408_095013_099990_207a","cantilever_beam","post_0913","095013","S8_dual","True","True","0.249000000000056","True","pass","True","success","0.8","1","True","54","True","10","4","dual_gradient_refine","0.647071959650229"
"run_cantilever_beam_20260408_095013_099990_207a","cantilever_beam","post_0913","095013","S8_obj","True","True","0.249000000000024","True","pass","True","success","0.8","1","True","54","True","10","4","obj_refine_lcb","0.637976086141688"
"run_cantilever_beam_20260408_095013_099990_207a","cantilever_beam","post_0913","095013","S8_pred","True","True","0.249000000000227","True","pass","True","success","0.8","1","True","54","True","10","4","pred_refine_lcb","0.59199983146945"
"run_cantilever_beam_20260408_095216_640511_1aa2","cantilever_beam","post_0913","095216","S4_dual","False","False","0.249000000000058","True","over_shrink_fail","True","success","0.666666666666667","0.833333333333333","True","54","True","10","4","dual_refine_ei","0.606197367492464"
"run_cantilever_beam_20260408_095216_640511_1aa2","cantilever_beam","post_0913","095216","S4_obj","False","False","0.249000000000087","True","over_shrink_fail","True","success","0.666666666666667","0.833333333333333","True","54","True","10","4","obj_refine_ei","0.601336807340081"
"run_cantilever_beam_20260408_095216_640511_1aa2","cantilever_beam","post_0913","095216","S4_pred","False","False","0.249000000000271","True","over_shrink_fail","True","success","0.666666666666667","0.833333333333333","True","54","True","10","4","pred_refine_ei","0.615671974945542"
"run_cantilever_beam_20260408_095216_640511_1aa2","cantilever_beam","post_0913","095216","S8_dual","True","True","0.249000000000036","True","pass","True","success","0.666666666666667","0.833333333333333","True","54","True","10","4","dual_gradient_refine","0.606197367492464"
"run_cantilever_beam_20260408_095216_640511_1aa2","cantilever_beam","post_0913","095216","S8_obj","False","False","0.249000000000032","True","over_shrink_fail","True","success","0.666666666666667","0.833333333333333","True","54","True","10","4","obj_refine_lcb","0.601336807340081"
"run_cantilever_beam_20260408_095216_640511_1aa2","cantilever_beam","post_0913","095216","S8_pred","False","False","0.249000000000164","True","over_shrink_fail","True","success","0.666666666666667","0.833333333333333","True","54","True","10","4","pred_refine_lcb","0.615671974945542"
"run_cantilever_beam_20260408_095345_503888_d509","cantilever_beam","post_0913","095345","S4_dual","False","False","0.249000000000081","True","over_shrink_fail","True","success","0.666666666666667","0.666666666666667","True","54","True","10","4","dual_refine_ei","0.660703546536556"
"run_cantilever_beam_20260408_095345_503888_d509","cantilever_beam","post_0913","095345","S4_obj","False","False","0.249000000000262","True","over_shrink_fail","True","success","0.666666666666667","0.666666666666667","True","54","True","10","4","obj_refine_ei","0.660774167878444"
"run_cantilever_beam_20260408_095345_503888_d509","cantilever_beam","post_0913","095345","S4_pred","False","False","0.24900000000008","True","over_shrink_fail","True","success","0.666666666666667","0.666666666666667","True","54","True","10","4","pred_refine_ei","0.657625437607734"
"run_cantilever_beam_20260408_095345_503888_d509","cantilever_beam","post_0913","095345","S8_dual","False","False","0.249000000000032","True","over_shrink_fail","True","success","0.666666666666667","0.666666666666667","True","54","True","10","4","dual_gradient_refine","0.660703546536556"
"run_cantilever_beam_20260408_095345_503888_d509","cantilever_beam","post_0913","095345","S8_obj","False","False","0.24900000000024","True","over_shrink_fail","True","success","0.666666666666667","0.666666666666667","True","54","True","10","4","obj_refine_lcb","0.660774167878444"
"run_cantilever_beam_20260408_095345_503888_d509","cantilever_beam","post_0913","095345","S8_pred","False","False","0.249","True","over_shrink_fail","True","success","0.666666666666667","0.666666666666667","True","54","True","10","4","pred_refine_lcb","0.657625437607734"
"run_cantilever_beam_20260408_095553_542211_a22e","cantilever_beam","post_0913","095553","S4_dual","True","True","0.249000000000536","True","pass","True","success","0.8","0.8","True","54","True","10","4","dual_refine_ei","0.576060215161994"
"run_cantilever_beam_20260408_095553_542211_a22e","cantilever_beam","post_0913","095553","S4_obj","True","True","0.249000000000187","True","pass","True","success","0.8","0.8","True","54","True","10","4","obj_refine_ei","0.561000008708548"
"run_cantilever_beam_20260408_095553_542211_a22e","cantilever_beam","post_0913","095553","S4_pred","True","True","0.249","True","pass","True","success","0.8","0.8","True","54","True","10","4","pred_refine_ei","0.5703068701051"
"run_cantilever_beam_20260408_095553_542211_a22e","cantilever_beam","post_0913","095553","S8_dual","True","True","0.249000000000471","True","pass","True","success","0.8","0.8","True","54","True","10","4","dual_gradient_refine","0.576060215161994"
"run_cantilever_beam_20260408_095553_542211_a22e","cantilever_beam","post_0913","095553","S8_obj","True","True","0.249000000000415","True","pass","True","success","0.8","0.8","True","54","True","10","4","obj_refine_lcb","0.561000008708548"
"run_cantilever_beam_20260408_095553_542211_a22e","cantilever_beam","post_0913","095553","S8_pred","False","False","0.249","True","over_shrink_fail","True","success","0.8","0.8","True","54","True","10","4","pred_refine_lcb","0.5703068701051"
"run_cantilever_beam_20260408_095702_115481_0153","cantilever_beam","post_0913","095702","S4_dual","False","False","0.249000000000271","True","over_shrink_fail","True","success","0.8","1","True","54","True","10","4","dual_refine_ei","0.618826919152943"
"run_cantilever_beam_20260408_095702_115481_0153","cantilever_beam","post_0913","095702","S4_obj","False","False","0.249000000000131","True","over_shrink_fail","True","success","0.8","1","True","54","True","10","4","obj_refine_ei","0.616572262199031"
"run_cantilever_beam_20260408_095702_115481_0153","cantilever_beam","post_0913","095702","S4_pred","False","False","0.249000000000021","True","over_shrink_fail","True","success","0.8","1","True","54","True","10","4","pred_refine_ei","0.609477578998836"
"run_cantilever_beam_20260408_095702_115481_0153","cantilever_beam","post_0913","095702","S8_dual","False","False","0.249000000000049","True","over_shrink_fail","True","success","0.8","1","True","54","True","10","4","dual_gradient_refine","0.618826919152943"
"run_cantilever_beam_20260408_095702_115481_0153","cantilever_beam","post_0913","095702","S8_obj","False","False","0.249000000000159","True","over_shrink_fail","True","success","0.8","1","True","54","True","10","4","obj_refine_lcb","0.616572262199031"
"run_cantilever_beam_20260408_095702_115481_0153","cantilever_beam","post_0913","095702","S8_pred","False","False","0.249","True","over_shrink_fail","True","success","0.8","1","True","54","True","10","4","pred_refine_lcb","0.609477578998836"
"run_cantilever_beam_20260408_095943_151396_5e79","cantilever_beam","post_0913","095943","S4_dual","True","True","0.249000000000008","True","pass","True","success","0.666666666666667","0.5","True","54","True","10","4","dual_refine_ei","0.585549845085573"
"run_cantilever_beam_20260408_095943_151396_5e79","cantilever_beam","post_0913","095943","S4_obj","True","True","0.249000000000197","True","pass","True","success","0.666666666666667","0.5","True","54","True","10","4","obj_refine_ei","0.527329809165021"
"run_cantilever_beam_20260408_095943_151396_5e79","cantilever_beam","post_0913","095943","S4_pred","True","True","0.249000000000033","True","pass","True","success","0.666666666666667","0.5","True","54","True","10","4","pred_refine_ei","0.553064347417601"
"run_cantilever_beam_20260408_095943_151396_5e79","cantilever_beam","post_0913","095943","S8_dual","True","True","0.24900000000023","True","pass","True","success","0.666666666666667","0.5","True","54","True","10","4","dual_gradient_refine","0.585549845085573"
"run_cantilever_beam_20260408_095943_151396_5e79","cantilever_beam","post_0913","095943","S8_obj","True","True","0.24900000000029","True","pass","True","success","0.666666666666667","0.5","True","54","True","10","4","obj_refine_lcb","0.527329809165021"
"run_cantilever_beam_20260408_095943_151396_5e79","cantilever_beam","post_0913","095943","S8_pred","True","True","0.249000000000033","True","pass","True","success","0.666666666666667","0.5","True","54","True","10","4","pred_refine_lcb","0.553064347417601"
"run_cantilever_beam_20260408_095957_873642_17f1","cantilever_beam","post_0913","095957","S4_dual","True","True","0.249000000000015","True","pass","True","success","0.666666666666667","0.5","True","54","True","10","4","dual_refine_ei","0.580104035469411"
"run_cantilever_beam_20260408_095957_873642_17f1","cantilever_beam","post_0913","095957","S4_obj","True","True","0.249000000000324","True","pass","True","success","0.666666666666667","0.5","True","54","True","10","4","obj_refine_ei","0.559055461596139"
"run_cantilever_beam_20260408_095957_873642_17f1","cantilever_beam","post_0913","095957","S4_pred","True","True","0.249000000000283","True","pass","True","success","0.666666666666667","0.5","True","54","True","10","4","pred_refine_ei","0.54433920248678"
"run_cantilever_beam_20260408_095957_873642_17f1","cantilever_beam","post_0913","095957","S8_dual","True","True","0.249000000000015","True","pass","True","success","0.666666666666667","0.5","True","54","True","10","4","dual_gradient_refine","0.580104035469411"
"run_cantilever_beam_20260408_095957_873642_17f1","cantilever_beam","post_0913","095957","S8_obj","True","True","0.249000000000192","True","pass","True","success","0.666666666666667","0.5","True","54","True","10","4","obj_refine_lcb","0.559055461596139"
"run_cantilever_beam_20260408_095957_873642_17f1","cantilever_beam","post_0913","095957","S8_pred","True","True","0.249000000000272","True","pass","True","success","0.666666666666667","0.5","True","54","True","10","4","pred_refine_lcb","0.54433920248678"
"run_cantilever_beam_20260408_100252_656907_ca82","cantilever_beam","post_0913","100252","S4_dual","True","True","0.249000000000028","True","pass","True","success","0.5","0.833333333333333","True","54","True","10","4","dual_refine_ei","0.540239289863941"
"run_cantilever_beam_20260408_100252_656907_ca82","cantilever_beam","post_0913","100252","S4_obj","True","True","0.24900000000002","True","pass","True","success","0.5","0.833333333333333","True","54","True","10","4","obj_refine_ei","0.535298453570525"
"run_cantilever_beam_20260408_100252_656907_ca82","cantilever_beam","post_0913","100252","S4_pred","True","True","0.249","True","pass","True","success","0.5","0.833333333333333","True","54","True","10","4","pred_refine_ei","0.536710444736973"
"run_cantilever_beam_20260408_100252_656907_ca82","cantilever_beam","post_0913","100252","S8_dual","True","True","0.249000000000028","True","pass","True","success","0.5","0.833333333333333","True","54","True","10","4","dual_gradient_refine","0.540239289863941"
"run_cantilever_beam_20260408_100252_656907_ca82","cantilever_beam","post_0913","100252","S8_obj","True","True","0.249000000000174","True","pass","True","success","0.5","0.833333333333333","True","54","True","10","4","obj_refine_lcb","0.535298453570525"
"run_cantilever_beam_20260408_100252_656907_ca82","cantilever_beam","post_0913","100252","S8_pred","False","False","0.249000000000011","True","over_shrink_fail","True","success","0.5","0.833333333333333","True","54","True","10","4","pred_refine_lcb","0.536710444736973"
"run_cantilever_beam_20260408_100330_371769_0b44","cantilever_beam","post_0913","100330","S4_dual","True","True","0.24900000000006","True","pass","True","success","0.5","0.833333333333333","True","54","True","10","4","dual_refine_ei","0.517139288604113"
"run_cantilever_beam_20260408_100330_371769_0b44","cantilever_beam","post_0913","100330","S4_obj","True","True","0.249000000000058","True","pass","True","success","0.5","0.833333333333333","True","54","True","10","4","obj_refine_ei","0.538302391031747"
"run_cantilever_beam_20260408_100330_371769_0b44","cantilever_beam","post_0913","100330","S4_pred","True","True","0.24900000000005","True","pass","True","success","0.5","0.833333333333333","True","54","True","10","4","pred_refine_ei","0.542108333563599"
"run_cantilever_beam_20260408_100330_371769_0b44","cantilever_beam","post_0913","100330","S8_dual","True","True","0.24900000000006","True","pass","True","success","0.5","0.833333333333333","True","54","True","10","4","dual_gradient_refine","0.517139288604113"
"run_cantilever_beam_20260408_100330_371769_0b44","cantilever_beam","post_0913","100330","S8_obj","True","True","0.249000000000123","True","pass","True","success","0.5","0.833333333333333","True","54","True","10","4","obj_refine_lcb","0.538302391031747"
"run_cantilever_beam_20260408_100330_371769_0b44","cantilever_beam","post_0913","100330","S8_pred","True","True","0.24900000000005","True","pass","True","success","0.5","0.833333333333333","True","54","True","10","4","pred_refine_lcb","0.542108333563599"
"run_cantilever_beam_20260408_100610_769470_9c93","cantilever_beam","post_0913","100610","S4_dual","True","True","0.249000000000208","True","pass","True","success","0.666666666666667","0.833333333333333","True","54","True","10","4","dual_refine_ei","0.633703425785019"
"run_cantilever_beam_20260408_100610_769470_9c93","cantilever_beam","post_0913","100610","S4_obj","True","True","0.249000000000089","True","pass","True","success","0.666666666666667","0.833333333333333","True","54","True","10","4","obj_refine_ei","0.633703425785019"
"run_cantilever_beam_20260408_100610_769470_9c93","cantilever_beam","post_0913","100610","S4_pred","True","True","0.249000000000432","True","pass","True","success","0.666666666666667","0.833333333333333","True","54","True","10","4","pred_refine_ei","0.633703425785019"
"run_cantilever_beam_20260408_100610_769470_9c93","cantilever_beam","post_0913","100610","S8_dual","True","True","0.249000000000029","True","pass","True","success","0.666666666666667","0.833333333333333","True","54","True","10","4","dual_gradient_refine","0.633703425785019"
"run_cantilever_beam_20260408_100610_769470_9c93","cantilever_beam","post_0913","100610","S8_obj","True","True","0.249000000000231","True","pass","True","success","0.666666666666667","0.833333333333333","True","54","True","10","4","obj_refine_lcb","0.633703425785019"
"run_cantilever_beam_20260408_100610_769470_9c93","cantilever_beam","post_0913","100610","S8_pred","True","True","0.249000000000432","True","pass","True","success","0.666666666666667","0.833333333333333","True","54","True","10","4","pred_refine_lcb","0.633703425785019"
"run_cantilever_beam_20260408_100722_358664_0779","cantilever_beam","post_0913","100722","S4_dual","True","True","0.249000000000267","True","pass","True","success","0.666666666666667","0.833333333333333","True","54","True","10","4","dual_refine_ei","0.569558361908809"
"run_cantilever_beam_20260408_100722_358664_0779","cantilever_beam","post_0913","100722","S4_obj","True","True","0.249000000000131","True","pass","True","success","0.666666666666667","0.833333333333333","True","54","True","10","4","obj_refine_ei","0.556190526323969"
"run_cantilever_beam_20260408_100722_358664_0779","cantilever_beam","post_0913","100722","S4_pred","True","True","0.249000000000333","True","pass","True","success","0.666666666666667","0.833333333333333","True","54","True","10","4","pred_refine_ei","0.554410625661531"
"run_cantilever_beam_20260408_100722_358664_0779","cantilever_beam","post_0913","100722","S8_dual","True","True","0.249","True","pass","True","success","0.666666666666667","0.833333333333333","True","54","True","10","4","dual_gradient_refine","0.569558361908809"
"run_cantilever_beam_20260408_100722_358664_0779","cantilever_beam","post_0913","100722","S8_obj","True","True","0.249000000000258","True","pass","True","success","0.666666666666667","0.833333333333333","True","54","True","10","4","obj_refine_lcb","0.556190526323969"
"run_cantilever_beam_20260408_100722_358664_0779","cantilever_beam","post_0913","100722","S8_pred","True","True","0.249000000000271","True","pass","True","success","0.666666666666667","0.833333333333333","True","54","True","10","4","pred_refine_lcb","0.554410625661531"
"run_cantilever_beam_20260408_100859_175073_0f8b","cantilever_beam","post_0913","100859","S4_dual","False","False","0.249000000000106","True","over_shrink_fail","True","success","0.666666666666667","1","True","54","True","10","4","dual_refine_ei","0.582808509698015"
"run_cantilever_beam_20260408_100859_175073_0f8b","cantilever_beam","post_0913","100859","S4_obj","False","False","0.249000000000126","True","over_shrink_fail","True","success","0.666666666666667","1","True","54","True","10","4","obj_refine_ei","0.579019889936155"
"run_cantilever_beam_20260408_100859_175073_0f8b","cantilever_beam","post_0913","100859","S4_pred","False","False","0.249000000000228","True","over_shrink_fail","True","success","0.666666666666667","1","True","54","True","10","4","pred_refine_ei","0.576805974567393"
"run_cantilever_beam_20260408_100859_175073_0f8b","cantilever_beam","post_0913","100859","S8_dual","False","False","0.249","True","over_shrink_fail","True","success","0.666666666666667","1","True","54","True","10","4","dual_gradient_refine","0.582808509698015"
"run_cantilever_beam_20260408_100859_175073_0f8b","cantilever_beam","post_0913","100859","S8_obj","False","False","0.249000000000221","True","over_shrink_fail","True","success","0.666666666666667","1","True","54","True","10","4","obj_refine_lcb","0.579019889936155"
"run_cantilever_beam_20260408_100859_175073_0f8b","cantilever_beam","post_0913","100859","S8_pred","False","False","0.249","True","over_shrink_fail","True","success","0.666666666666667","1","True","54","True","10","4","pred_refine_lcb","0.576805974567393"
"run_cantilever_beam_20260408_101032_558349_838a","cantilever_beam","post_0913","101032","S4_dual","False","False","0.249000000000092","True","over_shrink_fail","True","success","0.666666666666667","1","True","54","True","10","4","dual_refine_ei","0.510146359425798"
"run_cantilever_beam_20260408_101032_558349_838a","cantilever_beam","post_0913","101032","S4_obj","True","True","0.249000000000243","True","pass","True","success","0.666666666666667","1","True","54","True","10","4","obj_refine_ei","0.521719242160748"
"run_cantilever_beam_20260408_101032_558349_838a","cantilever_beam","post_0913","101032","S4_pred","False","False","0.249000000000128","True","over_shrink_fail","True","success","0.666666666666667","1","True","54","True","10","4","pred_refine_ei","0.506791738503465"
"run_cantilever_beam_20260408_101032_558349_838a","cantilever_beam","post_0913","101032","S8_dual","False","False","0.249000000000118","True","over_shrink_fail","True","success","0.666666666666667","1","True","54","True","10","4","dual_gradient_refine","0.510146359425798"
"run_cantilever_beam_20260408_101032_558349_838a","cantilever_beam","post_0913","101032","S8_obj","True","True","0.249000000000329","True","pass","True","success","0.666666666666667","1","True","54","True","10","4","obj_refine_lcb","0.521719242160748"
"run_cantilever_beam_20260408_101032_558349_838a","cantilever_beam","post_0913","101032","S8_pred","False","False","0.249000000000184","True","over_shrink_fail","True","success","0.666666666666667","1","True","54","True","10","4","pred_refine_lcb","0.506791738503465"
"run_cantilever_beam_20260408_101219_690948_ce8b","cantilever_beam","post_0913","101219","S4_dual","True","True","0.249","True","pass","True","success","0.666666666666667","0.833333333333333","True","54","True","10","4","dual_refine_ei","0.614708705254617"
"run_cantilever_beam_20260408_101219_690948_ce8b","cantilever_beam","post_0913","101219","S4_obj","False","False","0.24900000000005","True","over_shrink_fail","True","success","0.666666666666667","0.833333333333333","True","54","True","10","4","obj_refine_ei","0.614943332080364"
"run_cantilever_beam_20260408_101219_690948_ce8b","cantilever_beam","post_0913","101219","S4_pred","True","True","0.249000000000023","True","pass","True","success","0.666666666666667","0.833333333333333","True","54","True","10","4","pred_refine_ei","0.618586911918432"
"run_cantilever_beam_20260408_101219_690948_ce8b","cantilever_beam","post_0913","101219","S8_dual","False","False","0.249","True","over_shrink_fail","True","success","0.666666666666667","0.833333333333333","True","54","True","10","4","dual_gradient_refine","0.614708705254617"
"run_cantilever_beam_20260408_101219_690948_ce8b","cantilever_beam","post_0913","101219","S8_obj","False","False","0.249000000000046","True","over_shrink_fail","True","success","0.666666666666667","0.833333333333333","True","54","True","10","4","obj_refine_lcb","0.614943332080364"
"run_cantilever_beam_20260408_101219_690948_ce8b","cantilever_beam","post_0913","101219","S8_pred","True","True","0.249","True","pass","True","success","0.666666666666667","0.833333333333333","True","54","True","10","4","pred_refine_lcb","0.618586911918432"
"run_cantilever_beam_20260408_101413_895675_9d94","cantilever_beam","post_0913","101413","S4_dual","False","False","0.249000000000065","True","over_shrink_fail","True","success","0.666666666666667","1","True","54","True","10","4","dual_refine_ei","0.610704443779684"
"run_cantilever_beam_20260408_101413_895675_9d94","cantilever_beam","post_0913","101413","S4_obj","False","False","0.24900000000028","True","over_shrink_fail","True","success","0.666666666666667","1","True","54","True","10","4","obj_refine_ei","0.593820351642658"
"run_cantilever_beam_20260408_101413_895675_9d94","cantilever_beam","post_0913","101413","S4_pred","False","False","0.249000000000312","True","over_shrink_fail","True","success","0.666666666666667","1","True","54","True","10","4","pred_refine_ei","0.603452908985328"
"run_cantilever_beam_20260408_101413_895675_9d94","cantilever_beam","post_0913","101413","S8_dual","False","False","0.249","True","over_shrink_fail","True","success","0.666666666666667","1","True","54","True","10","4","dual_gradient_refine","0.610704443779684"
"run_cantilever_beam_20260408_101413_895675_9d94","cantilever_beam","post_0913","101413","S8_obj","False","False","0.249000000000051","True","over_shrink_fail","True","success","0.666666666666667","1","True","54","True","10","4","obj_refine_lcb","0.593820351642658"
"run_cantilever_beam_20260408_101413_895675_9d94","cantilever_beam","post_0913","101413","S8_pred","False","False","0.249","True","over_shrink_fail","True","success","0.666666666666667","1","True","54","True","10","4","pred_refine_lcb","0.603452908985328"
"run_cantilever_beam_20260408_101508_577248_e8e0","cantilever_beam","post_0913","101508","S4_dual","True","True","0.249000000000258","True","pass","True","success","1","1","True","54","True","10","4","dual_refine_ei","0.571526757587884"
"run_cantilever_beam_20260408_101508_577248_e8e0","cantilever_beam","post_0913","101508","S4_obj","True","True","0.249000000000187","True","pass","True","success","1","1","True","54","True","10","4","obj_refine_ei","0.564874372816963"
"run_cantilever_beam_20260408_101508_577248_e8e0","cantilever_beam","post_0913","101508","S4_pred","False","False","0.249","True","over_shrink_fail","True","success","1","1","True","54","True","10","4","pred_refine_ei","0.558246121427736"
"run_cantilever_beam_20260408_101508_577248_e8e0","cantilever_beam","post_0913","101508","S8_dual","True","True","0.249000000000244","True","pass","True","success","1","1","True","54","True","10","4","dual_gradient_refine","0.571526757587884"
"run_cantilever_beam_20260408_101508_577248_e8e0","cantilever_beam","post_0913","101508","S8_obj","True","True","0.2490000000001","True","pass","True","success","1","1","True","54","True","10","4","obj_refine_lcb","0.564874372816963"
"run_cantilever_beam_20260408_101508_577248_e8e0","cantilever_beam","post_0913","101508","S8_pred","False","False","0.249","True","over_shrink_fail","True","success","1","1","True","54","True","10","4","pred_refine_lcb","0.558246121427736"
"run_cantilever_beam_20260408_101716_360008_cdbc","cantilever_beam","post_0913","101716","S4_dual","True","True","0.249000000000008","True","pass","True","success","1","0.833333333333333","True","54","True","10","4","dual_refine_ei","0.769758818625254"
"run_cantilever_beam_20260408_101716_360008_cdbc","cantilever_beam","post_0913","101716","S4_obj","True","True","0.249000000000257","True","pass","True","success","1","0.833333333333333","True","54","True","10","4","obj_refine_ei","0.610204537710227"
"run_cantilever_beam_20260408_101716_360008_cdbc","cantilever_beam","post_0913","101716","S4_pred","True","True","0.249000000000245","True","pass","True","success","1","0.833333333333333","True","54","True","10","4","pred_refine_ei","0.603889970318258"
"run_cantilever_beam_20260408_101716_360008_cdbc","cantilever_beam","post_0913","101716","S8_dual","True","True","0.249000000000109","True","pass","True","success","1","0.833333333333333","True","54","True","10","4","dual_gradient_refine","0.769758818625254"
"run_cantilever_beam_20260408_101716_360008_cdbc","cantilever_beam","post_0913","101716","S8_obj","True","True","0.249000000000174","True","pass","True","success","1","0.833333333333333","True","54","True","10","4","obj_refine_lcb","0.610204537710227"
"run_cantilever_beam_20260408_101716_360008_cdbc","cantilever_beam","post_0913","101716","S8_pred","True","True","0.249000000000245","True","pass","True","success","1","0.833333333333333","True","54","True","10","4","pred_refine_lcb","0.603889970318258"
"run_cantilever_beam_20260408_101817_285924_1eea","cantilever_beam","post_0913","101817","S4_dual","False","False","0.249000000000007","True","over_shrink_fail","True","success","0.666666666666667","0.666666666666667","True","54","True","10","4","dual_refine_ei","0.62300961660108"
"run_cantilever_beam_20260408_101817_285924_1eea","cantilever_beam","post_0913","101817","S4_obj","False","False","0.249","True","over_shrink_fail","True","success","0.666666666666667","0.666666666666667","True","54","True","10","4","obj_refine_ei","0.61381058042098"
"run_cantilever_beam_20260408_101817_285924_1eea","cantilever_beam","post_0913","101817","S4_pred","False","False","0.249000000000257","True","over_shrink_fail","True","success","0.666666666666667","0.666666666666667","True","54","True","10","4","pred_refine_ei","0.607513287482779"
"run_cantilever_beam_20260408_101817_285924_1eea","cantilever_beam","post_0913","101817","S8_dual","False","False","0.249000000000024","True","over_shrink_fail","True","success","0.666666666666667","0.666666666666667","True","54","True","10","4","dual_gradient_refine","0.62300961660108"
"run_cantilever_beam_20260408_101817_285924_1eea","cantilever_beam","post_0913","101817","S8_obj","False","False","0.249","True","over_shrink_fail","True","success","0.666666666666667","0.666666666666667","True","54","True","10","4","obj_refine_lcb","0.61381058042098"
"run_cantilever_beam_20260408_101817_285924_1eea","cantilever_beam","post_0913","101817","S8_pred","False","False","0.249000000000091","True","over_shrink_fail","True","success","0.666666666666667","0.666666666666667","True","54","True","10","4","pred_refine_lcb","0.607513287482779"
"run_cantilever_beam_20260408_102046_568786_bce7","cantilever_beam","post_0913","102046","S4_dual","False","False","0.249000000000044","True","over_shrink_fail","True","success","0.666666666666667","0.666666666666667","True","54","True","10","4","dual_refine_ei","0.620558582350602"
"run_cantilever_beam_20260408_102046_568786_bce7","cantilever_beam","post_0913","102046","S4_obj","False","False","0.249000000000216","True","over_shrink_fail","True","success","0.666666666666667","0.666666666666667","True","54","True","10","4","obj_refine_ei","0.616239763956776"
"run_cantilever_beam_20260408_102046_568786_bce7","cantilever_beam","post_0913","102046","S4_pred","False","False","0.249000000000152","True","over_shrink_fail","True","success","0.666666666666667","0.666666666666667","True","54","True","10","4","pred_refine_ei","0.583156547733313"
"run_cantilever_beam_20260408_102046_568786_bce7","cantilever_beam","post_0913","102046","S8_dual","False","False","0.249000000000185","True","over_shrink_fail","True","success","0.666666666666667","0.666666666666667","True","54","True","10","4","dual_gradient_refine","0.620558582350602"
"run_cantilever_beam_20260408_102046_568786_bce7","cantilever_beam","post_0913","102046","S8_obj","False","False","0.249000000000134","True","over_shrink_fail","True","success","0.666666666666667","0.666666666666667","True","54","True","10","4","obj_refine_lcb","0.616239763956776"
"run_cantilever_beam_20260408_102046_568786_bce7","cantilever_beam","post_0913","102046","S8_pred","False","False","0.249000000000185","True","over_shrink_fail","True","success","0.666666666666667","0.666666666666667","True","54","True","10","4","pred_refine_lcb","0.583156547733313"
"run_cantilever_beam_20260408_102150_961246_158a","cantilever_beam","post_0913","102150","S4_dual","True","True","0.24900000000023","True","pass","True","success","0.666666666666667","0.833333333333333","True","54","True","10","4","dual_refine_ei","0.562124516548899"
"run_cantilever_beam_20260408_102150_961246_158a","cantilever_beam","post_0913","102150","S4_obj","True","True","0.249000000000167","True","pass","True","success","0.666666666666667","0.833333333333333","True","54","True","10","4","obj_refine_ei","0.56986855673033"
"run_cantilever_beam_20260408_102150_961246_158a","cantilever_beam","post_0913","102150","S4_pred","False","False","0.249000000000162","True","over_shrink_fail","True","success","0.666666666666667","0.833333333333333","True","54","True","10","4","pred_refine_ei","0.558623600183001"
"run_cantilever_beam_20260408_102150_961246_158a","cantilever_beam","post_0913","102150","S8_dual","True","True","0.249000000000022","True","pass","True","success","0.666666666666667","0.833333333333333","True","54","True","10","4","dual_gradient_refine","0.562124516548899"
"run_cantilever_beam_20260408_102150_961246_158a","cantilever_beam","post_0913","102150","S8_obj","True","True","0.249000000000321","True","pass","True","success","0.666666666666667","0.833333333333333","True","54","True","10","4","obj_refine_lcb","0.56986855673033"
"run_cantilever_beam_20260408_102150_961246_158a","cantilever_beam","post_0913","102150","S8_pred","False","False","0.249000000000302","True","over_shrink_fail","True","success","0.666666666666667","0.833333333333333","True","54","True","10","4","pred_refine_lcb","0.558623600183001"
"run_cantilever_beam_20260408_102422_706084_f2a0","cantilever_beam","post_0913","102422","S4_dual","True","True","0.249","True","pass","True","success","0.666666666666667","0.833333333333333","True","54","True","10","4","dual_refine_ei","0.524724455183237"
"run_cantilever_beam_20260408_102422_706084_f2a0","cantilever_beam","post_0913","102422","S4_obj","True","True","0.249","True","pass","True","success","0.666666666666667","0.833333333333333","True","54","True","10","4","obj_refine_ei","0.509791226303274"
"run_cantilever_beam_20260408_102422_706084_f2a0","cantilever_beam","post_0913","102422","S4_pred","True","True","0.249000000000074","True","pass","True","success","0.666666666666667","0.833333333333333","True","54","True","10","4","pred_refine_ei","0.504606232414957"
"run_cantilever_beam_20260408_102422_706084_f2a0","cantilever_beam","post_0913","102422","S8_dual","True","True","0.249000000000071","True","pass","True","success","0.666666666666667","0.833333333333333","True","54","True","10","4","dual_gradient_refine","0.524724455183237"
"run_cantilever_beam_20260408_102422_706084_f2a0","cantilever_beam","post_0913","102422","S8_obj","True","True","0.249","True","pass","True","success","0.666666666666667","0.833333333333333","True","54","True","10","4","obj_refine_lcb","0.509791226303274"
"run_cantilever_beam_20260408_102422_706084_f2a0","cantilever_beam","post_0913","102422","S8_pred","True","True","0.249000000000221","True","pass","True","success","0.666666666666667","0.833333333333333","True","54","True","10","4","pred_refine_lcb","0.504606232414957"
"run_cantilever_beam_20260408_102505_452870_fd31","cantilever_beam","post_0913","102505","S4_dual","True","True","0.249000000000127","True","pass","True","success","0.666666666666667","0.666666666666667","True","54","True","10","4","dual_refine_ei","0.586767224513794"
"run_cantilever_beam_20260408_102505_452870_fd31","cantilever_beam","post_0913","102505","S4_obj","True","True","0.249000000000449","True","pass","True","success","0.666666666666667","0.666666666666667","True","54","True","10","4","obj_refine_ei","0.589278646302167"
"run_cantilever_beam_20260408_102505_452870_fd31","cantilever_beam","post_0913","102505","S4_pred","False","False","0.249","True","over_shrink_fail","True","success","0.666666666666667","0.666666666666667","True","54","True","10","4","pred_refine_ei","0.582680910243297"
"run_cantilever_beam_20260408_102505_452870_fd31","cantilever_beam","post_0913","102505","S8_dual","True","True","0.249000000000022","True","pass","True","success","0.666666666666667","0.666666666666667","True","54","True","10","4","dual_gradient_refine","0.586767224513794"
"run_cantilever_beam_20260408_102505_452870_fd31","cantilever_beam","post_0913","102505","S8_obj","True","True","0.249000000000019","True","pass","True","success","0.666666666666667","0.666666666666667","True","54","True","10","4","obj_refine_lcb","0.589278646302167"
"run_cantilever_beam_20260408_102505_452870_fd31","cantilever_beam","post_0913","102505","S8_pred","True","True","0.249000000000138","True","pass","True","success","0.666666666666667","0.666666666666667","True","54","True","10","4","pred_refine_lcb","0.582680910243297"
"run_cantilever_beam_20260408_102747_568618_bcc1","cantilever_beam","post_0913","102747","S4_dual","True","True","0.249000000000163","True","pass","True","success","0.666666666666667","0.833333333333333","True","54","True","10","4","dual_refine_ei","0.546062798690883"
"run_cantilever_beam_20260408_102747_568618_bcc1","cantilever_beam","post_0913","102747","S4_obj","True","True","0.24900000000002","True","pass","True","success","0.666666666666667","0.833333333333333","True","54","True","10","4","obj_refine_ei","0.545665332393107"
"run_cantilever_beam_20260408_102747_568618_bcc1","cantilever_beam","post_0913","102747","S4_pred","True","True","0.249","True","pass","True","success","0.666666666666667","0.833333333333333","True","54","True","10","4","pred_refine_ei","0.544651277347359"
"run_cantilever_beam_20260408_102747_568618_bcc1","cantilever_beam","post_0913","102747","S8_dual","True","True","0.249000000000044","True","pass","True","success","0.666666666666667","0.833333333333333","True","54","True","10","4","dual_gradient_refine","0.546062798690883"
"run_cantilever_beam_20260408_102747_568618_bcc1","cantilever_beam","post_0913","102747","S8_obj","True","True","0.2490000000001","True","pass","True","success","0.666666666666667","0.833333333333333","True","54","True","10","4","obj_refine_lcb","0.545665332393107"
"run_cantilever_beam_20260408_102747_568618_bcc1","cantilever_beam","post_0913","102747","S8_pred","True","True","0.249","True","pass","True","success","0.666666666666667","0.833333333333333","True","54","True","10","4","pred_refine_lcb","0.544651277347359"
"run_cantilever_beam_20260408_102822_963418_31fb","cantilever_beam","post_0913","102822","S4_dual","True","True","0.249","True","pass","True","success","0.666666666666667","1","True","54","True","10","4","dual_refine_ei","0.576147100249417"
"run_cantilever_beam_20260408_102822_963418_31fb","cantilever_beam","post_0913","102822","S4_obj","True","True","0.249000000000176","True","pass","True","success","0.666666666666667","1","True","54","True","10","4","obj_refine_ei","0.549973265243105"
"run_cantilever_beam_20260408_102822_963418_31fb","cantilever_beam","post_0913","102822","S4_pred","True","True","0.249","True","pass","True","success","0.666666666666667","1","True","54","True","10","4","pred_refine_ei","0.543773554736548"
"run_cantilever_beam_20260408_102822_963418_31fb","cantilever_beam","post_0913","102822","S8_dual","True","True","0.249","True","pass","True","success","0.666666666666667","1","True","54","True","10","4","dual_gradient_refine","0.576147100249417"
"run_cantilever_beam_20260408_102822_963418_31fb","cantilever_beam","post_0913","102822","S8_obj","True","True","0.249000000000229","True","pass","True","success","0.666666666666667","1","True","54","True","10","4","obj_refine_lcb","0.549973265243105"
"run_cantilever_beam_20260408_102822_963418_31fb","cantilever_beam","post_0913","102822","S8_pred","True","True","0.249","True","pass","True","success","0.666666666666667","1","True","54","True","10","4","pred_refine_lcb","0.543773554736548"
"run_cantilever_beam_20260408_103116_598563_694a","cantilever_beam","post_0913","103116","S4_dual","True","True","0.249000000000152","True","pass","True","success","0.5","1","True","54","True","10","4","dual_refine_ei","0.582738550443296"
"run_cantilever_beam_20260408_103116_598563_694a","cantilever_beam","post_0913","103116","S4_obj","True","True","0.249000000000026","True","pass","True","success","0.5","1","True","54","True","10","4","obj_refine_ei","0.583199020743141"
"run_cantilever_beam_20260408_103116_598563_694a","cantilever_beam","post_0913","103116","S4_pred","True","True","0.249","True","pass","True","success","0.5","1","True","54","True","10","4","pred_refine_ei","0.581741137786996"
"run_cantilever_beam_20260408_103116_598563_694a","cantilever_beam","post_0913","103116","S8_dual","True","True","0.249000000000008","True","pass","True","success","0.5","1","True","54","True","10","4","dual_gradient_refine","0.582738550443296"
"run_cantilever_beam_20260408_103116_598563_694a","cantilever_beam","post_0913","103116","S8_obj","True","True","0.249000000000196","True","pass","True","success","0.5","1","True","54","True","10","4","obj_refine_lcb","0.583199020743141"
"run_cantilever_beam_20260408_103116_598563_694a","cantilever_beam","post_0913","103116","S8_pred","True","True","0.249","True","pass","True","success","0.5","1","True","54","True","10","4","pred_refine_lcb","0.581741137786996"
"run_cantilever_beam_20260408_103134_333938_797d","cantilever_beam","post_0913","103134","S4_dual","True","True","0.249000000000026","True","pass","True","success","0.5","1","True","54","True","10","4","dual_refine_ei","0.482412257467709"
"run_cantilever_beam_20260408_103134_333938_797d","cantilever_beam","post_0913","103134","S4_obj","True","True","0.249000000000105","True","pass","True","success","0.5","1","True","54","True","10","4","obj_refine_ei","0.567265608012158"
"run_cantilever_beam_20260408_103134_333938_797d","cantilever_beam","post_0913","103134","S4_pred","True","True","0.249","True","pass","True","success","0.5","1","True","54","True","10","4","pred_refine_ei","0.566157874062363"
"run_cantilever_beam_20260408_103134_333938_797d","cantilever_beam","post_0913","103134","S8_dual","True","True","0.2490000000003","True","pass","True","success","0.5","1","True","54","True","10","4","dual_gradient_refine","0.482412257467709"
"run_cantilever_beam_20260408_103134_333938_797d","cantilever_beam","post_0913","103134","S8_obj","True","True","0.249000000000225","True","pass","True","success","0.5","1","True","54","True","10","4","obj_refine_lcb","0.567265608012158"
"run_cantilever_beam_20260408_103134_333938_797d","cantilever_beam","post_0913","103134","S8_pred","True","True","0.249","True","pass","True","success","0.5","1","True","54","True","10","4","pred_refine_lcb","0.566157874062363"
"run_cantilever_beam_20260408_103434_041829_f168","cantilever_beam","post_0913","103434","S4_dual","True","True","0.249000000000244","True","pass","True","success","0.666666666666667","0.833333333333333","True","54","True","10","4","dual_refine_ei","0.602076069289272"
"run_cantilever_beam_20260408_103434_041829_f168","cantilever_beam","post_0913","103434","S4_obj","True","True","0.24900000000021","True","pass","True","success","0.666666666666667","0.833333333333333","True","54","True","10","4","obj_refine_ei","0.603149437927631"
"run_cantilever_beam_20260408_103434_041829_f168","cantilever_beam","post_0913","103434","S4_pred","True","True","0.249000000000042","True","pass","True","success","0.666666666666667","0.833333333333333","True","54","True","10","4","pred_refine_ei","0.601272158140387"
"run_cantilever_beam_20260408_103434_041829_f168","cantilever_beam","post_0913","103434","S8_dual","True","True","0.249000000000011","True","pass","True","success","0.666666666666667","0.833333333333333","True","54","True","10","4","dual_gradient_refine","0.602076069289272"
"run_cantilever_beam_20260408_103434_041829_f168","cantilever_beam","post_0913","103434","S8_obj","True","True","0.249000000000019","True","pass","True","success","0.666666666666667","0.833333333333333","True","54","True","10","4","obj_refine_lcb","0.603149437927631"
"run_cantilever_beam_20260408_103434_041829_f168","cantilever_beam","post_0913","103434","S8_pred","True","True","0.249000000000018","True","pass","True","success","0.666666666666667","0.833333333333333","True","54","True","10","4","pred_refine_lcb","0.601272158140387"
"run_cantilever_beam_20260408_103501_613757_52a9","cantilever_beam","post_0913","103501","S4_dual","False","False","0.249","True","over_shrink_fail","True","success","1","0.5","True","54","True","10","4","dual_refine_ei","0.559553917354656"
"run_cantilever_beam_20260408_103501_613757_52a9","cantilever_beam","post_0913","103501","S4_obj","True","True","0.249000000000215","True","pass","True","success","1","0.5","True","54","True","10","4","obj_refine_ei","0.552869997390911"
"run_cantilever_beam_20260408_103501_613757_52a9","cantilever_beam","post_0913","103501","S4_pred","False","False","0.249","True","over_shrink_fail","True","success","1","0.5","True","54","True","10","4","pred_refine_ei","0.56285913802989"
"run_cantilever_beam_20260408_103501_613757_52a9","cantilever_beam","post_0913","103501","S8_dual","False","False","0.249","True","over_shrink_fail","True","success","1","0.5","True","54","True","10","4","dual_gradient_refine","0.559553917354656"
"run_cantilever_beam_20260408_103501_613757_52a9","cantilever_beam","post_0913","103501","S8_obj","True","True","0.249000000000393","True","pass","True","success","1","0.5","True","54","True","10","4","obj_refine_lcb","0.552869997390911"
"run_cantilever_beam_20260408_103501_613757_52a9","cantilever_beam","post_0913","103501","S8_pred","True","True","0.249","True","pass","True","success","1","0.5","True","54","True","10","4","pred_refine_lcb","0.56285913802989"
"run_cantilever_beam_20260408_103825_505426_e794","cantilever_beam","post_0913","103825","S4_dual","True","True","0.249000000000149","True","pass","True","success","0.5","0.666666666666667","True","54","True","10","4","dual_refine_ei","0.574864526561488"
"run_cantilever_beam_20260408_103825_505426_e794","cantilever_beam","post_0913","103825","S4_obj","True","True","0.249000000000401","True","pass","True","success","0.5","0.666666666666667","True","54","True","10","4","obj_refine_ei","0.563218927392018"
"run_cantilever_beam_20260408_103825_505426_e794","cantilever_beam","post_0913","103825","S4_pred","True","True","0.249","True","pass","True","success","0.5","0.666666666666667","True","54","True","10","4","pred_refine_ei","0.541948339875459"
"run_cantilever_beam_20260408_103825_505426_e794","cantilever_beam","post_0913","103825","S8_dual","True","True","0.249000000000214","True","pass","True","success","0.5","0.666666666666667","True","54","True","10","4","dual_gradient_refine","0.574864526561488"
"run_cantilever_beam_20260408_103825_505426_e794","cantilever_beam","post_0913","103825","S8_obj","True","True","0.249000000000159","True","pass","True","success","0.5","0.666666666666667","True","54","True","10","4","obj_refine_lcb","0.563218927392018"
"run_cantilever_beam_20260408_103825_505426_e794","cantilever_beam","post_0913","103825","S8_pred","False","False","0.249","True","over_shrink_fail","True","success","0.5","0.666666666666667","True","54","True","10","4","pred_refine_lcb","0.541948339875459"
"run_cantilever_beam_20260408_103834_966986_8116","cantilever_beam","post_0913","103834","S4_dual","True","True","0.249000000000161","True","pass","True","success","0.833333333333333","0.333333333333333","True","54","True","10","4","dual_refine_ei","0.483970522772397"
"run_cantilever_beam_20260408_103834_966986_8116","cantilever_beam","post_0913","103834","S4_obj","True","True","0.249000000000368","True","pass","True","success","0.833333333333333","0.333333333333333","True","54","True","10","4","obj_refine_ei","0.483970522772397"
"run_cantilever_beam_20260408_103834_966986_8116","cantilever_beam","post_0913","103834","S4_pred","True","True","0.249000000000082","True","pass","True","success","0.833333333333333","0.333333333333333","True","54","True","10","4","pred_refine_ei","0.483970522772397"
"run_cantilever_beam_20260408_103834_966986_8116","cantilever_beam","post_0913","103834","S8_dual","True","True","0.24900000000002","True","pass","True","success","0.833333333333333","0.333333333333333","True","54","True","10","4","dual_gradient_refine","0.483970522772397"
"run_cantilever_beam_20260408_103834_966986_8116","cantilever_beam","post_0913","103834","S8_obj","True","True","0.249000000000034","True","pass","True","success","0.833333333333333","0.333333333333333","True","54","True","10","4","obj_refine_lcb","0.483970522772397"
"run_cantilever_beam_20260408_103834_966986_8116","cantilever_beam","post_0913","103834","S8_pred","True","True","0.249000000000082","True","pass","True","success","0.833333333333333","0.333333333333333","True","54","True","10","4","pred_refine_lcb","0.483970522772397"
"run_cantilever_beam_20260408_104151_739009_6428","cantilever_beam","post_0913","104151","S4_dual","False","False","0.249","True","over_shrink_fail","True","success","0.833333333333333","1","True","54","True","10","4","dual_refine_ei","0.541907099547099"
"run_cantilever_beam_20260408_104151_739009_6428","cantilever_beam","post_0913","104151","S4_obj","True","True","0.249000000000078","True","pass","True","success","0.833333333333333","1","True","54","True","10","4","obj_refine_ei","0.521356434674469"
"run_cantilever_beam_20260408_104151_739009_6428","cantilever_beam","post_0913","104151","S4_pred","False","False","0.249","True","over_shrink_fail","True","success","0.833333333333333","1","True","54","True","10","4","pred_refine_ei","0.538644292741593"
"run_cantilever_beam_20260408_104151_739009_6428","cantilever_beam","post_0913","104151","S8_dual","False","False","0.249","True","over_shrink_fail","True","success","0.833333333333333","1","True","54","True","10","4","dual_gradient_refine","0.541907099547099"
"run_cantilever_beam_20260408_104151_739009_6428","cantilever_beam","post_0913","104151","S8_obj","True","True","0.249000000000548","True","pass","True","success","0.833333333333333","1","True","54","True","10","4","obj_refine_lcb","0.521356434674469"
"run_cantilever_beam_20260408_104151_739009_6428","cantilever_beam","post_0913","104151","S8_pred","True","True","0.249","True","pass","True","success","0.833333333333333","1","True","54","True","10","4","pred_refine_lcb","0.538644292741593"
"run_cantilever_beam_20260408_104216_872580_4e40","cantilever_beam","post_0913","104216","S4_dual","False","False","0.249","True","over_shrink_fail","True","success","0.5","0.5","True","54","True","10","4","dual_refine_ei","0.621488124964001"
"run_cantilever_beam_20260408_104216_872580_4e40","cantilever_beam","post_0913","104216","S4_obj","True","True","0.249000000000187","True","pass","True","success","0.5","0.5","True","54","True","10","4","obj_refine_ei","0.632909720754701"
"run_cantilever_beam_20260408_104216_872580_4e40","cantilever_beam","post_0913","104216","S4_pred","False","False","0.249","True","over_shrink_fail","True","success","0.5","0.5","True","54","True","10","4","pred_refine_ei","0.61742019947986"
"run_cantilever_beam_20260408_104216_872580_4e40","cantilever_beam","post_0913","104216","S8_dual","False","False","0.249","True","over_shrink_fail","True","success","0.5","0.5","True","54","True","10","4","dual_gradient_refine","0.621488124964001"
"run_cantilever_beam_20260408_104216_872580_4e40","cantilever_beam","post_0913","104216","S8_obj","True","True","0.249000000000158","True","pass","True","success","0.5","0.5","True","54","True","10","4","obj_refine_lcb","0.632909720754701"
"run_cantilever_beam_20260408_104216_872580_4e40","cantilever_beam","post_0913","104216","S8_pred","False","False","0.249","True","over_shrink_fail","True","success","0.5","0.5","True","54","True","10","4","pred_refine_lcb","0.61742019947986"
"run_cantilever_beam_20260408_104530_526736_92b4","cantilever_beam","post_0913","104530","S4_dual","False","False","0.249000000000027","True","over_shrink_fail","True","success","0.5","0.666666666666667","True","54","True","10","4","dual_refine_ei","0.573128376942113"
"run_cantilever_beam_20260408_104530_526736_92b4","cantilever_beam","post_0913","104530","S4_obj","False","False","0.249000000000206","True","over_shrink_fail","True","success","0.5","0.666666666666667","True","54","True","10","4","obj_refine_ei","0.56530626730933"
"run_cantilever_beam_20260408_104530_526736_92b4","cantilever_beam","post_0913","104530","S4_pred","False","False","0.249","True","over_shrink_fail","True","success","0.5","0.666666666666667","True","54","True","10","4","pred_refine_ei","0.562416833596814"
"run_cantilever_beam_20260408_104530_526736_92b4","cantilever_beam","post_0913","104530","S8_dual","False","False","0.249000000000348","True","over_shrink_fail","True","success","0.5","0.666666666666667","True","54","True","10","4","dual_gradient_refine","0.573128376942113"
"run_cantilever_beam_20260408_104530_526736_92b4","cantilever_beam","post_0913","104530","S8_obj","False","False","0.249000000000157","True","over_shrink_fail","True","success","0.5","0.666666666666667","True","54","True","10","4","obj_refine_lcb","0.56530626730933"
"run_cantilever_beam_20260408_104530_526736_92b4","cantilever_beam","post_0913","104530","S8_pred","False","False","0.249","True","over_shrink_fail","True","success","0.5","0.666666666666667","True","54","True","10","4","pred_refine_lcb","0.562416833596814"
"run_cantilever_beam_20260408_104837_471973_9399","cantilever_beam","post_0913","104837","S4_dual","False","False","0.249000000000025","True","over_shrink_fail","True","success","0.833333333333333","0.833333333333333","True","54","True","10","4","dual_refine_ei","0.627859428281552"
"run_cantilever_beam_20260408_104837_471973_9399","cantilever_beam","post_0913","104837","S4_obj","False","False","0.249","True","over_shrink_fail","True","success","0.833333333333333","0.833333333333333","True","54","True","10","4","obj_refine_ei","0.627859428281552"
"run_cantilever_beam_20260408_104837_471973_9399","cantilever_beam","post_0913","104837","S4_pred","False","False","0.249000000000169","True","over_shrink_fail","True","success","0.833333333333333","0.833333333333333","True","54","True","10","4","pred_refine_ei","0.627859428281552"
"run_cantilever_beam_20260408_104837_471973_9399","cantilever_beam","post_0913","104837","S8_dual","False","False","0.249","True","over_shrink_fail","True","success","0.833333333333333","0.833333333333333","True","54","True","10","4","dual_gradient_refine","0.627859428281552"
"run_cantilever_beam_20260408_104837_471973_9399","cantilever_beam","post_0913","104837","S8_obj","False","False","0.249","True","over_shrink_fail","True","success","0.833333333333333","0.833333333333333","True","54","True","10","4","obj_refine_lcb","0.627859428281552"
"run_cantilever_beam_20260408_104837_471973_9399","cantilever_beam","post_0913","104837","S8_pred","False","False","0.249000000000329","True","over_shrink_fail","True","success","0.833333333333333","0.833333333333333","True","54","True","10","4","pred_refine_lcb","0.627859428281552"
"run_cantilever_beam_20260408_105130_887649_8a84","cantilever_beam","post_0913","105130","S4_dual","True","True","0.249","True","pass","True","success","0.833333333333333","0.666666666666667","True","54","True","10","4","dual_refine_ei","0.600465760981162"
"run_cantilever_beam_20260408_105130_887649_8a84","cantilever_beam","post_0913","105130","S4_obj","False","False","0.249000000000106","True","over_shrink_fail","True","success","0.833333333333333","0.666666666666667","True","54","True","10","4","obj_refine_ei","0.522315142703031"
"run_cantilever_beam_20260408_105130_887649_8a84","cantilever_beam","post_0913","105130","S4_pred","True","True","0.249000000000252","True","pass","True","success","0.833333333333333","0.666666666666667","True","54","True","10","4","pred_refine_ei","0.589574426046651"
"run_cantilever_beam_20260408_105130_887649_8a84","cantilever_beam","post_0913","105130","S8_dual","True","True","0.249","True","pass","True","success","0.833333333333333","0.666666666666667","True","54","True","10","4","dual_gradient_refine","0.600465760981162"
"run_cantilever_beam_20260408_105130_887649_8a84","cantilever_beam","post_0913","105130","S8_obj","False","False","0.249000000000211","True","over_shrink_fail","True","success","0.833333333333333","0.666666666666667","True","54","True","10","4","obj_refine_lcb","0.522315142703031"
"run_cantilever_beam_20260408_105130_887649_8a84","cantilever_beam","post_0913","105130","S8_pred","True","True","0.249000000000195","True","pass","True","success","0.833333333333333","0.666666666666667","True","54","True","10","4","pred_refine_lcb","0.589574426046651"
"run_cantilever_beam_20260408_105519_823625_9856","cantilever_beam","post_0913","105519","S4_dual","True","True","0.249000000000236","True","pass","True","success","0.833333333333333","0.833333333333333","True","54","True","10","4","dual_refine_ei","0.5740274419836"
"run_cantilever_beam_20260408_105519_823625_9856","cantilever_beam","post_0913","105519","S4_obj","True","True","0.249000000000139","True","pass","True","success","0.833333333333333","0.833333333333333","True","54","True","10","4","obj_refine_ei","0.573588839183628"
"run_cantilever_beam_20260408_105519_823625_9856","cantilever_beam","post_0913","105519","S4_pred","True","True","0.249000000000097","True","pass","True","success","0.833333333333333","0.833333333333333","True","54","True","10","4","pred_refine_ei","0.578888482163723"
"run_cantilever_beam_20260408_105519_823625_9856","cantilever_beam","post_0913","105519","S8_dual","True","True","0.249000000000216","True","pass","True","success","0.833333333333333","0.833333333333333","True","54","True","10","4","dual_gradient_refine","0.5740274419836"
"run_cantilever_beam_20260408_105519_823625_9856","cantilever_beam","post_0913","105519","S8_obj","True","True","0.249000000000287","True","pass","True","success","0.833333333333333","0.833333333333333","True","54","True","10","4","obj_refine_lcb","0.573588839183628"
"run_cantilever_beam_20260408_105519_823625_9856","cantilever_beam","post_0913","105519","S8_pred","True","True","0.249000000000167","True","pass","True","success","0.833333333333333","0.833333333333333","True","54","True","10","4","pred_refine_lcb","0.578888482163723"
"run_goldstein_price_20260408_104611_252633_9f5d","goldstein_price","post_0913","104611","S4_dual","True","True","0.249","True","pass","True","success","0.4","0.8","True","90","True","30","2","dual_refine_ei","0.60927313450826"
"run_goldstein_price_20260408_104611_252633_9f5d","goldstein_price","post_0913","104611","S4_obj","True","True","0.249000000000464","True","pass","True","success","0.4","0.8","True","90","True","30","2","obj_refine_ei","0.703118820187723"
"run_goldstein_price_20260408_104611_252633_9f5d","goldstein_price","post_0913","104611","S4_pred","False","False","0.249","True","over_shrink_fail","True","success","0.4","0.8","True","90","True","30","2","pred_refine_ei","0.731926697005191"
"run_goldstein_price_20260408_104611_252633_9f5d","goldstein_price","post_0913","104611","S8_dual","True","True","0.249","True","pass","True","success","0.4","0.8","True","90","True","30","2","dual_gradient_refine","0.60927313450826"
"run_goldstein_price_20260408_104611_252633_9f5d","goldstein_price","post_0913","104611","S8_obj","True","True","0.249","True","pass","True","success","0.4","0.8","True","90","True","30","2","obj_refine_lcb","0.703118820187723"
"run_goldstein_price_20260408_104611_252633_9f5d","goldstein_price","post_0913","104611","S8_pred","True","True","0.249","True","pass","True","success","0.4","0.8","True","90","True","30","2","pred_refine_lcb","0.731926697005191"
"run_goldstein_price_20260408_104810_542274_aba6","goldstein_price","post_0913","104810","S4_dual","True","True","0.249000000000416","True","pass","True","success","0.166666666666667","0.333333333333333","True","90","True","30","2","dual_refine_ei","0.220334997393923"
"run_goldstein_price_20260408_104810_542274_aba6","goldstein_price","post_0913","104810","S4_obj","True","True","0.249","True","pass","True","success","0.166666666666667","0.333333333333333","True","90","True","30","2","obj_refine_ei","0.220334997393923"
"run_goldstein_price_20260408_104810_542274_aba6","goldstein_price","post_0913","104810","S4_pred","False","False","0.249","True","over_shrink_fail","True","success","0.166666666666667","0.333333333333333","True","90","True","30","2","pred_refine_ei","0.220334997393923"
"run_goldstein_price_20260408_104810_542274_aba6","goldstein_price","post_0913","104810","S8_dual","True","True","0.249000000000425","True","pass","True","success","0.166666666666667","0.333333333333333","True","90","True","30","2","dual_gradient_refine","0.220334997393923"
"run_goldstein_price_20260408_104810_542274_aba6","goldstein_price","post_0913","104810","S8_obj","True","True","0.249","True","pass","True","success","0.166666666666667","0.333333333333333","True","90","True","30","2","obj_refine_lcb","0.220334997393923"
"run_goldstein_price_20260408_104810_542274_aba6","goldstein_price","post_0913","104810","S8_pred","False","False","0.249","True","over_shrink_fail","True","success","0.166666666666667","0.333333333333333","True","90","True","30","2","pred_refine_lcb","0.220334997393923"
"run_goldstein_price_20260408_105029_140016_5e62","goldstein_price","post_0913","105029","S4_dual","True","True","0.24900000000045","True","pass","True","success","0.333333333333333","1","True","90","True","30","2","dual_refine_ei","0.16568607524002"
"run_goldstein_price_20260408_105029_140016_5e62","goldstein_price","post_0913","105029","S4_obj","True","True","0.249","True","pass","True","success","0.333333333333333","1","True","90","True","30","2","obj_refine_ei","0.164523427215018"
"run_goldstein_price_20260408_105029_140016_5e62","goldstein_price","post_0913","105029","S4_pred","True","True","0.249000000000477","True","pass","True","success","0.333333333333333","1","True","90","True","30","2","pred_refine_ei","0.16568607524002"
"run_goldstein_price_20260408_105029_140016_5e62","goldstein_price","post_0913","105029","S8_dual","True","True","0.24900000000045","True","pass","True","success","0.333333333333333","1","True","90","True","30","2","dual_gradient_refine","0.16568607524002"
"run_goldstein_price_20260408_105029_140016_5e62","goldstein_price","post_0913","105029","S8_obj","True","True","0.249","True","pass","True","success","0.333333333333333","1","True","90","True","30","2","obj_refine_lcb","0.164523427215018"
"run_goldstein_price_20260408_105029_140016_5e62","goldstein_price","post_0913","105029","S8_pred","True","True","0.249000000000513","True","pass","True","success","0.333333333333333","1","True","90","True","30","2","pred_refine_lcb","0.16568607524002"
"run_goldstein_price_20260408_105144_868706_ec3d","goldstein_price","post_0913","105144","S4_dual","True","True","0.249","True","pass","True","success","0.166666666666667","0.833333333333333","True","90","False","30","2","dual_refine_ei","0.416889326878642"
"run_goldstein_price_20260408_105144_868706_ec3d","goldstein_price","post_0913","105144","S4_obj","True","True","0.24900000000035","True","pass","True","success","0.166666666666667","0.833333333333333","True","90","False","30","2","obj_refine_ei","0.414379246048274"
"run_goldstein_price_20260408_105144_868706_ec3d","goldstein_price","post_0913","105144","S4_pred","True","True","0.249","True","pass","True","success","0.166666666666667","0.833333333333333","True","90","False","30","2","pred_refine_ei","0.414379246048274"
"run_goldstein_price_20260408_105144_868706_ec3d","goldstein_price","post_0913","105144","S8_dual","True","True","0.249000000000309","True","pass","True","success","0.166666666666667","0.833333333333333","True","90","False","30","2","dual_gradient_refine","0.416889326878642"
"run_goldstein_price_20260408_105144_868706_ec3d","goldstein_price","post_0913","105144","S8_obj","True","True","0.249000000000324","True","pass","True","success","0.166666666666667","0.833333333333333","True","90","False","30","2","obj_refine_lcb","0.414379246048274"
"run_goldstein_price_20260408_105144_868706_ec3d","goldstein_price","post_0913","105144","S8_pred","False","False","0.249","True","over_shrink_fail","True","success","0.166666666666667","0.833333333333333","True","90","False","30","2","pred_refine_lcb","0.414379246048274"
"run_goldstein_price_20260408_105329_951671_bbc0","goldstein_price","post_0913","105329","S4_dual","True","True","0.249","True","pass","True","success","0","0.333333333333333","True","90","False","30","2","dual_refine_ei","0.556005671105529"
"run_goldstein_price_20260408_105329_951671_bbc0","goldstein_price","post_0913","105329","S4_obj","True","True","0.249000000000115","True","pass","True","success","0","0.333333333333333","True","90","False","30","2","obj_refine_ei","0.60874333464849"
"run_goldstein_price_20260408_105329_951671_bbc0","goldstein_price","post_0913","105329","S4_pred","True","True","0.249000000000387","True","pass","True","success","0","0.333333333333333","True","90","False","30","2","pred_refine_ei","0.584129387387682"
"run_goldstein_price_20260408_105329_951671_bbc0","goldstein_price","post_0913","105329","S8_dual","True","True","0.249000000000364","True","pass","True","success","0","0.333333333333333","True","90","False","30","2","dual_gradient_refine","0.556005671105529"
"run_goldstein_price_20260408_105329_951671_bbc0","goldstein_price","post_0913","105329","S8_obj","True","True","0.249000000000115","True","pass","True","success","0","0.333333333333333","True","90","False","30","2","obj_refine_lcb","0.60874333464849"
"run_goldstein_price_20260408_105329_951671_bbc0","goldstein_price","post_0913","105329","S8_pred","True","True","0.249000000000387","True","pass","True","success","0","0.333333333333333","True","90","False","30","2","pred_refine_lcb","0.584129387387682"
"run_goldstein_price_20260408_105450_046823_a907","goldstein_price","post_0913","105450","S4_dual","True","True","0.249","True","pass","True","success","0.333333333333333","1","True","90","True","30","2","dual_refine_ei","0.363102401851633"
"run_goldstein_price_20260408_105450_046823_a907","goldstein_price","post_0913","105450","S4_obj","True","True","0.249","True","pass","True","success","0.333333333333333","1","True","90","True","30","2","obj_refine_ei","0.384665091236387"
"run_goldstein_price_20260408_105450_046823_a907","goldstein_price","post_0913","105450","S4_pred","False","False","0.249000000000588","True","over_shrink_fail","True","success","0.333333333333333","1","True","90","True","30","2","pred_refine_ei","0.37527218700668"
"run_goldstein_price_20260408_105450_046823_a907","goldstein_price","post_0913","105450","S8_dual","True","True","0.249","True","pass","True","success","0.333333333333333","1","True","90","True","30","2","dual_gradient_refine","0.363102401851633"
"run_goldstein_price_20260408_105450_046823_a907","goldstein_price","post_0913","105450","S8_obj","True","True","0.249","True","pass","True","success","0.333333333333333","1","True","90","True","30","2","obj_refine_lcb","0.384665091236387"
"run_goldstein_price_20260408_105450_046823_a907","goldstein_price","post_0913","105450","S8_pred","False","False","0.249","True","over_shrink_fail","True","success","0.333333333333333","1","True","90","True","30","2","pred_refine_lcb","0.37527218700668"
"run_goldstein_price_20260408_105603_976519_41f5","goldstein_price","post_0913","105603","S4_dual","True","True","0.249000000000303","True","pass","True","success","0.5","0.666666666666667","True","90","True","30","2","dual_refine_ei","0.153707081589685"
"run_goldstein_price_20260408_105603_976519_41f5","goldstein_price","post_0913","105603","S4_obj","True","True","0.249","True","pass","True","success","0.5","0.666666666666667","True","90","True","30","2","obj_refine_ei","0.153707081589685"
"run_goldstein_price_20260408_105603_976519_41f5","goldstein_price","post_0913","105603","S4_pred","False","False","0.24900000000026","True","over_shrink_fail","True","success","0.5","0.666666666666667","True","90","True","30","2","pred_refine_ei","0.153707081589685"
"run_goldstein_price_20260408_105603_976519_41f5","goldstein_price","post_0913","105603","S8_dual","True","True","0.249","True","pass","True","success","0.5","0.666666666666667","True","90","True","30","2","dual_gradient_refine","0.153707081589685"
"run_goldstein_price_20260408_105603_976519_41f5","goldstein_price","post_0913","105603","S8_obj","True","True","0.249000000000301","True","pass","True","success","0.5","0.666666666666667","True","90","True","30","2","obj_refine_lcb","0.153707081589685"
"run_goldstein_price_20260408_105603_976519_41f5","goldstein_price","post_0913","105603","S8_pred","False","False","0.249000000000105","True","over_shrink_fail","True","success","0.5","0.666666666666667","True","90","True","30","2","pred_refine_lcb","0.153707081589685"
"run_goldstein_price_20260408_105745_200240_3c86","goldstein_price","post_0913","105745","S4_dual","True","True","0.249000000000164","True","pass","True","success","0.166666666666667","0.166666666666667","True","90","True","30","2","dual_refine_ei","0.199719288642297"
"run_goldstein_price_20260408_105745_200240_3c86","goldstein_price","post_0913","105745","S4_obj","True","True","0.249000000000015","True","pass","True","success","0.166666666666667","0.166666666666667","True","90","True","30","2","obj_refine_ei","0.222219140050014"
"run_goldstein_price_20260408_105745_200240_3c86","goldstein_price","post_0913","105745","S4_pred","True","True","0.249000000000358","True","pass","True","success","0.166666666666667","0.166666666666667","True","90","True","30","2","pred_refine_ei","0.21581072671925"
"run_goldstein_price_20260408_105745_200240_3c86","goldstein_price","post_0913","105745","S8_dual","True","True","0.249","True","pass","True","success","0.166666666666667","0.166666666666667","True","90","True","30","2","dual_gradient_refine","0.199719288642297"
"run_goldstein_price_20260408_105745_200240_3c86","goldstein_price","post_0913","105745","S8_obj","True","True","0.249000000000218","True","pass","True","success","0.166666666666667","0.166666666666667","True","90","True","30","2","obj_refine_lcb","0.222219140050014"
"run_goldstein_price_20260408_105745_200240_3c86","goldstein_price","post_0913","105745","S8_pred","False","False","0.249","True","over_shrink_fail","True","success","0.166666666666667","0.166666666666667","True","90","True","30","2","pred_refine_lcb","0.21581072671925"
"run_goldstein_price_20260408_105851_274854_2dbd","goldstein_price","post_0913","105851","S4_dual","True","True","0.249","True","pass","True","success","0","0.666666666666667","True","90","False","30","2","dual_refine_ei","0.349034167932588"
"run_goldstein_price_20260408_105851_274854_2dbd","goldstein_price","post_0913","105851","S4_obj","True","True","0.249000000000396","True","pass","True","success","0","0.666666666666667","True","90","False","30","2","obj_refine_ei","0.368153583168176"
"run_goldstein_price_20260408_105851_274854_2dbd","goldstein_price","post_0913","105851","S4_pred","True","True","0.249000000000157","True","pass","True","success","0","0.666666666666667","True","90","False","30","2","pred_refine_ei","0.400823835292488"
"run_goldstein_price_20260408_105851_274854_2dbd","goldstein_price","post_0913","105851","S8_dual","True","True","0.249000000000445","True","pass","True","success","0","0.666666666666667","True","90","False","30","2","dual_gradient_refine","0.349034167932588"
"run_goldstein_price_20260408_105851_274854_2dbd","goldstein_price","post_0913","105851","S8_obj","True","True","0.249","True","pass","True","success","0","0.666666666666667","True","90","False","30","2","obj_refine_lcb","0.368153583168176"
"run_goldstein_price_20260408_105851_274854_2dbd","goldstein_price","post_0913","105851","S8_pred","True","True","0.24900000000051","True","pass","True","success","0","0.666666666666667","True","90","False","30","2","pred_refine_lcb","0.400823835292488"
"run_goldstein_price_20260408_105902_579817_3b5d","goldstein_price","post_0913","105902","S4_dual","True","True","0.249000000000453","True","pass","True","success","0","0.666666666666667","True","90","False","30","2","dual_refine_ei","0.468695537553766"
"run_goldstein_price_20260408_105902_579817_3b5d","goldstein_price","post_0913","105902","S4_obj","True","True","0.249","True","pass","True","success","0","0.666666666666667","True","90","False","30","2","obj_refine_ei","0.487864201834305"
"run_goldstein_price_20260408_105902_579817_3b5d","goldstein_price","post_0913","105902","S4_pred","True","True","0.249000000000419","True","pass","True","success","0","0.666666666666667","True","90","False","30","2","pred_refine_ei","0.480847789799622"
"run_goldstein_price_20260408_105902_579817_3b5d","goldstein_price","post_0913","105902","S8_dual","True","True","0.249000000000451","True","pass","True","success","0","0.666666666666667","True","90","False","30","2","dual_gradient_refine","0.468695537553766"
"run_goldstein_price_20260408_105902_579817_3b5d","goldstein_price","post_0913","105902","S8_obj","True","True","0.249","True","pass","True","success","0","0.666666666666667","True","90","False","30","2","obj_refine_lcb","0.487864201834305"
"run_goldstein_price_20260408_105902_579817_3b5d","goldstein_price","post_0913","105902","S8_pred","True","True","0.249000000000433","True","pass","True","success","0","0.666666666666667","True","90","False","30","2","pred_refine_lcb","0.480847789799622"
"run_goldstein_price_20260408_105948_862048_96f0","goldstein_price","post_0913","105948","S4_dual","True","True","0.249000000000396","True","pass","True","success","0.166666666666667","0.5","True","90","False","30","2","dual_refine_ei","0.345381739304711"
"run_goldstein_price_20260408_105948_862048_96f0","goldstein_price","post_0913","105948","S4_obj","True","True","0.249","True","pass","True","success","0.166666666666667","0.5","True","90","False","30","2","obj_refine_ei","0.267528954222894"
"run_goldstein_price_20260408_105948_862048_96f0","goldstein_price","post_0913","105948","S4_pred","True","True","0.249","True","pass","True","success","0.166666666666667","0.5","True","90","False","30","2","pred_refine_ei","0.267528954222894"
"run_goldstein_price_20260408_105948_862048_96f0","goldstein_price","post_0913","105948","S8_dual","True","True","0.249","True","pass","True","success","0.166666666666667","0.5","True","90","False","30","2","dual_gradient_refine","0.345381739304711"
"run_goldstein_price_20260408_105948_862048_96f0","goldstein_price","post_0913","105948","S8_obj","True","True","0.249","True","pass","True","success","0.166666666666667","0.5","True","90","False","30","2","obj_refine_lcb","0.267528954222894"
"run_goldstein_price_20260408_105948_862048_96f0","goldstein_price","post_0913","105948","S8_pred","True","True","0.249","True","pass","True","success","0.166666666666667","0.5","True","90","False","30","2","pred_refine_lcb","0.267528954222894"
"run_goldstein_price_20260408_110037_794413_64de","goldstein_price","post_0913","110037","S4_dual","True","True","0.249","True","pass","True","success","0.5","0.833333333333333","True","90","True","30","2","dual_refine_ei","0.357702193714126"
"run_goldstein_price_20260408_110037_794413_64de","goldstein_price","post_0913","110037","S4_obj","True","True","0.249000000000439","True","pass","True","success","0.5","0.833333333333333","True","90","True","30","2","obj_refine_ei","0.357702193714126"
"run_goldstein_price_20260408_110037_794413_64de","goldstein_price","post_0913","110037","S4_pred","False","False","0.249","True","over_shrink_fail","True","success","0.5","0.833333333333333","True","90","True","30","2","pred_refine_ei","0.442196283625421"
"run_goldstein_price_20260408_110037_794413_64de","goldstein_price","post_0913","110037","S8_dual","True","True","0.249000000000349","True","pass","True","success","0.5","0.833333333333333","True","90","True","30","2","dual_gradient_refine","0.357702193714126"
"run_goldstein_price_20260408_110037_794413_64de","goldstein_price","post_0913","110037","S8_obj","True","True","0.249","True","pass","True","success","0.5","0.833333333333333","True","90","True","30","2","obj_refine_lcb","0.357702193714126"
"run_goldstein_price_20260408_110037_794413_64de","goldstein_price","post_0913","110037","S8_pred","False","False","0.249","True","over_shrink_fail","True","success","0.5","0.833333333333333","True","90","True","30","2","pred_refine_lcb","0.442196283625421"
"run_goldstein_price_20260408_110054_246092_e78f","goldstein_price","post_0913","110054","S4_dual","True","True","0.249000000000446","True","pass","True","success","0.166666666666667","0.5","True","90","False","30","2","dual_refine_ei","0.477326672240355"
"run_goldstein_price_20260408_110054_246092_e78f","goldstein_price","post_0913","110054","S4_obj","True","True","0.249","True","pass","True","success","0.166666666666667","0.5","True","90","False","30","2","obj_refine_ei","0.477326672240355"
"run_goldstein_price_20260408_110054_246092_e78f","goldstein_price","post_0913","110054","S4_pred","True","True","0.249","True","pass","True","success","0.166666666666667","0.5","True","90","False","30","2","pred_refine_ei","0.477326672240355"
"run_goldstein_price_20260408_110054_246092_e78f","goldstein_price","post_0913","110054","S8_dual","True","True","0.249000000000444","True","pass","True","success","0.166666666666667","0.5","True","90","False","30","2","dual_gradient_refine","0.477326672240355"
"run_goldstein_price_20260408_110054_246092_e78f","goldstein_price","post_0913","110054","S8_obj","True","True","0.249","True","pass","True","success","0.166666666666667","0.5","True","90","False","30","2","obj_refine_lcb","0.477326672240355"
"run_goldstein_price_20260408_110054_246092_e78f","goldstein_price","post_0913","110054","S8_pred","True","True","0.249","True","pass","True","success","0.166666666666667","0.5","True","90","False","30","2","pred_refine_lcb","0.477326672240355"
"run_goldstein_price_20260408_110140_613323_2f0e","goldstein_price","post_0913","110140","S4_dual","True","True","0.249000000000456","True","pass","True","success","0.166666666666667","0.333333333333333","True","90","False","30","2","dual_refine_ei","0.509822209634111"
"run_goldstein_price_20260408_110140_613323_2f0e","goldstein_price","post_0913","110140","S4_obj","True","True","0.249000000000436","True","pass","True","success","0.166666666666667","0.333333333333333","True","90","False","30","2","obj_refine_ei","0.390552898775075"
"run_goldstein_price_20260408_110140_613323_2f0e","goldstein_price","post_0913","110140","S4_pred","True","True","0.249000000000469","True","pass","True","success","0.166666666666667","0.333333333333333","True","90","False","30","2","pred_refine_ei","0.541205976292442"
"run_goldstein_price_20260408_110140_613323_2f0e","goldstein_price","post_0913","110140","S8_dual","True","True","0.24900000000045","True","pass","True","success","0.166666666666667","0.333333333333333","True","90","False","30","2","dual_gradient_refine","0.509822209634111"
"run_goldstein_price_20260408_110140_613323_2f0e","goldstein_price","post_0913","110140","S8_obj","True","True","0.249000000000435","True","pass","True","success","0.166666666666667","0.333333333333333","True","90","False","30","2","obj_refine_lcb","0.390552898775075"
"run_goldstein_price_20260408_110140_613323_2f0e","goldstein_price","post_0913","110140","S8_pred","True","True","0.24900000000046","True","pass","True","success","0.166666666666667","0.333333333333333","True","90","False","30","2","pred_refine_lcb","0.541205976292442"
"run_goldstein_price_20260408_110236_600060_2dfe","goldstein_price","post_0913","110236","S4_dual","True","True","0.249000000000481","True","pass","True","success","0.166666666666667","0.666666666666667","True","90","False","30","2","dual_refine_ei","0.306216115030868"
"run_goldstein_price_20260408_110236_600060_2dfe","goldstein_price","post_0913","110236","S4_obj","True","True","0.249","True","pass","True","success","0.166666666666667","0.666666666666667","True","90","False","30","2","obj_refine_ei","0.40359269360288"
"run_goldstein_price_20260408_110236_600060_2dfe","goldstein_price","post_0913","110236","S4_pred","False","False","0.249000000000227","True","over_shrink_fail","True","success","0.166666666666667","0.666666666666667","True","90","False","30","2","pred_refine_ei","0.306216115030868"
"run_goldstein_price_20260408_110236_600060_2dfe","goldstein_price","post_0913","110236","S8_dual","True","True","0.249","True","pass","True","success","0.166666666666667","0.666666666666667","True","90","False","30","2","dual_gradient_refine","0.306216115030868"
"run_goldstein_price_20260408_110236_600060_2dfe","goldstein_price","post_0913","110236","S8_obj","True","True","0.249","True","pass","True","success","0.166666666666667","0.666666666666667","True","90","False","30","2","obj_refine_lcb","0.40359269360288"
"run_goldstein_price_20260408_110236_600060_2dfe","goldstein_price","post_0913","110236","S8_pred","False","False","0.249000000000227","True","over_shrink_fail","True","success","0.166666666666667","0.666666666666667","True","90","False","30","2","pred_refine_lcb","0.306216115030868"
"run_goldstein_price_20260408_110243_123294_947d","goldstein_price","post_0913","110243","S4_dual","True","True","0.249","True","pass","True","success","0.166666666666667","0.5","True","90","False","30","2","dual_refine_ei","0.556949188352065"
"run_goldstein_price_20260408_110243_123294_947d","goldstein_price","post_0913","110243","S4_obj","True","True","0.249000000000007","True","pass","True","success","0.166666666666667","0.5","True","90","False","30","2","obj_refine_ei","0.579236782949624"
"run_goldstein_price_20260408_110243_123294_947d","goldstein_price","post_0913","110243","S4_pred","False","False","0.249","True","over_shrink_fail","True","success","0.166666666666667","0.5","True","90","False","30","2","pred_refine_ei","0.582224063838481"
"run_goldstein_price_20260408_110243_123294_947d","goldstein_price","post_0913","110243","S8_dual","True","True","0.249","True","pass","True","success","0.166666666666667","0.5","True","90","False","30","2","dual_gradient_refine","0.556949188352065"
"run_goldstein_price_20260408_110243_123294_947d","goldstein_price","post_0913","110243","S8_obj","True","True","0.249000000000059","True","pass","True","success","0.166666666666667","0.5","True","90","False","30","2","obj_refine_lcb","0.579236782949624"
"run_goldstein_price_20260408_110243_123294_947d","goldstein_price","post_0913","110243","S8_pred","True","True","0.249000000000436","True","pass","True","success","0.166666666666667","0.5","True","90","False","30","2","pred_refine_lcb","0.582224063838481"
"run_goldstein_price_20260408_110337_966718_335b","goldstein_price","post_0913","110337","S4_dual","True","True","0.249","True","pass","True","success","0.833333333333333","0.333333333333333","True","90","True","30","2","dual_refine_ei","0.215277131535821"
"run_goldstein_price_20260408_110337_966718_335b","goldstein_price","post_0913","110337","S4_obj","True","True","0.249000000000449","True","pass","True","success","0.833333333333333","0.333333333333333","True","90","True","30","2","obj_refine_ei","0.233429906826658"
"run_goldstein_price_20260408_110337_966718_335b","goldstein_price","post_0913","110337","S4_pred","False","False","0.249","True","over_shrink_fail","True","success","0.833333333333333","0.333333333333333","True","90","True","30","2","pred_refine_ei","0.232877873832502"
"run_goldstein_price_20260408_110337_966718_335b","goldstein_price","post_0913","110337","S8_dual","True","True","0.249000000000396","True","pass","True","success","0.833333333333333","0.333333333333333","True","90","True","30","2","dual_gradient_refine","0.215277131535821"
"run_goldstein_price_20260408_110337_966718_335b","goldstein_price","post_0913","110337","S8_obj","True","True","0.249","True","pass","True","success","0.833333333333333","0.333333333333333","True","90","True","30","2","obj_refine_lcb","0.233429906826658"
"run_goldstein_price_20260408_110337_966718_335b","goldstein_price","post_0913","110337","S8_pred","False","False","0.249000000000709","True","over_shrink_fail","True","success","0.833333333333333","0.333333333333333","True","90","True","30","2","pred_refine_lcb","0.232877873832502"
"run_goldstein_price_20260408_110436_376781_6a84","goldstein_price","post_0913","110436","S4_dual","True","True","0.249","True","pass","True","success","0.5","0.666666666666667","True","90","True","30","2","dual_refine_ei","0.130912412819965"
"run_goldstein_price_20260408_110436_376781_6a84","goldstein_price","post_0913","110436","S4_obj","True","True","0.24900000000043","True","pass","True","success","0.5","0.666666666666667","True","90","True","30","2","obj_refine_ei","0.272077636903743"
"run_goldstein_price_20260408_110436_376781_6a84","goldstein_price","post_0913","110436","S4_pred","True","True","0.2490000000002","True","pass","True","success","0.5","0.666666666666667","True","90","True","30","2","pred_refine_ei","0.130912412819965"
"run_goldstein_price_20260408_110436_376781_6a84","goldstein_price","post_0913","110436","S8_dual","True","True","0.249","True","pass","True","success","0.5","0.666666666666667","True","90","True","30","2","dual_gradient_refine","0.130912412819965"
"run_goldstein_price_20260408_110436_376781_6a84","goldstein_price","post_0913","110436","S8_obj","True","True","0.249","True","pass","True","success","0.5","0.666666666666667","True","90","True","30","2","obj_refine_lcb","0.272077636903743"
"run_goldstein_price_20260408_110436_376781_6a84","goldstein_price","post_0913","110436","S8_pred","True","True","0.249000000000196","True","pass","True","success","0.5","0.666666666666667","True","90","True","30","2","pred_refine_lcb","0.130912412819965"
"run_goldstein_price_20260408_110440_646138_11e7","goldstein_price","post_0913","110440","S4_dual","True","True","0.249","True","pass","True","success","0.5","0.666666666666667","True","90","True","30","2","dual_refine_ei","0.393466147642244"
"run_goldstein_price_20260408_110440_646138_11e7","goldstein_price","post_0913","110440","S4_obj","True","True","0.249","True","pass","True","success","0.5","0.666666666666667","True","90","True","30","2","obj_refine_ei","0.444796002342639"
"run_goldstein_price_20260408_110440_646138_11e7","goldstein_price","post_0913","110440","S4_pred","False","False","0.249","True","over_shrink_fail","True","success","0.5","0.666666666666667","True","90","True","30","2","pred_refine_ei","0.416868494677214"
"run_goldstein_price_20260408_110440_646138_11e7","goldstein_price","post_0913","110440","S8_dual","True","True","0.249","True","pass","True","success","0.5","0.666666666666667","True","90","True","30","2","dual_gradient_refine","0.393466147642244"
"run_goldstein_price_20260408_110440_646138_11e7","goldstein_price","post_0913","110440","S8_obj","True","True","0.249","True","pass","True","success","0.5","0.666666666666667","True","90","True","30","2","obj_refine_lcb","0.444796002342639"
"run_goldstein_price_20260408_110440_646138_11e7","goldstein_price","post_0913","110440","S8_pred","False","False","0.249","True","over_shrink_fail","True","success","0.5","0.666666666666667","True","90","True","30","2","pred_refine_lcb","0.416868494677214"
"run_goldstein_price_20260408_110546_146344_6456","goldstein_price","post_0913","110546","S4_dual","True","True","0.249","True","pass","True","success","0.166666666666667","0.5","True","90","True","30","2","dual_refine_ei","0.590214773467559"
"run_goldstein_price_20260408_110546_146344_6456","goldstein_price","post_0913","110546","S4_obj","True","True","0.249","True","pass","True","success","0.166666666666667","0.5","True","90","True","30","2","obj_refine_ei","0.766967248114718"
"run_goldstein_price_20260408_110546_146344_6456","goldstein_price","post_0913","110546","S4_pred","True","True","0.249","True","pass","True","success","0.166666666666667","0.5","True","90","True","30","2","pred_refine_ei","0.681193506020087"
"run_goldstein_price_20260408_110546_146344_6456","goldstein_price","post_0913","110546","S8_dual","True","True","0.249","True","pass","True","success","0.166666666666667","0.5","True","90","True","30","2","dual_gradient_refine","0.590214773467559"
"run_goldstein_price_20260408_110546_146344_6456","goldstein_price","post_0913","110546","S8_obj","True","True","0.249","True","pass","True","success","0.166666666666667","0.5","True","90","True","30","2","obj_refine_lcb","0.766967248114718"
"run_goldstein_price_20260408_110546_146344_6456","goldstein_price","post_0913","110546","S8_pred","True","True","0.249000000000457","True","pass","True","success","0.166666666666667","0.5","True","90","True","30","2","pred_refine_lcb","0.681193506020087"
"run_goldstein_price_20260408_110558_444687_5f3b","goldstein_price","post_0913","110558","S4_dual","True","True","0.249","True","pass","True","success","0.166666666666667","0.166666666666667","True","90","False","30","2","dual_refine_ei","0.0715869161353326"
"run_goldstein_price_20260408_110558_444687_5f3b","goldstein_price","post_0913","110558","S4_obj","True","True","0.249","True","pass","True","success","0.166666666666667","0.166666666666667","True","90","False","30","2","obj_refine_ei","0.0715869161353326"
"run_goldstein_price_20260408_110558_444687_5f3b","goldstein_price","post_0913","110558","S4_pred","False","False","0.249","True","over_shrink_fail","True","success","0.166666666666667","0.166666666666667","True","90","False","30","2","pred_refine_ei","0.0715869161353326"
"run_goldstein_price_20260408_110558_444687_5f3b","goldstein_price","post_0913","110558","S8_dual","True","True","0.249","True","pass","True","success","0.166666666666667","0.166666666666667","True","90","False","30","2","dual_gradient_refine","0.0715869161353326"
"run_goldstein_price_20260408_110558_444687_5f3b","goldstein_price","post_0913","110558","S8_obj","True","True","0.249","True","pass","True","success","0.166666666666667","0.166666666666667","True","90","False","30","2","obj_refine_lcb","0.0715869161353326"
"run_goldstein_price_20260408_110558_444687_5f3b","goldstein_price","post_0913","110558","S8_pred","False","False","0.249","True","over_shrink_fail","True","success","0.166666666666667","0.166666666666667","True","90","False","30","2","pred_refine_lcb","0.0715869161353326"
"run_goldstein_price_20260408_110644_939223_6b3c","goldstein_price","post_0913","110644","S4_dual","True","True","0.249000000000415","True","pass","True","success","0","0.333333333333333","True","90","False","30","2","dual_refine_ei","0.353246278841927"
"run_goldstein_price_20260408_110644_939223_6b3c","goldstein_price","post_0913","110644","S4_obj","True","True","0.249","True","pass","True","success","0","0.333333333333333","True","90","False","30","2","obj_refine_ei","0.343330880601183"
"run_goldstein_price_20260408_110644_939223_6b3c","goldstein_price","post_0913","110644","S4_pred","True","True","0.24900000000023","True","pass","True","success","0","0.333333333333333","True","90","False","30","2","pred_refine_ei","0.350835836319604"
"run_goldstein_price_20260408_110644_939223_6b3c","goldstein_price","post_0913","110644","S8_dual","True","True","0.249000000000408","True","pass","True","success","0","0.333333333333333","True","90","False","30","2","dual_gradient_refine","0.353246278841927"
"run_goldstein_price_20260408_110644_939223_6b3c","goldstein_price","post_0913","110644","S8_obj","True","True","0.249","True","pass","True","success","0","0.333333333333333","True","90","False","30","2","obj_refine_lcb","0.343330880601183"
"run_goldstein_price_20260408_110644_939223_6b3c","goldstein_price","post_0913","110644","S8_pred","True","True","0.249","True","pass","True","success","0","0.333333333333333","True","90","False","30","2","pred_refine_lcb","0.350835836319604"
"run_goldstein_price_20260408_110735_644415_eddf","goldstein_price","post_0913","110735","S4_dual","True","True","0.249","True","pass","True","success","0.166666666666667","0.333333333333333","True","90","False","30","2","dual_refine_ei","0.45734263974893"
"run_goldstein_price_20260408_110735_644415_eddf","goldstein_price","post_0913","110735","S4_obj","True","True","0.249","True","pass","True","success","0.166666666666667","0.333333333333333","True","90","False","30","2","obj_refine_ei","0.45734263974893"
"run_goldstein_price_20260408_110735_644415_eddf","goldstein_price","post_0913","110735","S4_pred","True","True","0.249","True","pass","True","success","0.166666666666667","0.333333333333333","True","90","False","30","2","pred_refine_ei","0.480531605342486"
"run_goldstein_price_20260408_110735_644415_eddf","goldstein_price","post_0913","110735","S8_dual","True","True","0.249000000000502","True","pass","True","success","0.166666666666667","0.333333333333333","True","90","False","30","2","dual_gradient_refine","0.45734263974893"
"run_goldstein_price_20260408_110735_644415_eddf","goldstein_price","post_0913","110735","S8_obj","True","True","0.249","True","pass","True","success","0.166666666666667","0.333333333333333","True","90","False","30","2","obj_refine_lcb","0.45734263974893"
"run_goldstein_price_20260408_110735_644415_eddf","goldstein_price","post_0913","110735","S8_pred","True","True","0.249","True","pass","True","success","0.166666666666667","0.333333333333333","True","90","False","30","2","pred_refine_lcb","0.480531605342486"
"run_goldstein_price_20260408_110746_186722_541b","goldstein_price","post_0913","110746","S4_dual","True","True","0.249000000000294","True","pass","True","success","0.333333333333333","0.166666666666667","True","90","False","30","2","dual_refine_ei","0.277020320689617"
"run_goldstein_price_20260408_110746_186722_541b","goldstein_price","post_0913","110746","S4_obj","True","True","0.249","True","pass","True","success","0.333333333333333","0.166666666666667","True","90","False","30","2","obj_refine_ei","0.277020320689617"
"run_goldstein_price_20260408_110746_186722_541b","goldstein_price","post_0913","110746","S4_pred","True","True","0.249","True","pass","True","success","0.333333333333333","0.166666666666667","True","90","False","30","2","pred_refine_ei","0.277020320689617"
"run_goldstein_price_20260408_110746_186722_541b","goldstein_price","post_0913","110746","S8_dual","True","True","0.249","True","pass","True","success","0.333333333333333","0.166666666666667","True","90","False","30","2","dual_gradient_refine","0.277020320689617"
"run_goldstein_price_20260408_110746_186722_541b","goldstein_price","post_0913","110746","S8_obj","True","True","0.249","True","pass","True","success","0.333333333333333","0.166666666666667","True","90","False","30","2","obj_refine_lcb","0.277020320689617"
"run_goldstein_price_20260408_110746_186722_541b","goldstein_price","post_0913","110746","S8_pred","True","True","0.249","True","pass","True","success","0.333333333333333","0.166666666666667","True","90","False","30","2","pred_refine_lcb","0.277020320689617"
"run_goldstein_price_20260408_110847_759969_b664","goldstein_price","post_0913","110847","S4_dual","True","True","0.249","True","pass","True","success","0.5","0.333333333333333","True","90","True","30","2","dual_refine_ei","0.467092276847779"
"run_goldstein_price_20260408_110847_759969_b664","goldstein_price","post_0913","110847","S4_obj","True","True","0.249","True","pass","True","success","0.5","0.333333333333333","True","90","True","30","2","obj_refine_ei","0.477271428159491"
"run_goldstein_price_20260408_110847_759969_b664","goldstein_price","post_0913","110847","S4_pred","False","False","0.249","True","over_shrink_fail","True","success","0.5","0.333333333333333","True","90","True","30","2","pred_refine_ei","0.477271428159491"
"run_goldstein_price_20260408_110847_759969_b664","goldstein_price","post_0913","110847","S8_dual","True","True","0.249","True","pass","True","success","0.5","0.333333333333333","True","90","True","30","2","dual_gradient_refine","0.467092276847779"
"run_goldstein_price_20260408_110847_759969_b664","goldstein_price","post_0913","110847","S8_obj","True","True","0.249","True","pass","True","success","0.5","0.333333333333333","True","90","True","30","2","obj_refine_lcb","0.477271428159491"
"run_goldstein_price_20260408_110847_759969_b664","goldstein_price","post_0913","110847","S8_pred","False","False","0.249","True","over_shrink_fail","True","success","0.5","0.333333333333333","True","90","True","30","2","pred_refine_lcb","0.477271428159491"
"run_goldstein_price_20260408_110903_975182_cd2f","goldstein_price","post_0913","110903","S4_dual","True","True","0.249","True","pass","True","success","0","0.166666666666667","True","90","False","30","2","dual_refine_ei","0.499814746793659"
"run_goldstein_price_20260408_110903_975182_cd2f","goldstein_price","post_0913","110903","S4_obj","True","True","0.249","True","pass","True","success","0","0.166666666666667","True","90","False","30","2","obj_refine_ei","0.240125380051707"
"run_goldstein_price_20260408_110903_975182_cd2f","goldstein_price","post_0913","110903","S4_pred","False","False","0.24900000000046","True","over_shrink_fail","True","success","0","0.166666666666667","True","90","False","30","2","pred_refine_ei","0.240125380051707"
"run_goldstein_price_20260408_110903_975182_cd2f","goldstein_price","post_0913","110903","S8_dual","False","False","0.249","True","over_shrink_fail","True","success","0","0.166666666666667","True","90","False","30","2","dual_gradient_refine","0.499814746793659"
"run_goldstein_price_20260408_110903_975182_cd2f","goldstein_price","post_0913","110903","S8_obj","True","True","0.24900000000049","True","pass","True","success","0","0.166666666666667","True","90","False","30","2","obj_refine_lcb","0.240125380051707"
"run_goldstein_price_20260408_110903_975182_cd2f","goldstein_price","post_0913","110903","S8_pred","False","False","0.249","True","over_shrink_fail","True","success","0","0.166666666666667","True","90","False","30","2","pred_refine_lcb","0.240125380051707"
"run_goldstein_price_20260408_110934_838679_56b2","goldstein_price","post_0913","110934","S4_dual","True","True","0.249","True","pass","True","success","0","0.5","True","90","False","30","2","dual_refine_ei","0.165853852509496"
"run_goldstein_price_20260408_110934_838679_56b2","goldstein_price","post_0913","110934","S4_obj","True","True","0.249","True","pass","True","success","0","0.5","True","90","False","30","2","obj_refine_ei","0.165853852509496"
"run_goldstein_price_20260408_110934_838679_56b2","goldstein_price","post_0913","110934","S4_pred","False","False","0.249","True","over_shrink_fail","True","success","0","0.5","True","90","False","30","2","pred_refine_ei","0.198618200046158"
"run_goldstein_price_20260408_110934_838679_56b2","goldstein_price","post_0913","110934","S8_dual","True","True","0.249000000000414","True","pass","True","success","0","0.5","True","90","False","30","2","dual_gradient_refine","0.165853852509496"
"run_goldstein_price_20260408_110934_838679_56b2","goldstein_price","post_0913","110934","S8_obj","True","True","0.249","True","pass","True","success","0","0.5","True","90","False","30","2","obj_refine_lcb","0.165853852509496"
"run_goldstein_price_20260408_110934_838679_56b2","goldstein_price","post_0913","110934","S8_pred","False","False","0.249","True","over_shrink_fail","True","success","0","0.5","True","90","False","30","2","pred_refine_lcb","0.198618200046158"
"run_goldstein_price_20260408_111030_952610_9c59","goldstein_price","post_0913","111030","S4_dual","False","False","0.249","True","over_shrink_fail","True","success","0.166666666666667","0.5","True","90","False","30","2","dual_refine_ei","0.458034193256286"
"run_goldstein_price_20260408_111030_952610_9c59","goldstein_price","post_0913","111030","S4_obj","False","False","0.249","True","over_shrink_fail","True","success","0.166666666666667","0.5","True","90","False","30","2","obj_refine_ei","0.401576663870813"
"run_goldstein_price_20260408_111030_952610_9c59","goldstein_price","post_0913","111030","S4_pred","False","False","0.249","True","over_shrink_fail","True","success","0.166666666666667","0.5","True","90","False","30","2","pred_refine_ei","0.471557370889838"
"run_goldstein_price_20260408_111030_952610_9c59","goldstein_price","post_0913","111030","S8_dual","False","False","0.249","True","over_shrink_fail","True","success","0.166666666666667","0.5","True","90","False","30","2","dual_gradient_refine","0.458034193256286"
"run_goldstein_price_20260408_111030_952610_9c59","goldstein_price","post_0913","111030","S8_obj","False","False","0.249","True","over_shrink_fail","True","success","0.166666666666667","0.5","True","90","False","30","2","obj_refine_lcb","0.401576663870813"
"run_goldstein_price_20260408_111030_952610_9c59","goldstein_price","post_0913","111030","S8_pred","False","False","0.249000000000059","True","over_shrink_fail","True","success","0.166666666666667","0.5","True","90","False","30","2","pred_refine_lcb","0.471557370889838"
"run_goldstein_price_20260408_111058_259673_5b90","goldstein_price","post_0913","111058","S4_dual","True","True","0.249","True","pass","True","success","0.333333333333333","0.833333333333333","True","90","True","30","2","dual_refine_ei","0.709966948902302"
"run_goldstein_price_20260408_111058_259673_5b90","goldstein_price","post_0913","111058","S4_obj","True","True","0.249000000000448","True","pass","True","success","0.333333333333333","0.833333333333333","True","90","True","30","2","obj_refine_ei","0.706057194153406"
"run_goldstein_price_20260408_111058_259673_5b90","goldstein_price","post_0913","111058","S4_pred","True","True","0.249000000000452","True","pass","True","success","0.333333333333333","0.833333333333333","True","90","True","30","2","pred_refine_ei","0.716087348382551"
"run_goldstein_price_20260408_111058_259673_5b90","goldstein_price","post_0913","111058","S8_dual","True","True","0.249","True","pass","True","success","0.333333333333333","0.833333333333333","True","90","True","30","2","dual_gradient_refine","0.709966948902302"
"run_goldstein_price_20260408_111058_259673_5b90","goldstein_price","post_0913","111058","S8_obj","True","True","0.249","True","pass","True","success","0.333333333333333","0.833333333333333","True","90","True","30","2","obj_refine_lcb","0.706057194153406"
"run_goldstein_price_20260408_111058_259673_5b90","goldstein_price","post_0913","111058","S8_pred","True","True","0.249000000000454","True","pass","True","success","0.333333333333333","0.833333333333333","True","90","True","30","2","pred_refine_lcb","0.716087348382551"
"run_goldstein_price_20260408_111121_280004_6202","goldstein_price","post_0913","111121","S4_dual","True","True","0.249","True","pass","True","success","0.5","0.166666666666667","True","90","True","30","2","dual_refine_ei","0.348995898713991"
"run_goldstein_price_20260408_111121_280004_6202","goldstein_price","post_0913","111121","S4_obj","True","True","0.249000000000463","True","pass","True","success","0.5","0.166666666666667","True","90","True","30","2","obj_refine_ei","0.348995898713991"
"run_goldstein_price_20260408_111121_280004_6202","goldstein_price","post_0913","111121","S4_pred","False","False","0.249","True","over_shrink_fail","True","success","0.5","0.166666666666667","True","90","True","30","2","pred_refine_ei","0.348995898713991"
"run_goldstein_price_20260408_111121_280004_6202","goldstein_price","post_0913","111121","S8_dual","True","True","0.249","True","pass","True","success","0.5","0.166666666666667","True","90","True","30","2","dual_gradient_refine","0.348995898713991"
"run_goldstein_price_20260408_111121_280004_6202","goldstein_price","post_0913","111121","S8_obj","True","True","0.249","True","pass","True","success","0.5","0.166666666666667","True","90","True","30","2","obj_refine_lcb","0.348995898713991"
"run_goldstein_price_20260408_111121_280004_6202","goldstein_price","post_0913","111121","S8_pred","False","False","0.249000000000409","True","over_shrink_fail","True","success","0.5","0.166666666666667","True","90","True","30","2","pred_refine_lcb","0.348995898713991"
"run_goldstein_price_20260408_111211_644670_c65f","goldstein_price","post_0913","111211","S4_dual","True","True","0.249000000000046","True","pass","True","success","0","0.5","True","90","False","30","2","dual_refine_ei","0.668726745849211"
"run_goldstein_price_20260408_111211_644670_c65f","goldstein_price","post_0913","111211","S4_obj","True","True","0.249","True","pass","True","success","0","0.5","True","90","False","30","2","obj_refine_ei","0.668726745849211"
"run_goldstein_price_20260408_111211_644670_c65f","goldstein_price","post_0913","111211","S4_pred","True","True","0.249000000000352","True","pass","True","success","0","0.5","True","90","False","30","2","pred_refine_ei","0.668726745849211"
"run_goldstein_price_20260408_111211_644670_c65f","goldstein_price","post_0913","111211","S8_dual","True","True","0.249000000000406","True","pass","True","success","0","0.5","True","90","False","30","2","dual_gradient_refine","0.668726745849211"
"run_goldstein_price_20260408_111211_644670_c65f","goldstein_price","post_0913","111211","S8_obj","True","True","0.249","True","pass","True","success","0","0.5","True","90","False","30","2","obj_refine_lcb","0.668726745849211"
"run_goldstein_price_20260408_111211_644670_c65f","goldstein_price","post_0913","111211","S8_pred","True","True","0.249","True","pass","True","success","0","0.5","True","90","False","30","2","pred_refine_lcb","0.668726745849211"
"run_goldstein_price_20260408_111310_989861_315d","goldstein_price","post_0913","111310","S4_dual","True","True","0.249000000000217","True","pass","True","success","0.166666666666667","0.666666666666667","True","90","False","30","2","dual_refine_ei","0.134722643147766"
"run_goldstein_price_20260408_111310_989861_315d","goldstein_price","post_0913","111310","S4_obj","True","True","0.249","True","pass","True","success","0.166666666666667","0.666666666666667","True","90","False","30","2","obj_refine_ei","0.134722643147766"
"run_goldstein_price_20260408_111310_989861_315d","goldstein_price","post_0913","111310","S4_pred","True","True","0.249000000000197","True","pass","True","success","0.166666666666667","0.666666666666667","True","90","False","30","2","pred_refine_ei","0.13473413391543"
"run_goldstein_price_20260408_111310_989861_315d","goldstein_price","post_0913","111310","S8_dual","True","True","0.249","True","pass","True","success","0.166666666666667","0.666666666666667","True","90","False","30","2","dual_gradient_refine","0.134722643147766"
"run_goldstein_price_20260408_111310_989861_315d","goldstein_price","post_0913","111310","S8_obj","True","True","0.249","True","pass","True","success","0.166666666666667","0.666666666666667","True","90","False","30","2","obj_refine_lcb","0.134722643147766"
"run_goldstein_price_20260408_111310_989861_315d","goldstein_price","post_0913","111310","S8_pred","True","True","0.249","True","pass","True","success","0.166666666666667","0.666666666666667","True","90","False","30","2","pred_refine_lcb","0.13473413391543"
"run_goldstein_price_20260408_111316_509392_9e13","goldstein_price","post_0913","111316","S4_dual","True","True","0.249","True","pass","True","success","0.333333333333333","0.5","True","90","True","30","2","dual_refine_ei","0.522417927359495"
"run_goldstein_price_20260408_111316_509392_9e13","goldstein_price","post_0913","111316","S4_obj","True","True","0.249000000000546","True","pass","True","success","0.333333333333333","0.5","True","90","True","30","2","obj_refine_ei","0.563182450571645"
"run_goldstein_price_20260408_111316_509392_9e13","goldstein_price","post_0913","111316","S4_pred","True","True","0.249000000000384","True","pass","True","success","0.333333333333333","0.5","True","90","True","30","2","pred_refine_ei","0.522417927359495"
"run_goldstein_price_20260408_111316_509392_9e13","goldstein_price","post_0913","111316","S8_dual","True","True","0.249000000000461","True","pass","True","success","0.333333333333333","0.5","True","90","True","30","2","dual_gradient_refine","0.522417927359495"
"run_goldstein_price_20260408_111316_509392_9e13","goldstein_price","post_0913","111316","S8_obj","True","True","0.249","True","pass","True","success","0.333333333333333","0.5","True","90","True","30","2","obj_refine_lcb","0.563182450571645"
"run_goldstein_price_20260408_111316_509392_9e13","goldstein_price","post_0913","111316","S8_pred","True","True","0.249","True","pass","True","success","0.333333333333333","0.5","True","90","True","30","2","pred_refine_lcb","0.522417927359495"
"run_goldstein_price_20260408_111403_504503_9a5b","goldstein_price","post_0913","111403","S4_dual","True","True","0.249","True","pass","True","success","0.166666666666667","0.5","True","90","True","30","2","dual_refine_ei","0.355538723027323"
"run_goldstein_price_20260408_111403_504503_9a5b","goldstein_price","post_0913","111403","S4_obj","True","True","0.249","True","pass","True","success","0.166666666666667","0.5","True","90","True","30","2","obj_refine_ei","0.39515131112337"
"run_goldstein_price_20260408_111403_504503_9a5b","goldstein_price","post_0913","111403","S4_pred","True","True","0.249000000000229","True","pass","True","success","0.166666666666667","0.5","True","90","True","30","2","pred_refine_ei","0.394091045752728"
"run_goldstein_price_20260408_111403_504503_9a5b","goldstein_price","post_0913","111403","S8_dual","True","True","0.249","True","pass","True","success","0.166666666666667","0.5","True","90","True","30","2","dual_gradient_refine","0.355538723027323"
"run_goldstein_price_20260408_111403_504503_9a5b","goldstein_price","post_0913","111403","S8_obj","True","True","0.249","True","pass","True","success","0.166666666666667","0.5","True","90","True","30","2","obj_refine_lcb","0.39515131112337"
"run_goldstein_price_20260408_111403_504503_9a5b","goldstein_price","post_0913","111403","S8_pred","True","True","0.249","True","pass","True","success","0.166666666666667","0.5","True","90","True","30","2","pred_refine_lcb","0.394091045752728"
"run_goldstein_price_20260408_111451_534391_2841","goldstein_price","post_0913","111451","S4_dual","True","True","0.249","True","pass","True","success","0.333333333333333","0.333333333333333","True","90","True","30","2","dual_refine_ei","0.112282266964259"
"run_goldstein_price_20260408_111451_534391_2841","goldstein_price","post_0913","111451","S4_obj","True","True","0.249000000000298","True","pass","True","success","0.333333333333333","0.333333333333333","True","90","True","30","2","obj_refine_ei","0.801088990003341"
"run_goldstein_price_20260408_111451_534391_2841","goldstein_price","post_0913","111451","S4_pred","True","True","0.249","True","pass","True","success","0.333333333333333","0.333333333333333","True","90","True","30","2","pred_refine_ei","0.112282266964259"
"run_goldstein_price_20260408_111451_534391_2841","goldstein_price","post_0913","111451","S8_dual","True","True","0.249","True","pass","True","success","0.333333333333333","0.333333333333333","True","90","True","30","2","dual_gradient_refine","0.112282266964259"
"run_goldstein_price_20260408_111451_534391_2841","goldstein_price","post_0913","111451","S8_obj","True","True","0.249000000000333","True","pass","True","success","0.333333333333333","0.333333333333333","True","90","True","30","2","obj_refine_lcb","0.801088990003341"
"run_goldstein_price_20260408_111451_534391_2841","goldstein_price","post_0913","111451","S8_pred","True","True","0.249","True","pass","True","success","0.333333333333333","0.333333333333333","True","90","True","30","2","pred_refine_lcb","0.112282266964259"
"run_goldstein_price_20260408_111542_517951_415f","goldstein_price","post_0913","111542","S4_dual","True","True","0.249","True","pass","True","success","0.166666666666667","0.333333333333333","True","90","False","30","2","dual_refine_ei","0.15622703783754"
"run_goldstein_price_20260408_111542_517951_415f","goldstein_price","post_0913","111542","S4_obj","True","True","0.249000000000491","True","pass","True","success","0.166666666666667","0.333333333333333","True","90","False","30","2","obj_refine_ei","0.15622703783754"
"run_goldstein_price_20260408_111542_517951_415f","goldstein_price","post_0913","111542","S4_pred","True","True","0.24900000000022","True","pass","True","success","0.166666666666667","0.333333333333333","True","90","False","30","2","pred_refine_ei","0.15622703783754"
"run_goldstein_price_20260408_111542_517951_415f","goldstein_price","post_0913","111542","S8_dual","True","True","0.249","True","pass","True","success","0.166666666666667","0.333333333333333","True","90","False","30","2","dual_gradient_refine","0.15622703783754"
"run_goldstein_price_20260408_111542_517951_415f","goldstein_price","post_0913","111542","S8_obj","True","True","0.249","True","pass","True","success","0.166666666666667","0.333333333333333","True","90","False","30","2","obj_refine_lcb","0.15622703783754"
"run_goldstein_price_20260408_111542_517951_415f","goldstein_price","post_0913","111542","S8_pred","True","True","0.249000000000218","True","pass","True","success","0.166666666666667","0.333333333333333","True","90","False","30","2","pred_refine_lcb","0.15622703783754"
"run_goldstein_price_20260408_111608_864973_35f5","goldstein_price","post_0913","111608","S4_dual","True","True","0.249000000000481","True","pass","True","success","0","0.5","True","90","False","30","2","dual_refine_ei","0.574415870995407"
"run_goldstein_price_20260408_111608_864973_35f5","goldstein_price","post_0913","111608","S4_obj","True","True","0.249000000000464","True","pass","True","success","0","0.5","True","90","False","30","2","obj_refine_ei","0.606029967728503"
"run_goldstein_price_20260408_111608_864973_35f5","goldstein_price","post_0913","111608","S4_pred","False","False","0.249000000000389","True","over_shrink_fail","True","success","0","0.5","True","90","False","30","2","pred_refine_ei","0.704730840699201"
"run_goldstein_price_20260408_111608_864973_35f5","goldstein_price","post_0913","111608","S8_dual","True","True","0.249","True","pass","True","success","0","0.5","True","90","False","30","2","dual_gradient_refine","0.574415870995407"
"run_goldstein_price_20260408_111608_864973_35f5","goldstein_price","post_0913","111608","S8_obj","True","True","0.249","True","pass","True","success","0","0.5","True","90","False","30","2","obj_refine_lcb","0.606029967728503"
"run_goldstein_price_20260408_111608_864973_35f5","goldstein_price","post_0913","111608","S8_pred","False","False","0.24900000000039","True","over_shrink_fail","True","success","0","0.5","True","90","False","30","2","pred_refine_lcb","0.704730840699201"
"run_goldstein_price_20260408_111648_945080_b399","goldstein_price","post_0913","111648","S4_dual","True","True","0.249000000000426","True","pass","True","success","0.5","1","True","90","True","30","2","dual_refine_ei","0.277772875829845"
"run_goldstein_price_20260408_111648_945080_b399","goldstein_price","post_0913","111648","S4_obj","True","True","0.249","True","pass","True","success","0.5","1","True","90","True","30","2","obj_refine_ei","0.277772875829845"
"run_goldstein_price_20260408_111648_945080_b399","goldstein_price","post_0913","111648","S4_pred","True","True","0.249","True","pass","True","success","0.5","1","True","90","True","30","2","pred_refine_ei","0.460091686784192"
"run_goldstein_price_20260408_111648_945080_b399","goldstein_price","post_0913","111648","S8_dual","True","True","0.249","True","pass","True","success","0.5","1","True","90","True","30","2","dual_gradient_refine","0.277772875829845"
"run_goldstein_price_20260408_111648_945080_b399","goldstein_price","post_0913","111648","S8_obj","True","True","0.249","True","pass","True","success","0.5","1","True","90","True","30","2","obj_refine_lcb","0.277772875829845"
"run_goldstein_price_20260408_111648_945080_b399","goldstein_price","post_0913","111648","S8_pred","True","True","0.249","True","pass","True","success","0.5","1","True","90","True","30","2","pred_refine_lcb","0.460091686784192"
"run_goldstein_price_20260408_111752_915398_163f","goldstein_price","post_0913","111752","S4_dual","True","True","0.249","True","pass","True","success","0.4","0.8","True","90","True","30","2","dual_refine_ei","0.131676729698324"
"run_goldstein_price_20260408_111752_915398_163f","goldstein_price","post_0913","111752","S4_obj","True","True","0.249000000000452","True","pass","True","success","0.4","0.8","True","90","True","30","2","obj_refine_ei","0.862158889483072"
"run_goldstein_price_20260408_111752_915398_163f","goldstein_price","post_0913","111752","S4_pred","False","False","0.249","True","over_shrink_fail","True","success","0.4","0.8","True","90","True","30","2","pred_refine_ei","0.131676729698324"
"run_goldstein_price_20260408_111752_915398_163f","goldstein_price","post_0913","111752","S8_dual","True","True","0.249","True","pass","True","success","0.4","0.8","True","90","True","30","2","dual_gradient_refine","0.131676729698324"
"run_goldstein_price_20260408_111752_915398_163f","goldstein_price","post_0913","111752","S8_obj","True","True","0.249","True","pass","True","success","0.4","0.8","True","90","True","30","2","obj_refine_lcb","0.862158889483072"
"run_goldstein_price_20260408_111752_915398_163f","goldstein_price","post_0913","111752","S8_pred","False","False","0.249000000000335","True","over_shrink_fail","True","success","0.4","0.8","True","90","True","30","2","pred_refine_lcb","0.131676729698324"
"run_goldstein_price_20260408_111849_621642_18f1","goldstein_price","post_0913","111849","S4_dual","True","True","0.249","True","pass","True","success","0","0.333333333333333","True","90","False","30","2","dual_refine_ei","0.17614078698478"
"run_goldstein_price_20260408_111849_621642_18f1","goldstein_price","post_0913","111849","S4_obj","True","True","0.249000000000329","True","pass","True","success","0","0.333333333333333","True","90","False","30","2","obj_refine_ei","0.17614078698478"
"run_goldstein_price_20260408_111849_621642_18f1","goldstein_price","post_0913","111849","S4_pred","False","False","0.249000000000381","True","over_shrink_fail","True","success","0","0.333333333333333","True","90","False","30","2","pred_refine_ei","0.233147251509379"
"run_goldstein_price_20260408_111849_621642_18f1","goldstein_price","post_0913","111849","S8_dual","True","True","0.24900000000053","True","pass","True","success","0","0.333333333333333","True","90","False","30","2","dual_gradient_refine","0.17614078698478"
"run_goldstein_price_20260408_111849_621642_18f1","goldstein_price","post_0913","111849","S8_obj","True","True","0.249","True","pass","True","success","0","0.333333333333333","True","90","False","30","2","obj_refine_lcb","0.17614078698478"
"run_goldstein_price_20260408_111849_621642_18f1","goldstein_price","post_0913","111849","S8_pred","False","False","0.249000000000392","True","over_shrink_fail","True","success","0","0.333333333333333","True","90","False","30","2","pred_refine_lcb","0.233147251509379"
"run_goldstein_price_20260408_111855_052942_d506","goldstein_price","post_0913","111855","S4_dual","True","True","0.249","True","pass","True","success","0.333333333333333","1","True","90","True","30","2","dual_refine_ei","0.490671761196897"
"run_goldstein_price_20260408_111855_052942_d506","goldstein_price","post_0913","111855","S4_obj","True","True","0.249000000000035","True","pass","True","success","0.333333333333333","1","True","90","True","30","2","obj_refine_ei","0.510577452571081"
"run_goldstein_price_20260408_111855_052942_d506","goldstein_price","post_0913","111855","S4_pred","True","True","0.249000000000356","True","pass","True","success","0.333333333333333","1","True","90","True","30","2","pred_refine_ei","0.49801276718298"
"run_goldstein_price_20260408_111855_052942_d506","goldstein_price","post_0913","111855","S8_dual","True","True","0.249","True","pass","True","success","0.333333333333333","1","True","90","True","30","2","dual_gradient_refine","0.490671761196897"
"run_goldstein_price_20260408_111855_052942_d506","goldstein_price","post_0913","111855","S8_obj","True","True","0.24900000000019","True","pass","True","success","0.333333333333333","1","True","90","True","30","2","obj_refine_lcb","0.510577452571081"
"run_goldstein_price_20260408_111855_052942_d506","goldstein_price","post_0913","111855","S8_pred","True","True","0.249","True","pass","True","success","0.333333333333333","1","True","90","True","30","2","pred_refine_lcb","0.49801276718298"
"run_goldstein_price_20260408_111959_184830_831c","goldstein_price","post_0913","111959","S4_dual","True","True","0.249","True","pass","True","success","0.333333333333333","0.166666666666667","True","90","True","30","2","dual_refine_ei","0.36390811579086"
"run_goldstein_price_20260408_111959_184830_831c","goldstein_price","post_0913","111959","S4_obj","True","True","0.249","True","pass","True","success","0.333333333333333","0.166666666666667","True","90","True","30","2","obj_refine_ei","0.432798002452831"
"run_goldstein_price_20260408_111959_184830_831c","goldstein_price","post_0913","111959","S4_pred","True","True","0.249","True","pass","True","success","0.333333333333333","0.166666666666667","True","90","True","30","2","pred_refine_ei","0.416631245804668"
"run_goldstein_price_20260408_111959_184830_831c","goldstein_price","post_0913","111959","S8_dual","True","True","0.249","True","pass","True","success","0.333333333333333","0.166666666666667","True","90","True","30","2","dual_gradient_refine","0.36390811579086"
"run_goldstein_price_20260408_111959_184830_831c","goldstein_price","post_0913","111959","S8_obj","True","True","0.249","True","pass","True","success","0.333333333333333","0.166666666666667","True","90","True","30","2","obj_refine_lcb","0.432798002452831"
"run_goldstein_price_20260408_111959_184830_831c","goldstein_price","post_0913","111959","S8_pred","True","True","0.249","True","pass","True","success","0.333333333333333","0.166666666666667","True","90","True","30","2","pred_refine_lcb","0.416631245804668"
"run_goldstein_price_20260408_112031_028226_9ff3","goldstein_price","post_0913","112031","S4_dual","True","True","0.249","True","pass","False","dummy_only_fail","0.333333333333333","0.166666666666667","True","90","True","30","3","dual_refine_ei","0.485741914516128"
"run_goldstein_price_20260408_112031_028226_9ff3","goldstein_price","post_0913","112031","S4_obj","True","True","0.249000000000083","True","pass","False","dummy_only_fail","0.333333333333333","0.166666666666667","True","90","True","30","3","obj_refine_ei","0.438989939168573"
"run_goldstein_price_20260408_112031_028226_9ff3","goldstein_price","post_0913","112031","S4_pred","True","True","0.249","True","pass","False","dummy_only_fail","0.333333333333333","0.166666666666667","True","90","True","30","3","pred_refine_ei","0.495182236506685"
"run_goldstein_price_20260408_112031_028226_9ff3","goldstein_price","post_0913","112031","S8_dual","True","True","0.249","True","pass","False","dummy_only_fail","0.333333333333333","0.166666666666667","True","90","True","30","3","dual_gradient_refine","0.485741914516128"
"run_goldstein_price_20260408_112031_028226_9ff3","goldstein_price","post_0913","112031","S8_obj","True","True","0.249000000000076","True","pass","False","dummy_only_fail","0.333333333333333","0.166666666666667","True","90","True","30","3","obj_refine_lcb","0.438989939168573"
"run_goldstein_price_20260408_112031_028226_9ff3","goldstein_price","post_0913","112031","S8_pred","True","True","0.249","True","pass","False","dummy_only_fail","0.333333333333333","0.166666666666667","True","90","True","30","3","pred_refine_lcb","0.495182236506685"
"run_goldstein_price_20260408_112103_564137_a5cb","goldstein_price","post_0913","112103","S4_dual","False","False","0.249","True","over_shrink_fail","True","success","0","0.5","True","90","False","30","2","dual_refine_ei","0.268226886132277"
"run_goldstein_price_20260408_112103_564137_a5cb","goldstein_price","post_0913","112103","S4_obj","True","True","0.249","True","pass","True","success","0","0.5","True","90","False","30","2","obj_refine_ei","0.314731215975372"
"run_goldstein_price_20260408_112103_564137_a5cb","goldstein_price","post_0913","112103","S4_pred","False","False","0.249","True","over_shrink_fail","True","success","0","0.5","True","90","False","30","2","pred_refine_ei","0.29025015619843"
"run_goldstein_price_20260408_112103_564137_a5cb","goldstein_price","post_0913","112103","S8_dual","False","False","0.249","True","over_shrink_fail","True","success","0","0.5","True","90","False","30","2","dual_gradient_refine","0.268226886132277"
"run_goldstein_price_20260408_112103_564137_a5cb","goldstein_price","post_0913","112103","S8_obj","True","True","0.249","True","pass","True","success","0","0.5","True","90","False","30","2","obj_refine_lcb","0.314731215975372"
"run_goldstein_price_20260408_112103_564137_a5cb","goldstein_price","post_0913","112103","S8_pred","False","False","0.249","True","over_shrink_fail","True","success","0","0.5","True","90","False","30","2","pred_refine_lcb","0.29025015619843"
"run_goldstein_price_20260408_112155_485690_3bf3","goldstein_price","post_0913","112155","S4_dual","True","True","0.24900000000049","True","pass","True","success","0.333333333333333","0.666666666666667","True","90","True","30","2","dual_refine_ei","0.114668743410504"
"run_goldstein_price_20260408_112155_485690_3bf3","goldstein_price","post_0913","112155","S4_obj","True","True","0.249","True","pass","True","success","0.333333333333333","0.666666666666667","True","90","True","30","2","obj_refine_ei","0.11435737983493"
"run_goldstein_price_20260408_112155_485690_3bf3","goldstein_price","post_0913","112155","S4_pred","True","True","0.249","True","pass","True","success","0.333333333333333","0.666666666666667","True","90","True","30","2","pred_refine_ei","0.114668743410504"
"run_goldstein_price_20260408_112155_485690_3bf3","goldstein_price","post_0913","112155","S8_dual","True","True","0.249","True","pass","True","success","0.333333333333333","0.666666666666667","True","90","True","30","2","dual_gradient_refine","0.114668743410504"
"run_goldstein_price_20260408_112155_485690_3bf3","goldstein_price","post_0913","112155","S8_obj","True","True","0.249000000000458","True","pass","True","success","0.333333333333333","0.666666666666667","True","90","True","30","2","obj_refine_lcb","0.11435737983493"
"run_goldstein_price_20260408_112155_485690_3bf3","goldstein_price","post_0913","112155","S8_pred","True","True","0.249","True","pass","True","success","0.333333333333333","0.666666666666667","True","90","True","30","2","pred_refine_lcb","0.114668743410504"
"run_goldstein_price_20260408_112250_241381_6e62","goldstein_price","post_0913","112250","S4_dual","True","True","0.249000000000443","True","pass","True","success","0.4","0.6","True","90","True","30","2","dual_refine_ei","0.436681614572773"
"run_goldstein_price_20260408_112250_241381_6e62","goldstein_price","post_0913","112250","S4_obj","True","True","0.249000000000436","True","pass","True","success","0.4","0.6","True","90","True","30","2","obj_refine_ei","0.476760907856118"
"run_goldstein_price_20260408_112250_241381_6e62","goldstein_price","post_0913","112250","S4_pred","False","False","0.249000000000447","True","over_shrink_fail","True","success","0.4","0.6","True","90","True","30","2","pred_refine_ei","0.462782971712154"
"run_goldstein_price_20260408_112250_241381_6e62","goldstein_price","post_0913","112250","S8_dual","True","True","0.249","True","pass","True","success","0.4","0.6","True","90","True","30","2","dual_gradient_refine","0.436681614572773"
"run_goldstein_price_20260408_112250_241381_6e62","goldstein_price","post_0913","112250","S8_obj","True","True","0.249000000000435","True","pass","True","success","0.4","0.6","True","90","True","30","2","obj_refine_lcb","0.476760907856118"
"run_goldstein_price_20260408_112250_241381_6e62","goldstein_price","post_0913","112250","S8_pred","False","False","0.249000000000447","True","over_shrink_fail","True","success","0.4","0.6","True","90","True","30","2","pred_refine_lcb","0.462782971712154"
"run_goldstein_price_20260408_112255_436880_6a00","goldstein_price","post_0913","112255","S4_dual","True","True","0.249000000000213","True","pass","True","success","0.666666666666667","0.666666666666667","True","90","True","30","2","dual_refine_ei","0.263297458391141"
"run_goldstein_price_20260408_112255_436880_6a00","goldstein_price","post_0913","112255","S4_obj","True","True","0.24900000000044","True","pass","True","success","0.666666666666667","0.666666666666667","True","90","True","30","2","obj_refine_ei","0.263297458391141"
"run_goldstein_price_20260408_112255_436880_6a00","goldstein_price","post_0913","112255","S4_pred","True","True","0.249","True","pass","True","success","0.666666666666667","0.666666666666667","True","90","True","30","2","pred_refine_ei","0.271603669336504"
"run_goldstein_price_20260408_112255_436880_6a00","goldstein_price","post_0913","112255","S8_dual","True","True","0.249000000000213","True","pass","True","success","0.666666666666667","0.666666666666667","True","90","True","30","2","dual_gradient_refine","0.263297458391141"
"run_goldstein_price_20260408_112255_436880_6a00","goldstein_price","post_0913","112255","S8_obj","True","True","0.24900000000044","True","pass","True","success","0.666666666666667","0.666666666666667","True","90","True","30","2","obj_refine_lcb","0.263297458391141"
"run_goldstein_price_20260408_112255_436880_6a00","goldstein_price","post_0913","112255","S8_pred","True","True","0.249000000000213","True","pass","True","success","0.666666666666667","0.666666666666667","True","90","True","30","2","pred_refine_lcb","0.271603669336504"
"run_goldstein_price_20260408_112402_523885_fc6b","goldstein_price","post_0913","112402","S4_dual","True","True","0.249","True","pass","True","success","0","0.5","True","90","False","30","2","dual_refine_ei","0.195834616636083"
"run_goldstein_price_20260408_112402_523885_fc6b","goldstein_price","post_0913","112402","S4_obj","True","True","0.249000000000501","True","pass","True","success","0","0.5","True","90","False","30","2","obj_refine_ei","0.199608752045596"
"run_goldstein_price_20260408_112402_523885_fc6b","goldstein_price","post_0913","112402","S4_pred","True","True","0.249000000000431","True","pass","True","success","0","0.5","True","90","False","30","2","pred_refine_ei","0.195834616636083"
"run_goldstein_price_20260408_112402_523885_fc6b","goldstein_price","post_0913","112402","S8_dual","True","True","0.249000000000506","True","pass","True","success","0","0.5","True","90","False","30","2","dual_gradient_refine","0.195834616636083"
"run_goldstein_price_20260408_112402_523885_fc6b","goldstein_price","post_0913","112402","S8_obj","True","True","0.249","True","pass","True","success","0","0.5","True","90","False","30","2","obj_refine_lcb","0.199608752045596"
"run_goldstein_price_20260408_112402_523885_fc6b","goldstein_price","post_0913","112402","S8_pred","True","True","0.249","True","pass","True","success","0","0.5","True","90","False","30","2","pred_refine_lcb","0.195834616636083"
"run_goldstein_price_20260408_112456_327752_4c20","goldstein_price","post_0913","112456","S4_dual","True","True","0.249000000000433","True","pass","True","success","0","0.5","True","90","False","30","2","dual_refine_ei","0.089884377986192"
"run_goldstein_price_20260408_112456_327752_4c20","goldstein_price","post_0913","112456","S4_obj","True","True","0.249","True","pass","True","success","0","0.5","True","90","False","30","2","obj_refine_ei","0.089884377986192"
"run_goldstein_price_20260408_112456_327752_4c20","goldstein_price","post_0913","112456","S4_pred","True","True","0.249","True","pass","True","success","0","0.5","True","90","False","30","2","pred_refine_ei","0.089884377986192"
"run_goldstein_price_20260408_112456_327752_4c20","goldstein_price","post_0913","112456","S8_dual","True","True","0.249","True","pass","True","success","0","0.5","True","90","False","30","2","dual_gradient_refine","0.089884377986192"
"run_goldstein_price_20260408_112456_327752_4c20","goldstein_price","post_0913","112456","S8_obj","True","True","0.249","True","pass","True","success","0","0.5","True","90","False","30","2","obj_refine_lcb","0.089884377986192"
"run_goldstein_price_20260408_112456_327752_4c20","goldstein_price","post_0913","112456","S8_pred","True","True","0.249","True","pass","True","success","0","0.5","True","90","False","30","2","pred_refine_lcb","0.089884377986192"
"run_goldstein_price_20260408_112503_749619_6481","goldstein_price","post_0913","112503","S4_dual","True","True","0.249","True","pass","True","success","0.333333333333333","0.5","True","90","True","30","2","dual_refine_ei","0.145607819898846"
"run_goldstein_price_20260408_112503_749619_6481","goldstein_price","post_0913","112503","S4_obj","True","True","0.249","True","pass","True","success","0.333333333333333","0.5","True","90","True","30","2","obj_refine_ei","0.145607819898846"
"run_goldstein_price_20260408_112503_749619_6481","goldstein_price","post_0913","112503","S4_pred","False","False","0.249","True","over_shrink_fail","True","success","0.333333333333333","0.5","True","90","True","30","2","pred_refine_ei","0.145607819898846"
"run_goldstein_price_20260408_112503_749619_6481","goldstein_price","post_0913","112503","S8_dual","True","True","0.249","True","pass","True","success","0.333333333333333","0.5","True","90","True","30","2","dual_gradient_refine","0.145607819898846"
"run_goldstein_price_20260408_112503_749619_6481","goldstein_price","post_0913","112503","S8_obj","True","True","0.249","True","pass","True","success","0.333333333333333","0.5","True","90","True","30","2","obj_refine_lcb","0.145607819898846"
"run_goldstein_price_20260408_112503_749619_6481","goldstein_price","post_0913","112503","S8_pred","False","False","0.249","True","over_shrink_fail","True","success","0.333333333333333","0.5","True","90","True","30","2","pred_refine_lcb","0.145607819898846"
"run_goldstein_price_20260408_112549_713185_f4c8","goldstein_price","post_0913","112549","S4_dual","True","True","0.249","True","pass","True","success","0.333333333333333","0.5","True","90","False","30","2","dual_refine_ei","0.356443361543716"
"run_goldstein_price_20260408_112549_713185_f4c8","goldstein_price","post_0913","112549","S4_obj","True","True","0.249","True","pass","True","success","0.333333333333333","0.5","True","90","False","30","2","obj_refine_ei","0.381111285226121"
"run_goldstein_price_20260408_112549_713185_f4c8","goldstein_price","post_0913","112549","S4_pred","True","True","0.249000000000222","True","pass","True","success","0.333333333333333","0.5","True","90","False","30","2","pred_refine_ei","0.381111285226121"
"run_goldstein_price_20260408_112549_713185_f4c8","goldstein_price","post_0913","112549","S8_dual","True","True","0.249","True","pass","True","success","0.333333333333333","0.5","True","90","False","30","2","dual_gradient_refine","0.356443361543716"
"run_goldstein_price_20260408_112549_713185_f4c8","goldstein_price","post_0913","112549","S8_obj","True","True","0.249","True","pass","True","success","0.333333333333333","0.5","True","90","False","30","2","obj_refine_lcb","0.381111285226121"
"run_goldstein_price_20260408_112549_713185_f4c8","goldstein_price","post_0913","112549","S8_pred","True","True","0.249000000000221","True","pass","True","success","0.333333333333333","0.5","True","90","False","30","2","pred_refine_lcb","0.381111285226121"
"run_goldstein_price_20260408_112640_471741_a069","goldstein_price","post_0913","112640","S4_dual","True","True","0.249000000000478","True","pass","True","success","0","0.333333333333333","True","90","False","30","2","dual_refine_ei","0.420365001891405"
"run_goldstein_price_20260408_112640_471741_a069","goldstein_price","post_0913","112640","S4_obj","True","True","0.249000000000476","True","pass","True","success","0","0.333333333333333","True","90","False","30","2","obj_refine_ei","0.420365001891405"
"run_goldstein_price_20260408_112640_471741_a069","goldstein_price","post_0913","112640","S4_pred","True","True","0.249000000000401","True","pass","True","success","0","0.333333333333333","True","90","False","30","2","pred_refine_ei","0.420365001891405"
"run_goldstein_price_20260408_112640_471741_a069","goldstein_price","post_0913","112640","S8_dual","True","True","0.249","True","pass","True","success","0","0.333333333333333","True","90","False","30","2","dual_gradient_refine","0.420365001891405"
"run_goldstein_price_20260408_112640_471741_a069","goldstein_price","post_0913","112640","S8_obj","True","True","0.249000000000476","True","pass","True","success","0","0.333333333333333","True","90","False","30","2","obj_refine_lcb","0.420365001891405"
"run_goldstein_price_20260408_112640_471741_a069","goldstein_price","post_0913","112640","S8_pred","True","True","0.249000000000408","True","pass","True","success","0","0.333333333333333","True","90","False","30","2","pred_refine_lcb","0.420365001891405"
"run_goldstein_price_20260408_112648_856818_d27d","goldstein_price","post_0913","112648","S4_dual","True","True","0.249000000000446","True","pass","True","success","0.5","0.833333333333333","True","90","True","30","2","dual_refine_ei","0.208107181242262"
"run_goldstein_price_20260408_112648_856818_d27d","goldstein_price","post_0913","112648","S4_obj","True","True","0.249000000000467","True","pass","True","success","0.5","0.833333333333333","True","90","True","30","2","obj_refine_ei","0.250440844406196"
"run_goldstein_price_20260408_112648_856818_d27d","goldstein_price","post_0913","112648","S4_pred","True","True","0.249000000000416","True","pass","True","success","0.5","0.833333333333333","True","90","True","30","2","pred_refine_ei","0.253659545259658"
"run_goldstein_price_20260408_112648_856818_d27d","goldstein_price","post_0913","112648","S8_dual","True","True","0.249","True","pass","True","success","0.5","0.833333333333333","True","90","True","30","2","dual_gradient_refine","0.208107181242262"
"run_goldstein_price_20260408_112648_856818_d27d","goldstein_price","post_0913","112648","S8_obj","True","True","0.249000000000467","True","pass","True","success","0.5","0.833333333333333","True","90","True","30","2","obj_refine_lcb","0.250440844406196"
"run_goldstein_price_20260408_112648_856818_d27d","goldstein_price","post_0913","112648","S8_pred","True","True","0.249000000000435","True","pass","True","success","0.5","0.833333333333333","True","90","True","30","2","pred_refine_lcb","0.253659545259658"
"run_goldstein_price_20260408_112741_520997_0727","goldstein_price","post_0913","112741","S4_dual","True","True","0.249","True","pass","True","success","0","0.5","True","90","False","30","2","dual_refine_ei","0.410654468436228"
"run_goldstein_price_20260408_112741_520997_0727","goldstein_price","post_0913","112741","S4_obj","True","True","0.249000000000196","True","pass","True","success","0","0.5","True","90","False","30","2","obj_refine_ei","0.439795880075783"
"run_goldstein_price_20260408_112741_520997_0727","goldstein_price","post_0913","112741","S4_pred","True","True","0.249","True","pass","True","success","0","0.5","True","90","False","30","2","pred_refine_ei","0.436553448605351"
"run_goldstein_price_20260408_112741_520997_0727","goldstein_price","post_0913","112741","S8_dual","True","True","0.249000000000633","True","pass","True","success","0","0.5","True","90","False","30","2","dual_gradient_refine","0.410654468436228"
"run_goldstein_price_20260408_112741_520997_0727","goldstein_price","post_0913","112741","S8_obj","True","True","0.249000000000042","True","pass","True","success","0","0.5","True","90","False","30","2","obj_refine_lcb","0.439795880075783"
"run_goldstein_price_20260408_112741_520997_0727","goldstein_price","post_0913","112741","S8_pred","True","True","0.249","True","pass","True","success","0","0.5","True","90","False","30","2","pred_refine_lcb","0.436553448605351"
"run_goldstein_price_20260408_112839_090064_e700","goldstein_price","post_0913","112839","S4_dual","True","True","0.249000000000525","True","pass","True","success","0.166666666666667","0.833333333333333","True","90","False","30","2","dual_refine_ei","0.204688564147876"
"run_goldstein_price_20260408_112839_090064_e700","goldstein_price","post_0913","112839","S4_obj","True","True","0.249","True","pass","True","success","0.166666666666667","0.833333333333333","True","90","False","30","2","obj_refine_ei","0.204688564147876"
"run_goldstein_price_20260408_112839_090064_e700","goldstein_price","post_0913","112839","S4_pred","False","False","0.249","True","over_shrink_fail","True","success","0.166666666666667","0.833333333333333","True","90","False","30","2","pred_refine_ei","0.204688564147876"
"run_goldstein_price_20260408_112839_090064_e700","goldstein_price","post_0913","112839","S8_dual","True","True","0.24900000000054","True","pass","True","success","0.166666666666667","0.833333333333333","True","90","False","30","2","dual_gradient_refine","0.204688564147876"
"run_goldstein_price_20260408_112839_090064_e700","goldstein_price","post_0913","112839","S8_obj","True","True","0.249","True","pass","True","success","0.166666666666667","0.833333333333333","True","90","False","30","2","obj_refine_lcb","0.204688564147876"
"run_goldstein_price_20260408_112839_090064_e700","goldstein_price","post_0913","112839","S8_pred","False","False","0.249000000000172","True","over_shrink_fail","True","success","0.166666666666667","0.833333333333333","True","90","False","30","2","pred_refine_lcb","0.204688564147876"
"run_goldstein_price_20260408_112847_033832_3988","goldstein_price","post_0913","112847","S4_dual","True","True","0.249","True","pass","True","success","0.166666666666667","0.666666666666667","True","90","True","30","2","dual_refine_ei","0.195661289276726"
"run_goldstein_price_20260408_112847_033832_3988","goldstein_price","post_0913","112847","S4_obj","True","True","0.249000000000337","True","pass","True","success","0.166666666666667","0.666666666666667","True","90","True","30","2","obj_refine_ei","0.195661289276726"
"run_goldstein_price_20260408_112847_033832_3988","goldstein_price","post_0913","112847","S4_pred","False","False","0.249","True","over_shrink_fail","True","success","0.166666666666667","0.666666666666667","True","90","True","30","2","pred_refine_ei","0.217092089023515"
"run_goldstein_price_20260408_112847_033832_3988","goldstein_price","post_0913","112847","S8_dual","True","True","0.249","True","pass","True","success","0.166666666666667","0.666666666666667","True","90","True","30","2","dual_gradient_refine","0.195661289276726"
"run_goldstein_price_20260408_112847_033832_3988","goldstein_price","post_0913","112847","S8_obj","True","True","0.249000000000343","True","pass","True","success","0.166666666666667","0.666666666666667","True","90","True","30","2","obj_refine_lcb","0.195661289276726"
"run_goldstein_price_20260408_112847_033832_3988","goldstein_price","post_0913","112847","S8_pred","False","False","0.249","True","over_shrink_fail","True","success","0.166666666666667","0.666666666666667","True","90","True","30","2","pred_refine_lcb","0.217092089023515"
"run_goldstein_price_20260408_112945_365579_3ab8","goldstein_price","post_0913","112945","S4_dual","True","True","0.249","True","pass","True","success","0","0.333333333333333","True","90","False","30","2","dual_refine_ei","0.279224557828062"
"run_goldstein_price_20260408_112945_365579_3ab8","goldstein_price","post_0913","112945","S4_obj","True","True","0.249","True","pass","True","success","0","0.333333333333333","True","90","False","30","2","obj_refine_ei","0.298439012803345"
"run_goldstein_price_20260408_112945_365579_3ab8","goldstein_price","post_0913","112945","S4_pred","True","True","0.249","True","pass","True","success","0","0.333333333333333","True","90","False","30","2","pred_refine_ei","0.284884213774467"
"run_goldstein_price_20260408_112945_365579_3ab8","goldstein_price","post_0913","112945","S8_dual","True","True","0.249","True","pass","True","success","0","0.333333333333333","True","90","False","30","2","dual_gradient_refine","0.279224557828062"
"run_goldstein_price_20260408_112945_365579_3ab8","goldstein_price","post_0913","112945","S8_obj","True","True","0.249","True","pass","True","success","0","0.333333333333333","True","90","False","30","2","obj_refine_lcb","0.298439012803345"
"run_goldstein_price_20260408_112945_365579_3ab8","goldstein_price","post_0913","112945","S8_pred","True","True","0.249","True","pass","True","success","0","0.333333333333333","True","90","False","30","2","pred_refine_lcb","0.284884213774467"
"run_goldstein_price_20260408_113011_160604_6b9a","goldstein_price","post_0913","113011","S4_dual","True","True","0.249000000000491","True","pass","True","success","0.5","0.833333333333333","True","90","True","30","2","dual_refine_ei","0.1314764325536"
"run_goldstein_price_20260408_113011_160604_6b9a","goldstein_price","post_0913","113011","S4_obj","True","True","0.249","True","pass","True","success","0.5","0.833333333333333","True","90","True","30","2","obj_refine_ei","0.1314764325536"
"run_goldstein_price_20260408_113011_160604_6b9a","goldstein_price","post_0913","113011","S4_pred","True","True","0.249","True","pass","True","success","0.5","0.833333333333333","True","90","True","30","2","pred_refine_ei","0.1314764325536"
"run_goldstein_price_20260408_113011_160604_6b9a","goldstein_price","post_0913","113011","S8_dual","True","True","0.249000000000491","True","pass","True","success","0.5","0.833333333333333","True","90","True","30","2","dual_gradient_refine","0.1314764325536"
"run_goldstein_price_20260408_113011_160604_6b9a","goldstein_price","post_0913","113011","S8_obj","True","True","0.249","True","pass","True","success","0.5","0.833333333333333","True","90","True","30","2","obj_refine_lcb","0.1314764325536"
"run_goldstein_price_20260408_113011_160604_6b9a","goldstein_price","post_0913","113011","S8_pred","False","False","0.249","True","over_shrink_fail","True","success","0.5","0.833333333333333","True","90","True","30","2","pred_refine_lcb","0.1314764325536"
"run_goldstein_price_20260408_113046_282432_b5ca","goldstein_price","post_0913","113046","S4_dual","True","True","0.249","True","pass","True","success","0","0.166666666666667","True","90","False","30","2","dual_refine_ei","0.279998008383225"
"run_goldstein_price_20260408_113046_282432_b5ca","goldstein_price","post_0913","113046","S4_obj","True","True","0.249000000000451","True","pass","True","success","0","0.166666666666667","True","90","False","30","2","obj_refine_ei","0.405246890537533"
"run_goldstein_price_20260408_113046_282432_b5ca","goldstein_price","post_0913","113046","S4_pred","True","True","0.249","True","pass","True","success","0","0.166666666666667","True","90","False","30","2","pred_refine_ei","0.279998008383225"
"run_goldstein_price_20260408_113046_282432_b5ca","goldstein_price","post_0913","113046","S8_dual","True","True","0.249","True","pass","True","success","0","0.166666666666667","True","90","False","30","2","dual_gradient_refine","0.279998008383225"
"run_goldstein_price_20260408_113046_282432_b5ca","goldstein_price","post_0913","113046","S8_obj","True","True","0.249000000000449","True","pass","True","success","0","0.166666666666667","True","90","False","30","2","obj_refine_lcb","0.405246890537533"
"run_goldstein_price_20260408_113046_282432_b5ca","goldstein_price","post_0913","113046","S8_pred","True","True","0.249","True","pass","True","success","0","0.166666666666667","True","90","False","30","2","pred_refine_lcb","0.279998008383225"
"run_goldstein_price_20260408_113139_341853_8854","goldstein_price","post_0913","113139","S4_dual","True","True","0.249","True","pass","True","success","0.666666666666667","0.833333333333333","True","90","True","30","2","dual_refine_ei","0.208548998214958"
"run_goldstein_price_20260408_113139_341853_8854","goldstein_price","post_0913","113139","S4_obj","True","True","0.249","True","pass","True","success","0.666666666666667","0.833333333333333","True","90","True","30","2","obj_refine_ei","0.208548998214958"
"run_goldstein_price_20260408_113139_341853_8854","goldstein_price","post_0913","113139","S4_pred","True","True","0.249","True","pass","True","success","0.666666666666667","0.833333333333333","True","90","True","30","2","pred_refine_ei","0.214079142711504"
"run_goldstein_price_20260408_113139_341853_8854","goldstein_price","post_0913","113139","S8_dual","True","True","0.249","True","pass","True","success","0.666666666666667","0.833333333333333","True","90","True","30","2","dual_gradient_refine","0.208548998214958"
"run_goldstein_price_20260408_113139_341853_8854","goldstein_price","post_0913","113139","S8_obj","True","True","0.249","True","pass","True","success","0.666666666666667","0.833333333333333","True","90","True","30","2","obj_refine_lcb","0.208548998214958"
"run_goldstein_price_20260408_113139_341853_8854","goldstein_price","post_0913","113139","S8_pred","True","True","0.249","True","pass","True","success","0.666666666666667","0.833333333333333","True","90","True","30","2","pred_refine_lcb","0.214079142711504"
"run_goldstein_price_20260408_113240_567787_a2da","goldstein_price","post_0913","113240","S4_dual","True","True","0.249","True","pass","True","success","0.333333333333333","0.666666666666667","True","90","True","30","2","dual_refine_ei","0.137575809577215"
"run_goldstein_price_20260408_113240_567787_a2da","goldstein_price","post_0913","113240","S4_obj","True","True","0.249000000000334","True","pass","True","success","0.333333333333333","0.666666666666667","True","90","True","30","2","obj_refine_ei","0.223041855996092"
"run_goldstein_price_20260408_113240_567787_a2da","goldstein_price","post_0913","113240","S4_pred","False","False","0.249000000000377","True","over_shrink_fail","True","success","0.333333333333333","0.666666666666667","True","90","True","30","2","pred_refine_ei","0.223041855996092"
"run_goldstein_price_20260408_113240_567787_a2da","goldstein_price","post_0913","113240","S8_dual","True","True","0.249","True","pass","True","success","0.333333333333333","0.666666666666667","True","90","True","30","2","dual_gradient_refine","0.137575809577215"
"run_goldstein_price_20260408_113240_567787_a2da","goldstein_price","post_0913","113240","S8_obj","True","True","0.249","True","pass","True","success","0.333333333333333","0.666666666666667","True","90","True","30","2","obj_refine_lcb","0.223041855996092"
"run_goldstein_price_20260408_113240_567787_a2da","goldstein_price","post_0913","113240","S8_pred","True","True","0.249","True","pass","True","success","0.333333333333333","0.666666666666667","True","90","True","30","2","pred_refine_lcb","0.223041855996092"
"run_goldstein_price_20260408_113339_003744_4f76","goldstein_price","post_0913","113339","S4_dual","False","False","0.249","True","over_shrink_fail","True","success","0.333333333333333","0.666666666666667","True","90","False","30","2","dual_refine_ei","0.0736637702675235"
"run_goldstein_price_20260408_113339_003744_4f76","goldstein_price","post_0913","113339","S4_obj","False","False","0.249000000000337","True","over_shrink_fail","True","success","0.333333333333333","0.666666666666667","True","90","False","30","2","obj_refine_ei","0.470317761907574"
"run_goldstein_price_20260408_113339_003744_4f76","goldstein_price","post_0913","113339","S4_pred","False","False","0.249000000000577","True","over_shrink_fail","True","success","0.333333333333333","0.666666666666667","True","90","False","30","2","pred_refine_ei","0.0736637702675235"
"run_goldstein_price_20260408_113339_003744_4f76","goldstein_price","post_0913","113339","S8_dual","False","False","0.249","True","over_shrink_fail","True","success","0.333333333333333","0.666666666666667","True","90","False","30","2","dual_gradient_refine","0.0736637702675235"
"run_goldstein_price_20260408_113339_003744_4f76","goldstein_price","post_0913","113339","S8_obj","False","False","0.249000000000343","True","over_shrink_fail","True","success","0.333333333333333","0.666666666666667","True","90","False","30","2","obj_refine_lcb","0.470317761907574"
"run_goldstein_price_20260408_113339_003744_4f76","goldstein_price","post_0913","113339","S8_pred","False","False","0.249","True","over_shrink_fail","True","success","0.333333333333333","0.666666666666667","True","90","False","30","2","pred_refine_lcb","0.0736637702675235"
"run_goldstein_price_20260408_113435_024481_29bf","goldstein_price","post_0913","113435","S4_dual","True","True","0.249000000000464","True","pass","True","success","0.5","0.666666666666667","True","90","True","30","2","dual_refine_ei","0.386771771488977"
"run_goldstein_price_20260408_113435_024481_29bf","goldstein_price","post_0913","113435","S4_obj","True","True","0.249","True","pass","True","success","0.5","0.666666666666667","True","90","True","30","2","obj_refine_ei","0.386771771488977"
"run_goldstein_price_20260408_113435_024481_29bf","goldstein_price","post_0913","113435","S4_pred","False","False","0.249","True","over_shrink_fail","True","success","0.5","0.666666666666667","True","90","True","30","2","pred_refine_ei","0.453072550273848"
"run_goldstein_price_20260408_113435_024481_29bf","goldstein_price","post_0913","113435","S8_dual","True","True","0.249000000000042","True","pass","True","success","0.5","0.666666666666667","True","90","True","30","2","dual_gradient_refine","0.386771771488977"
"run_goldstein_price_20260408_113435_024481_29bf","goldstein_price","post_0913","113435","S8_obj","True","True","0.249000000000452","True","pass","True","success","0.5","0.666666666666667","True","90","True","30","2","obj_refine_lcb","0.386771771488977"
"run_goldstein_price_20260408_113435_024481_29bf","goldstein_price","post_0913","113435","S8_pred","False","False","0.249","True","over_shrink_fail","True","success","0.5","0.666666666666667","True","90","True","30","2","pred_refine_lcb","0.453072550273848"
"run_goldstein_price_20260408_113541_025453_1a65","goldstein_price","post_0913","113541","S4_dual","True","True","0.249000000000429","True","pass","True","success","0.4","0.8","True","90","True","30","2","dual_refine_ei","0.440732941829494"
"run_goldstein_price_20260408_113541_025453_1a65","goldstein_price","post_0913","113541","S4_obj","True","True","0.249","True","pass","True","success","0.4","0.8","True","90","True","30","2","obj_refine_ei","0.448000271458809"
"run_goldstein_price_20260408_113541_025453_1a65","goldstein_price","post_0913","113541","S4_pred","True","True","0.249000000000588","True","pass","True","success","0.4","0.8","True","90","True","30","2","pred_refine_ei","0.424805645786656"
"run_goldstein_price_20260408_113541_025453_1a65","goldstein_price","post_0913","113541","S8_dual","True","True","0.249","True","pass","True","success","0.4","0.8","True","90","True","30","2","dual_gradient_refine","0.440732941829494"
"run_goldstein_price_20260408_113541_025453_1a65","goldstein_price","post_0913","113541","S8_obj","True","True","0.249","True","pass","True","success","0.4","0.8","True","90","True","30","2","obj_refine_lcb","0.448000271458809"
"run_goldstein_price_20260408_113541_025453_1a65","goldstein_price","post_0913","113541","S8_pred","True","True","0.249","True","pass","True","success","0.4","0.8","True","90","True","30","2","pred_refine_lcb","0.424805645786656"
"run_goldstein_price_20260408_113632_434981_f8a9","goldstein_price","post_0913","113632","S4_dual","True","True","0.249","True","pass","True","success","0.333333333333333","0.5","True","90","True","30","2","dual_refine_ei","0.0419356611332595"
"run_goldstein_price_20260408_113632_434981_f8a9","goldstein_price","post_0913","113632","S4_obj","True","True","0.249","True","pass","True","success","0.333333333333333","0.5","True","90","True","30","2","obj_refine_ei","0.0419356611332595"
"run_goldstein_price_20260408_113632_434981_f8a9","goldstein_price","post_0913","113632","S4_pred","False","False","0.249","True","over_shrink_fail","True","success","0.333333333333333","0.5","True","90","True","30","2","pred_refine_ei","0.0419356611332595"
"run_goldstein_price_20260408_113632_434981_f8a9","goldstein_price","post_0913","113632","S8_dual","True","True","0.249","True","pass","True","success","0.333333333333333","0.5","True","90","True","30","2","dual_gradient_refine","0.0419356611332595"
"run_goldstein_price_20260408_113632_434981_f8a9","goldstein_price","post_0913","113632","S8_obj","True","True","0.249","True","pass","True","success","0.333333333333333","0.5","True","90","True","30","2","obj_refine_lcb","0.0419356611332595"
"run_goldstein_price_20260408_113632_434981_f8a9","goldstein_price","post_0913","113632","S8_pred","False","False","0.249","True","over_shrink_fail","True","success","0.333333333333333","0.5","True","90","True","30","2","pred_refine_lcb","0.0419356611332595"
"run_goldstein_price_20260408_113729_005454_c282","goldstein_price","post_0913","113729","S4_dual","True","True","0.249000000000516","True","pass","True","success","0.333333333333333","0.5","True","90","False","30","2","dual_refine_ei","0.131547837173121"
"run_goldstein_price_20260408_113729_005454_c282","goldstein_price","post_0913","113729","S4_obj","True","True","0.249000000000458","True","pass","True","success","0.333333333333333","0.5","True","90","False","30","2","obj_refine_ei","0.131547837173121"
"run_goldstein_price_20260408_113729_005454_c282","goldstein_price","post_0913","113729","S4_pred","True","True","0.249","True","pass","True","success","0.333333333333333","0.5","True","90","False","30","2","pred_refine_ei","0.131547837173121"
"run_goldstein_price_20260408_113729_005454_c282","goldstein_price","post_0913","113729","S8_dual","True","True","0.249000000000516","True","pass","True","success","0.333333333333333","0.5","True","90","False","30","2","dual_gradient_refine","0.131547837173121"
"run_goldstein_price_20260408_113729_005454_c282","goldstein_price","post_0913","113729","S8_obj","True","True","0.249","True","pass","True","success","0.333333333333333","0.5","True","90","False","30","2","obj_refine_lcb","0.131547837173121"
"run_goldstein_price_20260408_113729_005454_c282","goldstein_price","post_0913","113729","S8_pred","True","True","0.249","True","pass","True","success","0.333333333333333","0.5","True","90","False","30","2","pred_refine_lcb","0.131547837173121"
"run_goldstein_price_20260408_113821_193409_0ff1","goldstein_price","post_0913","113821","S4_dual","True","True","0.249","True","pass","True","success","0.333333333333333","0.5","True","90","True","30","2","dual_refine_ei","0.490054534567291"
"run_goldstein_price_20260408_113821_193409_0ff1","goldstein_price","post_0913","113821","S4_obj","True","True","0.249","True","pass","True","success","0.333333333333333","0.5","True","90","True","30","2","obj_refine_ei","0.413039894907065"
"run_goldstein_price_20260408_113821_193409_0ff1","goldstein_price","post_0913","113821","S4_pred","False","False","0.249","True","over_shrink_fail","True","success","0.333333333333333","0.5","True","90","True","30","2","pred_refine_ei","0.50616436031637"
"run_goldstein_price_20260408_113821_193409_0ff1","goldstein_price","post_0913","113821","S8_dual","True","True","0.249","True","pass","True","success","0.333333333333333","0.5","True","90","True","30","2","dual_gradient_refine","0.490054534567291"
"run_goldstein_price_20260408_113821_193409_0ff1","goldstein_price","post_0913","113821","S8_obj","True","True","0.249","True","pass","True","success","0.333333333333333","0.5","True","90","True","30","2","obj_refine_lcb","0.413039894907065"
"run_goldstein_price_20260408_113821_193409_0ff1","goldstein_price","post_0913","113821","S8_pred","True","True","0.249","True","pass","True","success","0.333333333333333","0.5","True","90","True","30","2","pred_refine_lcb","0.50616436031637"
"run_goldstein_price_20260408_113921_165608_8af2","goldstein_price","post_0913","113921","S4_dual","True","True","0.249000000000448","True","pass","True","success","0.2","0","True","90","True","30","2","dual_refine_ei","0.35478278654061"
"run_goldstein_price_20260408_113921_165608_8af2","goldstein_price","post_0913","113921","S4_obj","True","True","0.249","True","pass","True","success","0.2","0","True","90","True","30","2","obj_refine_ei","0.398363688664008"
"run_goldstein_price_20260408_113921_165608_8af2","goldstein_price","post_0913","113921","S4_pred","True","True","0.249","True","pass","True","success","0.2","0","True","90","True","30","2","pred_refine_ei","0.389883657481861"
"run_goldstein_price_20260408_113921_165608_8af2","goldstein_price","post_0913","113921","S8_dual","True","True","0.249000000000458","True","pass","True","success","0.2","0","True","90","True","30","2","dual_gradient_refine","0.35478278654061"
"run_goldstein_price_20260408_113921_165608_8af2","goldstein_price","post_0913","113921","S8_obj","True","True","0.249000000000441","True","pass","True","success","0.2","0","True","90","True","30","2","obj_refine_lcb","0.398363688664008"
"run_goldstein_price_20260408_113921_165608_8af2","goldstein_price","post_0913","113921","S8_pred","True","True","0.249","True","pass","True","success","0.2","0","True","90","True","30","2","pred_refine_lcb","0.389883657481861"
"run_goldstein_price_20260408_114018_636413_b9f1","goldstein_price","post_0913","114018","S4_dual","True","True","0.249000000000169","True","pass","True","success","0","0.666666666666667","True","90","False","30","2","dual_refine_ei","0.332718286719654"
"run_goldstein_price_20260408_114018_636413_b9f1","goldstein_price","post_0913","114018","S4_obj","True","True","0.249000000000299","True","pass","True","success","0","0.666666666666667","True","90","False","30","2","obj_refine_ei","0.332718286719654"
"run_goldstein_price_20260408_114018_636413_b9f1","goldstein_price","post_0913","114018","S4_pred","True","True","0.249000000000099","True","pass","True","success","0","0.666666666666667","True","90","False","30","2","pred_refine_ei","0.332718286719654"
"run_goldstein_price_20260408_114018_636413_b9f1","goldstein_price","post_0913","114018","S8_dual","True","True","0.249000000000015","True","pass","True","success","0","0.666666666666667","True","90","False","30","2","dual_gradient_refine","0.332718286719654"
"run_goldstein_price_20260408_114018_636413_b9f1","goldstein_price","post_0913","114018","S8_obj","True","True","0.249000000000312","True","pass","True","success","0","0.666666666666667","True","90","False","30","2","obj_refine_lcb","0.332718286719654"
"run_goldstein_price_20260408_114018_636413_b9f1","goldstein_price","post_0913","114018","S8_pred","True","True","0.24900000000001","True","pass","True","success","0","0.666666666666667","True","90","False","30","2","pred_refine_lcb","0.332718286719654"
"run_goldstein_price_20260408_114106_964649_bf20","goldstein_price","post_0913","114106","S4_dual","True","True","0.249","True","pass","True","success","0.166666666666667","0.833333333333333","True","90","True","30","2","dual_refine_ei","0.22700112369764"
"run_goldstein_price_20260408_114106_964649_bf20","goldstein_price","post_0913","114106","S4_obj","True","True","0.249","True","pass","True","success","0.166666666666667","0.833333333333333","True","90","True","30","2","obj_refine_ei","0.308213012538826"
"run_goldstein_price_20260408_114106_964649_bf20","goldstein_price","post_0913","114106","S4_pred","False","False","0.249","True","over_shrink_fail","True","success","0.166666666666667","0.833333333333333","True","90","True","30","2","pred_refine_ei","0.316521956621839"
"run_goldstein_price_20260408_114106_964649_bf20","goldstein_price","post_0913","114106","S8_dual","True","True","0.249000000000401","True","pass","True","success","0.166666666666667","0.833333333333333","True","90","True","30","2","dual_gradient_refine","0.22700112369764"
"run_goldstein_price_20260408_114106_964649_bf20","goldstein_price","post_0913","114106","S8_obj","True","True","0.249000000000421","True","pass","True","success","0.166666666666667","0.833333333333333","True","90","True","30","2","obj_refine_lcb","0.308213012538826"
"run_goldstein_price_20260408_114106_964649_bf20","goldstein_price","post_0913","114106","S8_pred","False","False","0.249","True","over_shrink_fail","True","success","0.166666666666667","0.833333333333333","True","90","True","30","2","pred_refine_lcb","0.316521956621839"
"run_goldstein_price_20260408_114154_595850_f1bf","goldstein_price","post_0913","114154","S4_dual","True","True","0.249","True","pass","True","success","0.5","0.166666666666667","True","90","True","30","2","dual_refine_ei","0.328096642654777"
"run_goldstein_price_20260408_114154_595850_f1bf","goldstein_price","post_0913","114154","S4_obj","True","True","0.249","True","pass","True","success","0.5","0.166666666666667","True","90","True","30","2","obj_refine_ei","0.328096642654777"
"run_goldstein_price_20260408_114154_595850_f1bf","goldstein_price","post_0913","114154","S4_pred","False","False","0.249000000000424","True","over_shrink_fail","True","success","0.5","0.166666666666667","True","90","True","30","2","pred_refine_ei","0.286069957852632"
"run_goldstein_price_20260408_114154_595850_f1bf","goldstein_price","post_0913","114154","S8_dual","True","True","0.249","True","pass","True","success","0.5","0.166666666666667","True","90","True","30","2","dual_gradient_refine","0.328096642654777"
"run_goldstein_price_20260408_114154_595850_f1bf","goldstein_price","post_0913","114154","S8_obj","True","True","0.249","True","pass","True","success","0.5","0.166666666666667","True","90","True","30","2","obj_refine_lcb","0.328096642654777"
"run_goldstein_price_20260408_114154_595850_f1bf","goldstein_price","post_0913","114154","S8_pred","False","False","0.249","True","over_shrink_fail","True","success","0.5","0.166666666666667","True","90","True","30","2","pred_refine_lcb","0.286069957852632"
"run_goldstein_price_20260408_114249_618918_1824","goldstein_price","post_0913","114249","S4_dual","True","True","0.249","True","pass","True","success","0.166666666666667","0.333333333333333","True","90","False","30","2","dual_refine_ei","0.156236100749852"
"run_goldstein_price_20260408_114249_618918_1824","goldstein_price","post_0913","114249","S4_obj","True","True","0.249","True","pass","True","success","0.166666666666667","0.333333333333333","True","90","False","30","2","obj_refine_ei","0.156236100749852"
"run_goldstein_price_20260408_114249_618918_1824","goldstein_price","post_0913","114249","S4_pred","True","True","0.249","True","pass","True","success","0.166666666666667","0.333333333333333","True","90","False","30","2","pred_refine_ei","0.156236100749852"
"run_goldstein_price_20260408_114249_618918_1824","goldstein_price","post_0913","114249","S8_dual","True","True","0.249","True","pass","True","success","0.166666666666667","0.333333333333333","True","90","False","30","2","dual_gradient_refine","0.156236100749852"
"run_goldstein_price_20260408_114249_618918_1824","goldstein_price","post_0913","114249","S8_obj","True","True","0.249","True","pass","True","success","0.166666666666667","0.333333333333333","True","90","False","30","2","obj_refine_lcb","0.156236100749852"
"run_goldstein_price_20260408_114249_618918_1824","goldstein_price","post_0913","114249","S8_pred","True","True","0.249","True","pass","True","success","0.166666666666667","0.333333333333333","True","90","False","30","2","pred_refine_lcb","0.156236100749852"
"run_goldstein_price_20260408_114341_785744_d4d0","goldstein_price","post_0913","114341","S4_dual","True","True","0.249","True","pass","True","success","0.5","0.833333333333333","True","90","True","30","2","dual_refine_ei","0.331143080186754"
"run_goldstein_price_20260408_114341_785744_d4d0","goldstein_price","post_0913","114341","S4_obj","True","True","0.249","True","pass","True","success","0.5","0.833333333333333","True","90","True","30","2","obj_refine_ei","0.387081125803784"
"run_goldstein_price_20260408_114341_785744_d4d0","goldstein_price","post_0913","114341","S4_pred","True","True","0.249","True","pass","True","success","0.5","0.833333333333333","True","90","True","30","2","pred_refine_ei","0.349730500909429"
"run_goldstein_price_20260408_114341_785744_d4d0","goldstein_price","post_0913","114341","S8_dual","True","True","0.249","True","pass","True","success","0.5","0.833333333333333","True","90","True","30","2","dual_gradient_refine","0.331143080186754"
"run_goldstein_price_20260408_114341_785744_d4d0","goldstein_price","post_0913","114341","S8_obj","True","True","0.249","True","pass","True","success","0.5","0.833333333333333","True","90","True","30","2","obj_refine_lcb","0.387081125803784"
"run_goldstein_price_20260408_114341_785744_d4d0","goldstein_price","post_0913","114341","S8_pred","True","True","0.249000000000297","True","pass","True","success","0.5","0.833333333333333","True","90","True","30","2","pred_refine_lcb","0.349730500909429"
"run_goldstein_price_20260408_114443_451376_28b3","goldstein_price","post_0913","114443","S4_dual","False","False","0.249","True","over_shrink_fail","True","success","0.166666666666667","0.5","True","90","False","30","2","dual_refine_ei","0.370550159409303"
"run_goldstein_price_20260408_114443_451376_28b3","goldstein_price","post_0913","114443","S4_obj","True","True","0.249000000000409","True","pass","True","success","0.166666666666667","0.5","True","90","False","30","2","obj_refine_ei","0.344719403522251"
"run_goldstein_price_20260408_114443_451376_28b3","goldstein_price","post_0913","114443","S4_pred","False","False","0.249000000000477","True","over_shrink_fail","True","success","0.166666666666667","0.5","True","90","False","30","2","pred_refine_ei","0.344719403522251"
"run_goldstein_price_20260408_114443_451376_28b3","goldstein_price","post_0913","114443","S8_dual","False","False","0.249","True","over_shrink_fail","True","success","0.166666666666667","0.5","True","90","False","30","2","dual_gradient_refine","0.370550159409303"
"run_goldstein_price_20260408_114443_451376_28b3","goldstein_price","post_0913","114443","S8_obj","True","True","0.249","True","pass","True","success","0.166666666666667","0.5","True","90","False","30","2","obj_refine_lcb","0.344719403522251"
"run_goldstein_price_20260408_114443_451376_28b3","goldstein_price","post_0913","114443","S8_pred","False","False","0.249","True","over_shrink_fail","True","success","0.166666666666667","0.5","True","90","False","30","2","pred_refine_lcb","0.344719403522251"
"run_goldstein_price_20260408_114544_784719_a85a","goldstein_price","post_0913","114544","S4_dual","True","True","0.249000000000457","True","pass","True","success","0.4","0.6","True","90","True","30","2","dual_refine_ei","0.233646904127623"
"run_goldstein_price_20260408_114544_784719_a85a","goldstein_price","post_0913","114544","S4_obj","True","True","0.249","True","pass","True","success","0.4","0.6","True","90","True","30","2","obj_refine_ei","0.233646904127623"
"run_goldstein_price_20260408_114544_784719_a85a","goldstein_price","post_0913","114544","S4_pred","True","True","0.249","True","pass","True","success","0.4","0.6","True","90","True","30","2","pred_refine_ei","0.233646904127623"
"run_goldstein_price_20260408_114544_784719_a85a","goldstein_price","post_0913","114544","S8_dual","True","True","0.24900000000042","True","pass","True","success","0.4","0.6","True","90","True","30","2","dual_gradient_refine","0.233646904127623"
"run_goldstein_price_20260408_114544_784719_a85a","goldstein_price","post_0913","114544","S8_obj","True","True","0.249000000000372","True","pass","True","success","0.4","0.6","True","90","True","30","2","obj_refine_lcb","0.233646904127623"
"run_goldstein_price_20260408_114544_784719_a85a","goldstein_price","post_0913","114544","S8_pred","True","True","0.249","True","pass","True","success","0.4","0.6","True","90","True","30","2","pred_refine_lcb","0.233646904127623"
"run_rosenbrock_20260408_091444_979635_e632","rosenbrock","post_0913","091444","S4_dual","True","True","0.249","True","pass","True","success","1","1","True","270","True","40.9090909090909","5","dual_refine_ei","0.734029912574438"
"run_rosenbrock_20260408_091444_979635_e632","rosenbrock","post_0913","091444","S4_obj","True","True","0.249000000000288","True","pass","True","success","1","1","True","270","True","40.9090909090909","5","obj_refine_ei","0.712156766041272"
"run_rosenbrock_20260408_091444_979635_e632","rosenbrock","post_0913","091444","S4_pred","True","True","0.249000000000078","True","pass","True","success","1","1","True","270","True","40.9090909090909","5","pred_refine_ei","0.714779155566833"
"run_rosenbrock_20260408_091444_979635_e632","rosenbrock","post_0913","091444","S8_dual","True","True","0.249000000000132","True","pass","True","success","1","1","True","270","True","40.9090909090909","5","dual_gradient_refine","0.734029912574438"
"run_rosenbrock_20260408_091444_979635_e632","rosenbrock","post_0913","091444","S8_obj","True","True","0.249000000000513","True","pass","True","success","1","1","True","270","True","40.9090909090909","5","obj_refine_lcb","0.712156766041272"
"run_rosenbrock_20260408_091444_979635_e632","rosenbrock","post_0913","091444","S8_pred","True","True","0.249","True","pass","True","success","1","1","True","270","True","40.9090909090909","5","pred_refine_lcb","0.714779155566833"
"run_rosenbrock_20260408_091526_419968_28c3","rosenbrock","post_0913","091526","S4_dual","True","True","0.249","True","pass","True","success","0.666666666666667","1","True","270","True","40.9090909090909","5","dual_refine_ei","0.693289088677752"
"run_rosenbrock_20260408_091526_419968_28c3","rosenbrock","post_0913","091526","S4_obj","True","True","0.249000000000394","True","pass","True","success","0.666666666666667","1","True","270","True","40.9090909090909","5","obj_refine_ei","0.671212237581878"
"run_rosenbrock_20260408_091526_419968_28c3","rosenbrock","post_0913","091526","S4_pred","True","True","0.249","True","pass","True","success","0.666666666666667","1","True","270","True","40.9090909090909","5","pred_refine_ei","0.668031310903828"
"run_rosenbrock_20260408_091526_419968_28c3","rosenbrock","post_0913","091526","S8_dual","True","True","0.249","True","pass","True","success","0.666666666666667","1","True","270","True","40.9090909090909","5","dual_gradient_refine","0.693289088677752"
"run_rosenbrock_20260408_091526_419968_28c3","rosenbrock","post_0913","091526","S8_obj","True","True","0.249000000000283","True","pass","True","success","0.666666666666667","1","True","270","True","40.9090909090909","5","obj_refine_lcb","0.671212237581878"
"run_rosenbrock_20260408_091526_419968_28c3","rosenbrock","post_0913","091526","S8_pred","True","True","0.249000000000128","True","pass","True","success","0.666666666666667","1","True","270","True","40.9090909090909","5","pred_refine_lcb","0.668031310903828"
"run_rosenbrock_20260408_091714_756626_f028","rosenbrock","post_0913","091714","S4_dual","True","True","0.249","True","pass","True","success","1","0.5","True","270","True","40.9090909090909","5","dual_refine_ei","0.725206437044881"
"run_rosenbrock_20260408_091714_756626_f028","rosenbrock","post_0913","091714","S4_obj","True","True","0.249000000000339","True","pass","True","success","1","0.5","True","270","True","40.9090909090909","5","obj_refine_ei","0.693590496520772"
"run_rosenbrock_20260408_091714_756626_f028","rosenbrock","post_0913","091714","S4_pred","True","True","0.249","True","pass","True","success","1","0.5","True","270","True","40.9090909090909","5","pred_refine_ei","0.699824428661013"
"run_rosenbrock_20260408_091714_756626_f028","rosenbrock","post_0913","091714","S8_dual","True","True","0.249000000000096","True","pass","True","success","1","0.5","True","270","True","40.9090909090909","5","dual_gradient_refine","0.725206437044881"
"run_rosenbrock_20260408_091714_756626_f028","rosenbrock","post_0913","091714","S8_obj","True","True","0.249000000000385","True","pass","True","success","1","0.5","True","270","True","40.9090909090909","5","obj_refine_lcb","0.693590496520772"
"run_rosenbrock_20260408_091714_756626_f028","rosenbrock","post_0913","091714","S8_pred","True","True","0.249000000000123","True","pass","True","success","1","0.5","True","270","True","40.9090909090909","5","pred_refine_lcb","0.699824428661013"
"run_rosenbrock_20260408_091818_794603_ee27","rosenbrock","post_0913","091818","S4_dual","True","True","0.249","True","pass","True","success","1","0.333333333333333","True","270","True","40.9090909090909","5","dual_refine_ei","0.709979695730687"
"run_rosenbrock_20260408_091818_794603_ee27","rosenbrock","post_0913","091818","S4_obj","True","True","0.249000000000273","True","pass","True","success","1","0.333333333333333","True","270","True","40.9090909090909","5","obj_refine_ei","0.684645223999497"
"run_rosenbrock_20260408_091818_794603_ee27","rosenbrock","post_0913","091818","S4_pred","True","True","0.24900000000019","True","pass","True","success","1","0.333333333333333","True","270","True","40.9090909090909","5","pred_refine_ei","0.688973976134428"
"run_rosenbrock_20260408_091818_794603_ee27","rosenbrock","post_0913","091818","S8_dual","True","True","0.249","True","pass","True","success","1","0.333333333333333","True","270","True","40.9090909090909","5","dual_gradient_refine","0.709979695730687"
"run_rosenbrock_20260408_091818_794603_ee27","rosenbrock","post_0913","091818","S8_obj","True","True","0.24900000000017","True","pass","True","success","1","0.333333333333333","True","270","True","40.9090909090909","5","obj_refine_lcb","0.684645223999497"
"run_rosenbrock_20260408_091818_794603_ee27","rosenbrock","post_0913","091818","S8_pred","True","True","0.249","True","pass","True","success","1","0.333333333333333","True","270","True","40.9090909090909","5","pred_refine_lcb","0.688973976134428"
"run_rosenbrock_20260408_091937_609580_3d11","rosenbrock","post_0913","091937","S4_dual","True","True","0.249","True","pass","True","success","0.5","0.5","True","270","True","40.9090909090909","5","dual_refine_ei","0.695375135870102"
"run_rosenbrock_20260408_091937_609580_3d11","rosenbrock","post_0913","091937","S4_obj","False","False","0.24900000000018","True","over_shrink_fail","True","success","0.5","0.5","True","270","True","40.9090909090909","5","obj_refine_ei","0.672181800279859"
"run_rosenbrock_20260408_091937_609580_3d11","rosenbrock","post_0913","091937","S4_pred","True","True","0.249","True","pass","True","success","0.5","0.5","True","270","True","40.9090909090909","5","pred_refine_ei","0.671803596402825"
"run_rosenbrock_20260408_091937_609580_3d11","rosenbrock","post_0913","091937","S8_dual","True","True","0.249000000000187","True","pass","True","success","0.5","0.5","True","270","True","40.9090909090909","5","dual_gradient_refine","0.695375135870102"
"run_rosenbrock_20260408_091937_609580_3d11","rosenbrock","post_0913","091937","S8_obj","False","False","0.24900000000011","True","over_shrink_fail","True","success","0.5","0.5","True","270","True","40.9090909090909","5","obj_refine_lcb","0.672181800279859"
"run_rosenbrock_20260408_091937_609580_3d11","rosenbrock","post_0913","091937","S8_pred","True","True","0.249000000000206","True","pass","True","success","0.5","0.5","True","270","True","40.9090909090909","5","pred_refine_lcb","0.671803596402825"
"run_rosenbrock_20260408_092111_646505_8afb","rosenbrock","post_0913","092111","S4_dual","True","True","0.249","True","pass","True","success","0.833333333333333","0.833333333333333","True","270","True","40.9090909090909","5","dual_refine_ei","0.670228508881972"
"run_rosenbrock_20260408_092111_646505_8afb","rosenbrock","post_0913","092111","S4_obj","True","True","0.249000000000144","True","pass","True","success","0.833333333333333","0.833333333333333","True","270","True","40.9090909090909","5","obj_refine_ei","0.658112199650475"
"run_rosenbrock_20260408_092111_646505_8afb","rosenbrock","post_0913","092111","S4_pred","True","True","0.249","True","pass","True","success","0.833333333333333","0.833333333333333","True","270","True","40.9090909090909","5","pred_refine_ei","0.656921595429349"
"run_rosenbrock_20260408_092111_646505_8afb","rosenbrock","post_0913","092111","S8_dual","True","True","0.249","True","pass","True","success","0.833333333333333","0.833333333333333","True","270","True","40.9090909090909","5","dual_gradient_refine","0.670228508881972"
"run_rosenbrock_20260408_092111_646505_8afb","rosenbrock","post_0913","092111","S8_obj","True","True","0.24900000000028","True","pass","True","success","0.833333333333333","0.833333333333333","True","270","True","40.9090909090909","5","obj_refine_lcb","0.658112199650475"
"run_rosenbrock_20260408_092111_646505_8afb","rosenbrock","post_0913","092111","S8_pred","True","True","0.249","True","pass","True","success","0.833333333333333","0.833333333333333","True","270","True","40.9090909090909","5","pred_refine_lcb","0.656921595429349"
"run_rosenbrock_20260408_092156_242875_904e","rosenbrock","post_0913","092156","S4_dual","True","True","0.249000000000275","True","pass","True","success","0.666666666666667","1","True","270","True","40.9090909090909","5","dual_refine_ei","0.671190940446333"
"run_rosenbrock_20260408_092156_242875_904e","rosenbrock","post_0913","092156","S4_obj","True","True","0.249000000000124","True","pass","True","success","0.666666666666667","1","True","270","True","40.9090909090909","5","obj_refine_ei","0.659339003425364"
"run_rosenbrock_20260408_092156_242875_904e","rosenbrock","post_0913","092156","S4_pred","True","True","0.249000000000251","True","pass","True","success","0.666666666666667","1","True","270","True","40.9090909090909","5","pred_refine_ei","0.663372529904154"
"run_rosenbrock_20260408_092156_242875_904e","rosenbrock","post_0913","092156","S8_dual","True","True","0.249000000000148","True","pass","True","success","0.666666666666667","1","True","270","True","40.9090909090909","5","dual_gradient_refine","0.671190940446333"
"run_rosenbrock_20260408_092156_242875_904e","rosenbrock","post_0913","092156","S8_obj","True","True","0.249000000000124","True","pass","True","success","0.666666666666667","1","True","270","True","40.9090909090909","5","obj_refine_lcb","0.659339003425364"
"run_rosenbrock_20260408_092156_242875_904e","rosenbrock","post_0913","092156","S8_pred","True","True","0.249000000000137","True","pass","True","success","0.666666666666667","1","True","270","True","40.9090909090909","5","pred_refine_lcb","0.663372529904154"
"run_rosenbrock_20260408_092353_623536_198a","rosenbrock","post_0913","092353","S4_dual","True","True","0.249000000000068","True","pass","True","success","0.833333333333333","0.666666666666667","True","270","True","40.9090909090909","5","dual_refine_ei","0.696988185440334"
"run_rosenbrock_20260408_092353_623536_198a","rosenbrock","post_0913","092353","S4_obj","True","True","0.249000000000145","True","pass","True","success","0.833333333333333","0.666666666666667","True","270","True","40.9090909090909","5","obj_refine_ei","0.665465808654156"
"run_rosenbrock_20260408_092353_623536_198a","rosenbrock","post_0913","092353","S4_pred","True","True","0.249","True","pass","True","success","0.833333333333333","0.666666666666667","True","270","True","40.9090909090909","5","pred_refine_ei","0.669570489738235"
"run_rosenbrock_20260408_092353_623536_198a","rosenbrock","post_0913","092353","S8_dual","True","True","0.249000000000016","True","pass","True","success","0.833333333333333","0.666666666666667","True","270","True","40.9090909090909","5","dual_gradient_refine","0.696988185440334"
"run_rosenbrock_20260408_092353_623536_198a","rosenbrock","post_0913","092353","S8_obj","True","True","0.24900000000031","True","pass","True","success","0.833333333333333","0.666666666666667","True","270","True","40.9090909090909","5","obj_refine_lcb","0.665465808654156"
"run_rosenbrock_20260408_092353_623536_198a","rosenbrock","post_0913","092353","S8_pred","True","True","0.24900000000021","True","pass","True","success","0.833333333333333","0.666666666666667","True","270","True","40.9090909090909","5","pred_refine_lcb","0.669570489738235"
"run_rosenbrock_20260408_092424_384164_e2be","rosenbrock","post_0913","092424","S4_dual","True","True","0.249000000000247","True","pass","True","success","0.666666666666667","0.833333333333333","True","270","True","40.9090909090909","5","dual_refine_ei","0.690391253351148"
"run_rosenbrock_20260408_092424_384164_e2be","rosenbrock","post_0913","092424","S4_obj","True","True","0.249000000000096","True","pass","True","success","0.666666666666667","0.833333333333333","True","270","True","40.9090909090909","5","obj_refine_ei","0.669088312077489"
"run_rosenbrock_20260408_092424_384164_e2be","rosenbrock","post_0913","092424","S4_pred","True","True","0.24900000000013","True","pass","True","success","0.666666666666667","0.833333333333333","True","270","True","40.9090909090909","5","pred_refine_ei","0.673453679927061"
"run_rosenbrock_20260408_092424_384164_e2be","rosenbrock","post_0913","092424","S8_dual","True","True","0.249000000000251","True","pass","True","success","0.666666666666667","0.833333333333333","True","270","True","40.9090909090909","5","dual_gradient_refine","0.690391253351148"
"run_rosenbrock_20260408_092424_384164_e2be","rosenbrock","post_0913","092424","S8_obj","True","True","0.249000000000201","True","pass","True","success","0.666666666666667","0.833333333333333","True","270","True","40.9090909090909","5","obj_refine_lcb","0.669088312077489"
"run_rosenbrock_20260408_092424_384164_e2be","rosenbrock","post_0913","092424","S8_pred","True","True","0.24900000000013","True","pass","True","success","0.666666666666667","0.833333333333333","True","270","True","40.9090909090909","5","pred_refine_lcb","0.673453679927061"
"run_rosenbrock_20260408_092634_040325_8a68","rosenbrock","post_0913","092634","S4_dual","True","True","0.249","True","pass","True","success","0.666666666666667","0.833333333333333","True","270","True","40.9090909090909","5","dual_refine_ei","0.693327476770493"
"run_rosenbrock_20260408_092634_040325_8a68","rosenbrock","post_0913","092634","S4_obj","True","True","0.249000000000072","True","pass","True","success","0.666666666666667","0.833333333333333","True","270","True","40.9090909090909","5","obj_refine_ei","0.675461993889039"
"run_rosenbrock_20260408_092634_040325_8a68","rosenbrock","post_0913","092634","S4_pred","True","True","0.249000000000149","True","pass","True","success","0.666666666666667","0.833333333333333","True","270","True","40.9090909090909","5","pred_refine_ei","0.678191445585245"
"run_rosenbrock_20260408_092634_040325_8a68","rosenbrock","post_0913","092634","S8_dual","True","True","0.249","True","pass","True","success","0.666666666666667","0.833333333333333","True","270","True","40.9090909090909","5","dual_gradient_refine","0.693327476770493"
"run_rosenbrock_20260408_092634_040325_8a68","rosenbrock","post_0913","092634","S8_obj","True","True","0.249000000000249","True","pass","True","success","0.666666666666667","0.833333333333333","True","270","True","40.9090909090909","5","obj_refine_lcb","0.675461993889039"
"run_rosenbrock_20260408_092634_040325_8a68","rosenbrock","post_0913","092634","S8_pred","True","True","0.249","True","pass","True","success","0.666666666666667","0.833333333333333","True","270","True","40.9090909090909","5","pred_refine_lcb","0.678191445585245"
"run_rosenbrock_20260408_092638_135071_7b92","rosenbrock","post_0913","092638","S4_dual","True","True","0.249000000000218","True","pass","True","success","0.5","0.666666666666667","True","270","True","40.9090909090909","5","dual_refine_ei","0.719857986893183"
"run_rosenbrock_20260408_092638_135071_7b92","rosenbrock","post_0913","092638","S4_obj","True","True","0.249000000000333","True","pass","True","success","0.5","0.666666666666667","True","270","True","40.9090909090909","5","obj_refine_ei","0.689487988001967"
"run_rosenbrock_20260408_092638_135071_7b92","rosenbrock","post_0913","092638","S4_pred","True","True","0.249000000000093","True","pass","True","success","0.5","0.666666666666667","True","270","True","40.9090909090909","5","pred_refine_ei","0.694623744583896"
"run_rosenbrock_20260408_092638_135071_7b92","rosenbrock","post_0913","092638","S8_dual","True","True","0.249000000000204","True","pass","True","success","0.5","0.666666666666667","True","270","True","40.9090909090909","5","dual_gradient_refine","0.719857986893183"
"run_rosenbrock_20260408_092638_135071_7b92","rosenbrock","post_0913","092638","S8_obj","True","True","0.249000000000272","True","pass","True","success","0.5","0.666666666666667","True","270","True","40.9090909090909","5","obj_refine_lcb","0.689487988001967"
"run_rosenbrock_20260408_092638_135071_7b92","rosenbrock","post_0913","092638","S8_pred","True","True","0.249","True","pass","True","success","0.5","0.666666666666667","True","270","True","40.9090909090909","5","pred_refine_lcb","0.694623744583896"
"run_rosenbrock_20260408_092854_130513_0272","rosenbrock","post_0913","092854","S4_dual","True","True","0.249","True","pass","True","success","0.666666666666667","0.666666666666667","True","270","True","40.9090909090909","5","dual_refine_ei","0.684180333627878"
"run_rosenbrock_20260408_092854_130513_0272","rosenbrock","post_0913","092854","S4_obj","True","True","0.249000000000047","True","pass","True","success","0.666666666666667","0.666666666666667","True","270","True","40.9090909090909","5","obj_refine_ei","0.66308931181318"
"run_rosenbrock_20260408_092854_130513_0272","rosenbrock","post_0913","092854","S4_pred","True","True","0.249000000000093","True","pass","True","success","0.666666666666667","0.666666666666667","True","270","True","40.9090909090909","5","pred_refine_ei","0.666277486082341"
"run_rosenbrock_20260408_092854_130513_0272","rosenbrock","post_0913","092854","S8_dual","True","True","0.249","True","pass","True","success","0.666666666666667","0.666666666666667","True","270","True","40.9090909090909","5","dual_gradient_refine","0.684180333627878"
"run_rosenbrock_20260408_092854_130513_0272","rosenbrock","post_0913","092854","S8_obj","True","True","0.249000000000344","True","pass","True","success","0.666666666666667","0.666666666666667","True","270","True","40.9090909090909","5","obj_refine_lcb","0.66308931181318"
"run_rosenbrock_20260408_092854_130513_0272","rosenbrock","post_0913","092854","S8_pred","True","True","0.249","True","pass","True","success","0.666666666666667","0.666666666666667","True","270","True","40.9090909090909","5","pred_refine_lcb","0.666277486082341"
"run_rosenbrock_20260408_092910_016498_664a","rosenbrock","post_0913","092910","S4_dual","True","True","0.249000000000273","True","pass","True","success","0.666666666666667","0.833333333333333","True","270","True","40.9090909090909","5","dual_refine_ei","0.721153424928209"
"run_rosenbrock_20260408_092910_016498_664a","rosenbrock","post_0913","092910","S4_obj","True","True","0.249000000000133","True","pass","True","success","0.666666666666667","0.833333333333333","True","270","True","40.9090909090909","5","obj_refine_ei","0.695145708245804"
"run_rosenbrock_20260408_092910_016498_664a","rosenbrock","post_0913","092910","S4_pred","True","True","0.249000000000166","True","pass","True","success","0.666666666666667","0.833333333333333","True","270","True","40.9090909090909","5","pred_refine_ei","0.693480954856413"
"run_rosenbrock_20260408_092910_016498_664a","rosenbrock","post_0913","092910","S8_dual","True","True","0.249000000000273","True","pass","True","success","0.666666666666667","0.833333333333333","True","270","True","40.9090909090909","5","dual_gradient_refine","0.721153424928209"
"run_rosenbrock_20260408_092910_016498_664a","rosenbrock","post_0913","092910","S8_obj","True","True","0.249000000000133","True","pass","True","success","0.666666666666667","0.833333333333333","True","270","True","40.9090909090909","5","obj_refine_lcb","0.695145708245804"
"run_rosenbrock_20260408_092910_016498_664a","rosenbrock","post_0913","092910","S8_pred","True","True","0.249","True","pass","True","success","0.666666666666667","0.833333333333333","True","270","True","40.9090909090909","5","pred_refine_lcb","0.693480954856413"
"run_rosenbrock_20260408_093121_173469_46fc","rosenbrock","post_0913","093121","S4_dual","False","False","0.249000000000176","True","over_shrink_fail","True","success","0.5","0.833333333333333","True","270","True","40.9090909090909","5","dual_refine_ei","0.641248466557737"
"run_rosenbrock_20260408_093121_173469_46fc","rosenbrock","post_0913","093121","S4_obj","True","True","0.249000000000353","True","pass","True","success","0.5","0.833333333333333","True","270","True","40.9090909090909","5","obj_refine_ei","0.63869250646875"
"run_rosenbrock_20260408_093121_173469_46fc","rosenbrock","post_0913","093121","S4_pred","False","False","0.249000000000152","True","over_shrink_fail","True","success","0.5","0.833333333333333","True","270","True","40.9090909090909","5","pred_refine_ei","0.63869250646875"
"run_rosenbrock_20260408_093121_173469_46fc","rosenbrock","post_0913","093121","S8_dual","False","False","0.24900000000028","True","over_shrink_fail","True","success","0.5","0.833333333333333","True","270","True","40.9090909090909","5","dual_gradient_refine","0.641248466557737"
"run_rosenbrock_20260408_093121_173469_46fc","rosenbrock","post_0913","093121","S8_obj","True","True","0.249000000000386","True","pass","True","success","0.5","0.833333333333333","True","270","True","40.9090909090909","5","obj_refine_lcb","0.63869250646875"
"run_rosenbrock_20260408_093121_173469_46fc","rosenbrock","post_0913","093121","S8_pred","False","False","0.24900000000026","True","over_shrink_fail","True","success","0.5","0.833333333333333","True","270","True","40.9090909090909","5","pred_refine_lcb","0.63869250646875"
"run_rosenbrock_20260408_093142_171941_7c57","rosenbrock","post_0913","093142","S4_dual","True","True","0.249000000000244","True","pass","True","success","0.5","0.833333333333333","True","270","True","40.9090909090909","5","dual_refine_ei","0.702006385948336"
"run_rosenbrock_20260408_093142_171941_7c57","rosenbrock","post_0913","093142","S4_obj","True","True","0.249000000000085","True","pass","True","success","0.5","0.833333333333333","True","270","True","40.9090909090909","5","obj_refine_ei","0.680584599578369"
"run_rosenbrock_20260408_093142_171941_7c57","rosenbrock","post_0913","093142","S4_pred","True","True","0.249000000000212","True","pass","True","success","0.5","0.833333333333333","True","270","True","40.9090909090909","5","pred_refine_ei","0.676628008840855"
"run_rosenbrock_20260408_093142_171941_7c57","rosenbrock","post_0913","093142","S8_dual","True","True","0.249000000000035","True","pass","True","success","0.5","0.833333333333333","True","270","True","40.9090909090909","5","dual_gradient_refine","0.702006385948336"
"run_rosenbrock_20260408_093142_171941_7c57","rosenbrock","post_0913","093142","S8_obj","True","True","0.249000000000116","True","pass","True","success","0.5","0.833333333333333","True","270","True","40.9090909090909","5","obj_refine_lcb","0.680584599578369"
"run_rosenbrock_20260408_093142_171941_7c57","rosenbrock","post_0913","093142","S8_pred","True","True","0.249000000000195","True","pass","True","success","0.5","0.833333333333333","True","270","True","40.9090909090909","5","pred_refine_lcb","0.676628008840855"
"run_rosenbrock_20260408_093313_451703_410f","rosenbrock","post_0913","093313","S4_dual","True","True","0.249000000000318","True","pass","True","success","0.833333333333333","0.833333333333333","True","270","True","40.9090909090909","5","dual_refine_ei","0.572511737767538"
"run_rosenbrock_20260408_093313_451703_410f","rosenbrock","post_0913","093313","S4_obj","True","True","0.249000000000159","True","pass","True","success","0.833333333333333","0.833333333333333","True","270","True","40.9090909090909","5","obj_refine_ei","0.572511737767538"
"run_rosenbrock_20260408_093313_451703_410f","rosenbrock","post_0913","093313","S4_pred","True","True","0.249000000000408","True","pass","True","success","0.833333333333333","0.833333333333333","True","270","True","40.9090909090909","5","pred_refine_ei","0.572511737767538"
"run_rosenbrock_20260408_093313_451703_410f","rosenbrock","post_0913","093313","S8_dual","True","True","0.249000000000033","True","pass","True","success","0.833333333333333","0.833333333333333","True","270","True","40.9090909090909","5","dual_gradient_refine","0.572511737767538"
"run_rosenbrock_20260408_093313_451703_410f","rosenbrock","post_0913","093313","S8_obj","True","True","0.249000000000398","True","pass","True","success","0.833333333333333","0.833333333333333","True","270","True","40.9090909090909","5","obj_refine_lcb","0.572511737767538"
"run_rosenbrock_20260408_093313_451703_410f","rosenbrock","post_0913","093313","S8_pred","True","True","0.249000000000125","True","pass","True","success","0.833333333333333","0.833333333333333","True","270","True","40.9090909090909","5","pred_refine_lcb","0.572511737767538"
"run_rosenbrock_20260408_093502_878741_c37f","rosenbrock","post_0913","093502","S4_dual","True","True","0.249","True","pass","True","success","1","0.666666666666667","True","270","True","40.9090909090909","5","dual_refine_ei","0.682349649801815"
"run_rosenbrock_20260408_093502_878741_c37f","rosenbrock","post_0913","093502","S4_obj","True","True","0.249000000000459","True","pass","True","success","1","0.666666666666667","True","270","True","40.9090909090909","5","obj_refine_ei","0.664950258845373"
"run_rosenbrock_20260408_093502_878741_c37f","rosenbrock","post_0913","093502","S4_pred","True","True","0.249","True","pass","True","success","1","0.666666666666667","True","270","True","40.9090909090909","5","pred_refine_ei","0.658911381635404"
"run_rosenbrock_20260408_093502_878741_c37f","rosenbrock","post_0913","093502","S8_dual","True","True","0.249","True","pass","True","success","1","0.666666666666667","True","270","True","40.9090909090909","5","dual_gradient_refine","0.682349649801815"
"run_rosenbrock_20260408_093502_878741_c37f","rosenbrock","post_0913","093502","S8_obj","True","True","0.249000000000456","True","pass","True","success","1","0.666666666666667","True","270","True","40.9090909090909","5","obj_refine_lcb","0.664950258845373"
"run_rosenbrock_20260408_093502_878741_c37f","rosenbrock","post_0913","093502","S8_pred","True","True","0.249","True","pass","True","success","1","0.666666666666667","True","270","True","40.9090909090909","5","pred_refine_lcb","0.658911381635404"
"run_six_hump_camel_20260408_113155_895204_6f08","six_hump_camel","post_0913","113155","S4_dual","True","True","0.249000000000469","True","pass","True","success","0.4","0.4","True","30","True","10","2","dual_refine_ei","0.676709994931922"
"run_six_hump_camel_20260408_113155_895204_6f08","six_hump_camel","post_0913","113155","S4_obj","True","True","0.249000000000508","True","pass","True","success","0.4","0.4","True","30","True","10","2","obj_refine_ei","0.633276991713533"
"run_six_hump_camel_20260408_113155_895204_6f08","six_hump_camel","post_0913","113155","S4_pred","True","True","0.249","True","pass","True","success","0.4","0.4","True","30","True","10","2","pred_refine_ei","0.665110278497424"
"run_six_hump_camel_20260408_113155_895204_6f08","six_hump_camel","post_0913","113155","S8_dual","True","True","0.249000000000481","True","pass","True","success","0.4","0.4","True","30","True","10","2","dual_gradient_refine","0.676709994931922"
"run_six_hump_camel_20260408_113155_895204_6f08","six_hump_camel","post_0913","113155","S8_obj","True","True","0.249","True","pass","True","success","0.4","0.4","True","30","True","10","2","obj_refine_lcb","0.633276991713533"
"run_six_hump_camel_20260408_113155_895204_6f08","six_hump_camel","post_0913","113155","S8_pred","True","True","0.249","True","pass","True","success","0.4","0.4","True","30","True","10","2","pred_refine_lcb","0.665110278497424"
"run_six_hump_camel_20260408_113615_196155_893a","six_hump_camel","post_0913","113615","S4_dual","True","True","0.249","True","pass","True","success","0.75","0.25","True","30","True","10","2","dual_refine_ei","0.629003049930376"
"run_six_hump_camel_20260408_113615_196155_893a","six_hump_camel","post_0913","113615","S4_obj","True","True","0.249","True","pass","True","success","0.75","0.25","True","30","True","10","2","obj_refine_ei","0.651377219831103"
"run_six_hump_camel_20260408_113615_196155_893a","six_hump_camel","post_0913","113615","S4_pred","True","True","0.249","True","pass","True","success","0.75","0.25","True","30","True","10","2","pred_refine_ei","0.651377219831103"
"run_six_hump_camel_20260408_113615_196155_893a","six_hump_camel","post_0913","113615","S8_dual","True","True","0.249000000000441","True","pass","True","success","0.75","0.25","True","30","True","10","2","dual_gradient_refine","0.629003049930376"
"run_six_hump_camel_20260408_113615_196155_893a","six_hump_camel","post_0913","113615","S8_obj","True","True","0.249","True","pass","True","success","0.75","0.25","True","30","True","10","2","obj_refine_lcb","0.651377219831103"
"run_six_hump_camel_20260408_113615_196155_893a","six_hump_camel","post_0913","113615","S8_pred","True","True","0.249","True","pass","True","success","0.75","0.25","True","30","True","10","2","pred_refine_lcb","0.651377219831103"
"run_six_hump_camel_20260408_113933_443734_8373","six_hump_camel","post_0913","113933","S4_dual","True","True","0.249000000000452","True","pass","True","success","0.6","0.2","True","30","True","10","2","dual_refine_ei","0.600659171338287"
"run_six_hump_camel_20260408_113933_443734_8373","six_hump_camel","post_0913","113933","S4_obj","True","True","0.249","True","pass","True","success","0.6","0.2","True","30","True","10","2","obj_refine_ei","0.600659171338287"
"run_six_hump_camel_20260408_113933_443734_8373","six_hump_camel","post_0913","113933","S4_pred","True","True","0.249","True","pass","True","success","0.6","0.2","True","30","True","10","2","pred_refine_ei","0.600659171338287"
"run_six_hump_camel_20260408_113933_443734_8373","six_hump_camel","post_0913","113933","S8_dual","True","True","0.249","True","pass","True","success","0.6","0.2","True","30","True","10","2","dual_gradient_refine","0.600659171338287"
"run_six_hump_camel_20260408_113933_443734_8373","six_hump_camel","post_0913","113933","S8_obj","True","True","0.249","True","pass","True","success","0.6","0.2","True","30","True","10","2","obj_refine_lcb","0.600659171338287"
"run_six_hump_camel_20260408_113933_443734_8373","six_hump_camel","post_0913","113933","S8_pred","True","True","0.249000000000391","True","pass","True","success","0.6","0.2","True","30","True","10","2","pred_refine_lcb","0.600659171338287"
"run_six_hump_camel_20260408_114232_488272_ecba","six_hump_camel","post_0913","114232","S4_dual","True","True","0.249","True","pass","True","success","0","0.6","True","30","False","10","2","dual_refine_ei","0.637442986639672"
"run_six_hump_camel_20260408_114232_488272_ecba","six_hump_camel","post_0913","114232","S4_obj","False","True","0.43780446749206","False","over_wide_fail","True","success","0","0.6","True","30","False","10","2","obj_refine_ei","0.639264856263018"
"run_six_hump_camel_20260408_114232_488272_ecba","six_hump_camel","post_0913","114232","S4_pred","True","True","0.249000000000399","True","pass","True","success","0","0.6","True","30","False","10","2","pred_refine_ei","0.676470449637821"
"run_six_hump_camel_20260408_114232_488272_ecba","six_hump_camel","post_0913","114232","S8_dual","True","True","0.249","True","pass","True","success","0","0.6","True","30","False","10","2","dual_gradient_refine","0.637442986639672"
"run_six_hump_camel_20260408_114232_488272_ecba","six_hump_camel","post_0913","114232","S8_obj","False","True","0.450061527024344","False","over_wide_fail","True","success","0","0.6","True","30","False","10","2","obj_refine_lcb","0.639264856263018"
"run_six_hump_camel_20260408_114232_488272_ecba","six_hump_camel","post_0913","114232","S8_pred","True","True","0.249","True","pass","True","success","0","0.6","True","30","False","10","2","pred_refine_lcb","0.676470449637821"
"run_six_hump_camel_20260408_114539_932339_bcc3","six_hump_camel","post_0913","114539","S4_dual","True","True","0.249","True","pass","True","success","0.75","0.75","True","30","True","10","2","dual_refine_ei","0.6009184333277"
"run_six_hump_camel_20260408_114539_932339_bcc3","six_hump_camel","post_0913","114539","S4_obj","True","True","0.249000000000432","True","pass","True","success","0.75","0.75","True","30","True","10","2","obj_refine_ei","0.631010941066694"
"run_six_hump_camel_20260408_114539_932339_bcc3","six_hump_camel","post_0913","114539","S4_pred","True","True","0.249000000000458","True","pass","True","success","0.75","0.75","True","30","True","10","2","pred_refine_ei","0.618829290760991"
"run_six_hump_camel_20260408_114539_932339_bcc3","six_hump_camel","post_0913","114539","S8_dual","True","True","0.249","True","pass","True","success","0.75","0.75","True","30","True","10","2","dual_gradient_refine","0.6009184333277"
"run_six_hump_camel_20260408_114539_932339_bcc3","six_hump_camel","post_0913","114539","S8_obj","True","True","0.249000000000438","True","pass","True","success","0.75","0.75","True","30","True","10","2","obj_refine_lcb","0.631010941066694"
"run_six_hump_camel_20260408_114539_932339_bcc3","six_hump_camel","post_0913","114539","S8_pred","True","True","0.249","True","pass","True","success","0.75","0.75","True","30","True","10","2","pred_refine_lcb","0.618829290760991"
"run_six_hump_camel_20260408_114644_719988_ea4f","six_hump_camel","post_0913","114644","S4_dual","False","False","0.249000000000169","True","over_shrink_fail","False","missing_real_fail","0.6","0.2","True","30","True","10","2","dual_refine_ei","0.477033489965389"
"run_six_hump_camel_20260408_114644_719988_ea4f","six_hump_camel","post_0913","114644","S4_obj","False","False","0.249","True","over_shrink_fail","False","missing_real_fail","0.6","0.2","True","30","True","10","2","obj_refine_ei","0.481778149724198"
"run_six_hump_camel_20260408_114644_719988_ea4f","six_hump_camel","post_0913","114644","S4_pred","False","False","0.249","True","over_shrink_fail","False","missing_real_fail","0.6","0.2","True","30","True","10","2","pred_refine_ei","0.481778149724198"
"run_six_hump_camel_20260408_114644_719988_ea4f","six_hump_camel","post_0913","114644","S8_dual","False","False","0.249","True","over_shrink_fail","False","missing_real_fail","0.6","0.2","True","30","True","10","2","dual_gradient_refine","0.477033489965389"
"run_six_hump_camel_20260408_114644_719988_ea4f","six_hump_camel","post_0913","114644","S8_obj","False","False","0.249000000000232","True","over_shrink_fail","False","missing_real_fail","0.6","0.2","True","30","True","10","2","obj_refine_lcb","0.481778149724198"
"run_six_hump_camel_20260408_114644_719988_ea4f","six_hump_camel","post_0913","114644","S8_pred","False","False","0.249","True","over_shrink_fail","False","missing_real_fail","0.6","0.2","True","30","True","10","2","pred_refine_lcb","0.481778149724198"
"run_six_hump_camel_20260408_114838_519971_75d7","six_hump_camel","post_0913","114838","S4_dual","True","True","0.249000000000317","True","pass","True","success","0","0.6","True","30","False","10","2","dual_refine_ei","0.681258736256401"
"run_six_hump_camel_20260408_114838_519971_75d7","six_hump_camel","post_0913","114838","S4_obj","True","True","0.249000000000299","True","pass","True","success","0","0.6","True","30","False","10","2","obj_refine_ei","0.690321363831703"
"run_six_hump_camel_20260408_114838_519971_75d7","six_hump_camel","post_0913","114838","S4_pred","True","True","0.2490000000001","True","pass","True","success","0","0.6","True","30","False","10","2","pred_refine_ei","0.690321363831703"
"run_six_hump_camel_20260408_114838_519971_75d7","six_hump_camel","post_0913","114838","S8_dual","True","True","0.249000000000069","True","pass","True","success","0","0.6","True","30","False","10","2","dual_gradient_refine","0.681258736256401"
"run_six_hump_camel_20260408_114838_519971_75d7","six_hump_camel","post_0913","114838","S8_obj","True","True","0.2490000000003","True","pass","True","success","0","0.6","True","30","False","10","2","obj_refine_lcb","0.690321363831703"
"run_six_hump_camel_20260408_114838_519971_75d7","six_hump_camel","post_0913","114838","S8_pred","True","True","0.249000000000354","True","pass","True","success","0","0.6","True","30","False","10","2","pred_refine_lcb","0.690321363831703"
"run_six_hump_camel_20260408_114902_236886_56ba","six_hump_camel","post_0913","114902","S4_dual","True","True","0.249","True","pass","True","success","0.6","0.4","True","30","True","10","2","dual_refine_ei","0.503149770625715"
"run_six_hump_camel_20260408_114902_236886_56ba","six_hump_camel","post_0913","114902","S4_obj","True","True","0.249","True","pass","True","success","0.6","0.4","True","30","True","10","2","obj_refine_ei","0.661838858408835"
"run_six_hump_camel_20260408_114902_236886_56ba","six_hump_camel","post_0913","114902","S4_pred","True","True","0.249000000000454","True","pass","True","success","0.6","0.4","True","30","True","10","2","pred_refine_ei","0.58622480960052"
"run_six_hump_camel_20260408_114902_236886_56ba","six_hump_camel","post_0913","114902","S8_dual","True","True","0.249000000000455","True","pass","True","success","0.6","0.4","True","30","True","10","2","dual_gradient_refine","0.503149770625715"
"run_six_hump_camel_20260408_114902_236886_56ba","six_hump_camel","post_0913","114902","S8_obj","True","True","0.249000000000455","True","pass","True","success","0.6","0.4","True","30","True","10","2","obj_refine_lcb","0.661838858408835"
"run_six_hump_camel_20260408_114902_236886_56ba","six_hump_camel","post_0913","114902","S8_pred","True","True","0.249000000000454","True","pass","True","success","0.6","0.4","True","30","True","10","2","pred_refine_lcb","0.58622480960052"
"run_six_hump_camel_20260408_115057_979854_5e98","six_hump_camel","post_0913","115057","S4_dual","True","True","0.249000000000291","True","pass","False","dummy_only_fail","0.6","0.2","True","30","True","10","3","dual_refine_ei","0.604735843725424"
"run_six_hump_camel_20260408_115057_979854_5e98","six_hump_camel","post_0913","115057","S4_obj","True","True","0.249000000000242","True","pass","False","dummy_only_fail","0.6","0.2","True","30","True","10","3","obj_refine_ei","0.592960309591006"
"run_six_hump_camel_20260408_115057_979854_5e98","six_hump_camel","post_0913","115057","S4_pred","True","True","0.249","True","pass","False","dummy_only_fail","0.6","0.2","True","30","True","10","3","pred_refine_ei","0.602736732499455"
"run_six_hump_camel_20260408_115057_979854_5e98","six_hump_camel","post_0913","115057","S8_dual","True","True","0.249","True","pass","False","dummy_only_fail","0.6","0.2","True","30","True","10","3","dual_gradient_refine","0.604735843725424"
"run_six_hump_camel_20260408_115057_979854_5e98","six_hump_camel","post_0913","115057","S8_obj","True","True","0.249000000000242","True","pass","False","dummy_only_fail","0.6","0.2","True","30","True","10","3","obj_refine_lcb","0.592960309591006"
"run_six_hump_camel_20260408_115057_979854_5e98","six_hump_camel","post_0913","115057","S8_pred","True","True","0.249","True","pass","False","dummy_only_fail","0.6","0.2","True","30","True","10","3","pred_refine_lcb","0.602736732499455"
"run_six_hump_camel_20260408_115101_804164_c29a","six_hump_camel","post_0913","115101","S4_dual","True","True","0.249","True","pass","False","dummy_only_fail","0.2","0.6","True","30","False","10","3","dual_refine_ei","0.712395910784124"
"run_six_hump_camel_20260408_115101_804164_c29a","six_hump_camel","post_0913","115101","S4_obj","True","True","0.249","True","pass","False","dummy_only_fail","0.2","0.6","True","30","False","10","3","obj_refine_ei","0.752936753035636"
"run_six_hump_camel_20260408_115101_804164_c29a","six_hump_camel","post_0913","115101","S4_pred","True","True","0.24900000000031","True","pass","False","dummy_only_fail","0.2","0.6","True","30","False","10","3","pred_refine_ei","0.724267009391779"
"run_six_hump_camel_20260408_115101_804164_c29a","six_hump_camel","post_0913","115101","S8_dual","True","True","0.249","True","pass","False","dummy_only_fail","0.2","0.6","True","30","False","10","3","dual_gradient_refine","0.712395910784124"
"run_six_hump_camel_20260408_115101_804164_c29a","six_hump_camel","post_0913","115101","S8_obj","True","True","0.249","True","pass","False","dummy_only_fail","0.2","0.6","True","30","False","10","3","obj_refine_lcb","0.752936753035636"
"run_six_hump_camel_20260408_115101_804164_c29a","six_hump_camel","post_0913","115101","S8_pred","True","True","0.249000000000314","True","pass","False","dummy_only_fail","0.2","0.6","True","30","False","10","3","pred_refine_lcb","0.724267009391779"
"run_six_hump_camel_20260408_115256_672211_1379","six_hump_camel","post_0913","115256","S4_dual","True","True","0.249","True","pass","True","success","0.4","0.6","True","30","True","10","2","dual_refine_ei","0.487382424711708"
"run_six_hump_camel_20260408_115256_672211_1379","six_hump_camel","post_0913","115256","S4_obj","True","True","0.249000000000457","True","pass","True","success","0.4","0.6","True","30","True","10","2","obj_refine_ei","0.54683074974279"
"run_six_hump_camel_20260408_115256_672211_1379","six_hump_camel","post_0913","115256","S4_pred","True","True","0.249","True","pass","True","success","0.4","0.6","True","30","True","10","2","pred_refine_ei","0.531819210008597"
"run_six_hump_camel_20260408_115256_672211_1379","six_hump_camel","post_0913","115256","S8_dual","True","True","0.249","True","pass","True","success","0.4","0.6","True","30","True","10","2","dual_gradient_refine","0.487382424711708"
"run_six_hump_camel_20260408_115256_672211_1379","six_hump_camel","post_0913","115256","S8_obj","True","True","0.249000000000459","True","pass","True","success","0.4","0.6","True","30","True","10","2","obj_refine_lcb","0.54683074974279"
"run_six_hump_camel_20260408_115256_672211_1379","six_hump_camel","post_0913","115256","S8_pred","True","True","0.249","True","pass","True","success","0.4","0.6","True","30","True","10","2","pred_refine_lcb","0.531819210008597"
"run_six_hump_camel_20260408_115346_975323_43b6","six_hump_camel","post_0913","115346","S4_dual","True","True","0.249","True","pass","False","dummy_only_fail","0.666666666666667","0.666666666666667","True","30","True","10","3","dual_refine_ei","0.585041276694405"
"run_six_hump_camel_20260408_115346_975323_43b6","six_hump_camel","post_0913","115346","S4_obj","False","True","0.37707471269006","False","over_wide_fail","False","dummy_only_fail","0.666666666666667","0.666666666666667","True","30","True","10","3","obj_refine_ei","0.585041276694405"
"run_six_hump_camel_20260408_115346_975323_43b6","six_hump_camel","post_0913","115346","S4_pred","True","True","0.249000000000269","True","pass","False","dummy_only_fail","0.666666666666667","0.666666666666667","True","30","True","10","3","pred_refine_ei","0.585041276694405"
"run_six_hump_camel_20260408_115346_975323_43b6","six_hump_camel","post_0913","115346","S8_dual","True","True","0.249","True","pass","False","dummy_only_fail","0.666666666666667","0.666666666666667","True","30","True","10","3","dual_gradient_refine","0.585041276694405"
"run_six_hump_camel_20260408_115346_975323_43b6","six_hump_camel","post_0913","115346","S8_obj","False","True","0.319528173098981","False","over_wide_fail","False","dummy_only_fail","0.666666666666667","0.666666666666667","True","30","True","10","3","obj_refine_lcb","0.585041276694405"
"run_six_hump_camel_20260408_115346_975323_43b6","six_hump_camel","post_0913","115346","S8_pred","True","True","0.249000000000269","True","pass","False","dummy_only_fail","0.666666666666667","0.666666666666667","True","30","True","10","3","pred_refine_lcb","0.585041276694405"
"run_six_hump_camel_20260408_115502_101519_90b9","six_hump_camel","post_0913","115502","S4_dual","True","True","0.249000000000184","True","pass","False","dummy_only_fail","0.5","0.75","True","30","True","10","3","dual_refine_ei","0.679405282641491"
"run_six_hump_camel_20260408_115502_101519_90b9","six_hump_camel","post_0913","115502","S4_obj","True","True","0.249000000000215","True","pass","False","dummy_only_fail","0.5","0.75","True","30","True","10","3","obj_refine_ei","0.58126167861498"
"run_six_hump_camel_20260408_115502_101519_90b9","six_hump_camel","post_0913","115502","S4_pred","True","True","0.249","True","pass","False","dummy_only_fail","0.5","0.75","True","30","True","10","3","pred_refine_ei","0.58126167861498"
"run_six_hump_camel_20260408_115502_101519_90b9","six_hump_camel","post_0913","115502","S8_dual","True","True","0.24900000000012","True","pass","False","dummy_only_fail","0.5","0.75","True","30","True","10","3","dual_gradient_refine","0.679405282641491"
"run_six_hump_camel_20260408_115502_101519_90b9","six_hump_camel","post_0913","115502","S8_obj","True","True","0.249000000000209","True","pass","False","dummy_only_fail","0.5","0.75","True","30","True","10","3","obj_refine_lcb","0.58126167861498"
"run_six_hump_camel_20260408_115502_101519_90b9","six_hump_camel","post_0913","115502","S8_pred","True","True","0.249000000000266","True","pass","False","dummy_only_fail","0.5","0.75","True","30","True","10","3","pred_refine_lcb","0.58126167861498"
"run_six_hump_camel_20260408_115613_941736_5944","six_hump_camel","post_0913","115613","S4_dual","True","True","0.249000000000002","True","pass","False","dummy_only_fail","0.5","0.5","True","30","True","10","3","dual_refine_ei","0.440166779816686"
"run_six_hump_camel_20260408_115613_941736_5944","six_hump_camel","post_0913","115613","S4_obj","True","True","0.249","True","pass","False","dummy_only_fail","0.5","0.5","True","30","True","10","3","obj_refine_ei","0.557283394934318"
"run_six_hump_camel_20260408_115613_941736_5944","six_hump_camel","post_0913","115613","S4_pred","True","True","0.249","True","pass","False","dummy_only_fail","0.5","0.5","True","30","True","10","3","pred_refine_ei","0.566076968776495"
"run_six_hump_camel_20260408_115613_941736_5944","six_hump_camel","post_0913","115613","S8_dual","True","True","0.249000000000365","True","pass","False","dummy_only_fail","0.5","0.5","True","30","True","10","3","dual_gradient_refine","0.440166779816686"
"run_six_hump_camel_20260408_115613_941736_5944","six_hump_camel","post_0913","115613","S8_obj","True","True","0.249000000000324","True","pass","False","dummy_only_fail","0.5","0.5","True","30","True","10","3","obj_refine_lcb","0.557283394934318"
"run_six_hump_camel_20260408_115613_941736_5944","six_hump_camel","post_0913","115613","S8_pred","True","True","0.249","True","pass","False","dummy_only_fail","0.5","0.5","True","30","True","10","3","pred_refine_lcb","0.566076968776495"
"run_six_hump_camel_20260408_115726_651672_b3ae","six_hump_camel","post_0913","115726","S4_dual","True","True","0.249","True","pass","True","success","0","1","True","30","False","10","2","dual_refine_ei","0.708253643749678"
"run_six_hump_camel_20260408_115726_651672_b3ae","six_hump_camel","post_0913","115726","S4_obj","True","True","0.249","True","pass","True","success","0","1","True","30","False","10","2","obj_refine_ei","0.663228690294054"
"run_six_hump_camel_20260408_115726_651672_b3ae","six_hump_camel","post_0913","115726","S4_pred","True","True","0.249","True","pass","True","success","0","1","True","30","False","10","2","pred_refine_ei","0.663228690294054"
"run_six_hump_camel_20260408_115726_651672_b3ae","six_hump_camel","post_0913","115726","S8_dual","True","True","0.249","True","pass","True","success","0","1","True","30","False","10","2","dual_gradient_refine","0.708253643749678"
"run_six_hump_camel_20260408_115726_651672_b3ae","six_hump_camel","post_0913","115726","S8_obj","True","True","0.249","True","pass","True","success","0","1","True","30","False","10","2","obj_refine_lcb","0.663228690294054"
"run_six_hump_camel_20260408_115726_651672_b3ae","six_hump_camel","post_0913","115726","S8_pred","True","True","0.249","True","pass","True","success","0","1","True","30","False","10","2","pred_refine_lcb","0.663228690294054"
"run_six_hump_camel_20260408_115838_524144_61c4","six_hump_camel","post_0913","115838","S4_dual","True","True","0.249000000000408","True","pass","True","success","0.4","0.4","True","30","True","10","2","dual_refine_ei","0.57544990423053"
"run_six_hump_camel_20260408_115838_524144_61c4","six_hump_camel","post_0913","115838","S4_obj","True","True","0.249","True","pass","True","success","0.4","0.4","True","30","True","10","2","obj_refine_ei","0.578360129660292"
"run_six_hump_camel_20260408_115838_524144_61c4","six_hump_camel","post_0913","115838","S4_pred","True","True","0.249","True","pass","True","success","0.4","0.4","True","30","True","10","2","pred_refine_ei","0.602584123168226"
"run_six_hump_camel_20260408_115838_524144_61c4","six_hump_camel","post_0913","115838","S8_dual","True","True","0.249000000000439","True","pass","True","success","0.4","0.4","True","30","True","10","2","dual_gradient_refine","0.57544990423053"
"run_six_hump_camel_20260408_115838_524144_61c4","six_hump_camel","post_0913","115838","S8_obj","True","True","0.249000000000418","True","pass","True","success","0.4","0.4","True","30","True","10","2","obj_refine_lcb","0.578360129660292"
"run_six_hump_camel_20260408_115838_524144_61c4","six_hump_camel","post_0913","115838","S8_pred","True","True","0.249000000000334","True","pass","True","success","0.4","0.4","True","30","True","10","2","pred_refine_lcb","0.602584123168226"
"run_six_hump_camel_20260408_115907_419698_65a0","six_hump_camel","post_0913","115907","S4_dual","True","True","0.249000000000494","True","pass","True","success","0.6","0.2","True","30","True","10","2","dual_refine_ei","0.665231224474215"
"run_six_hump_camel_20260408_115907_419698_65a0","six_hump_camel","post_0913","115907","S4_obj","True","True","0.249","True","pass","True","success","0.6","0.2","True","30","True","10","2","obj_refine_ei","0.757916539925834"
"run_six_hump_camel_20260408_115907_419698_65a0","six_hump_camel","post_0913","115907","S4_pred","True","True","0.249000000000426","True","pass","True","success","0.6","0.2","True","30","True","10","2","pred_refine_ei","0.694686792423883"
"run_six_hump_camel_20260408_115907_419698_65a0","six_hump_camel","post_0913","115907","S8_dual","True","True","0.249","True","pass","True","success","0.6","0.2","True","30","True","10","2","dual_gradient_refine","0.665231224474215"
"run_six_hump_camel_20260408_115907_419698_65a0","six_hump_camel","post_0913","115907","S8_obj","True","True","0.249000000000419","True","pass","True","success","0.6","0.2","True","30","True","10","2","obj_refine_lcb","0.757916539925834"
"run_six_hump_camel_20260408_115907_419698_65a0","six_hump_camel","post_0913","115907","S8_pred","True","True","0.249","True","pass","True","success","0.6","0.2","True","30","True","10","2","pred_refine_lcb","0.694686792423883"
"run_six_hump_camel_20260408_120114_340473_c9a5","six_hump_camel","post_0913","120114","S4_dual","False","False","0.249000000000183","True","over_shrink_fail","False","missing_real_fail","0.6","0.6","True","30","True","10","2","dual_refine_ei","0.565266208501788"
"run_six_hump_camel_20260408_120114_340473_c9a5","six_hump_camel","post_0913","120114","S4_obj","False","False","0.249000000000225","True","over_shrink_fail","False","missing_real_fail","0.6","0.6","True","30","True","10","2","obj_refine_ei","0.581453529402542"
"run_six_hump_camel_20260408_120114_340473_c9a5","six_hump_camel","post_0913","120114","S4_pred","False","False","0.249000000000414","True","over_shrink_fail","False","missing_real_fail","0.6","0.6","True","30","True","10","2","pred_refine_ei","0.581453529402542"
"run_six_hump_camel_20260408_120114_340473_c9a5","six_hump_camel","post_0913","120114","S8_dual","False","False","0.249","True","over_shrink_fail","False","missing_real_fail","0.6","0.6","True","30","True","10","2","dual_gradient_refine","0.565266208501788"
"run_six_hump_camel_20260408_120114_340473_c9a5","six_hump_camel","post_0913","120114","S8_obj","False","False","0.249000000000008","True","over_shrink_fail","False","missing_real_fail","0.6","0.6","True","30","True","10","2","obj_refine_lcb","0.581453529402542"
"run_six_hump_camel_20260408_120114_340473_c9a5","six_hump_camel","post_0913","120114","S8_pred","False","False","0.249000000000414","True","over_shrink_fail","False","missing_real_fail","0.6","0.6","True","30","True","10","2","pred_refine_lcb","0.581453529402542"
"run_six_hump_camel_20260408_120121_652430_e0e8","six_hump_camel","post_0913","120121","S4_dual","True","True","0.249000000000466","True","pass","True","success","0.2","0","True","30","False","10","2","dual_refine_ei","0.664016587484657"
"run_six_hump_camel_20260408_120121_652430_e0e8","six_hump_camel","post_0913","120121","S4_obj","True","True","0.249","True","pass","True","success","0.2","0","True","30","False","10","2","obj_refine_ei","0.679979578899147"
"run_six_hump_camel_20260408_120121_652430_e0e8","six_hump_camel","post_0913","120121","S4_pred","True","True","0.249000000000456","True","pass","True","success","0.2","0","True","30","False","10","2","pred_refine_ei","0.679979578899147"
"run_six_hump_camel_20260408_120121_652430_e0e8","six_hump_camel","post_0913","120121","S8_dual","True","True","0.249000000000464","True","pass","True","success","0.2","0","True","30","False","10","2","dual_gradient_refine","0.664016587484657"
"run_six_hump_camel_20260408_120121_652430_e0e8","six_hump_camel","post_0913","120121","S8_obj","True","True","0.249","True","pass","True","success","0.2","0","True","30","False","10","2","obj_refine_lcb","0.679979578899147"
"run_six_hump_camel_20260408_120121_652430_e0e8","six_hump_camel","post_0913","120121","S8_pred","True","True","0.249000000000464","True","pass","True","success","0.2","0","True","30","False","10","2","pred_refine_lcb","0.679979578899147"
"run_six_hump_camel_20260408_120304_698081_5646","six_hump_camel","post_0913","120304","S4_dual","True","True","0.249","True","pass","True","success","0.6","0.8","True","30","True","10","2","dual_refine_ei","0.529353926824918"
"run_six_hump_camel_20260408_120304_698081_5646","six_hump_camel","post_0913","120304","S4_obj","False","True","0.267466707388461","False","over_wide_fail","True","success","0.6","0.8","True","30","True","10","2","obj_refine_ei","0.540994424361012"
"run_six_hump_camel_20260408_120304_698081_5646","six_hump_camel","post_0913","120304","S4_pred","False","False","0.249","True","over_shrink_fail","True","success","0.6","0.8","True","30","True","10","2","pred_refine_ei","0.528622789413714"
"run_six_hump_camel_20260408_120304_698081_5646","six_hump_camel","post_0913","120304","S8_dual","True","True","0.249","True","pass","True","success","0.6","0.8","True","30","True","10","2","dual_gradient_refine","0.529353926824918"
"run_six_hump_camel_20260408_120304_698081_5646","six_hump_camel","post_0913","120304","S8_obj","False","True","0.275681953437516","False","over_wide_fail","True","success","0.6","0.8","True","30","True","10","2","obj_refine_lcb","0.540994424361012"
"run_six_hump_camel_20260408_120304_698081_5646","six_hump_camel","post_0913","120304","S8_pred","False","False","0.249","True","over_shrink_fail","True","success","0.6","0.8","True","30","True","10","2","pred_refine_lcb","0.528622789413714"
"run_six_hump_camel_20260408_120342_516379_27ce","six_hump_camel","post_0913","120342","S4_dual","True","True","0.249","True","pass","True","success","0.8","0.4","True","30","True","10","2","dual_refine_ei","0.513717847071648"
"run_six_hump_camel_20260408_120342_516379_27ce","six_hump_camel","post_0913","120342","S4_obj","False","True","0.376136320314672","False","over_wide_fail","True","success","0.8","0.4","True","30","True","10","2","obj_refine_ei","0.513717847071648"
"run_six_hump_camel_20260408_120342_516379_27ce","six_hump_camel","post_0913","120342","S4_pred","True","True","0.249","True","pass","True","success","0.8","0.4","True","30","True","10","2","pred_refine_ei","0.513717847071648"
"run_six_hump_camel_20260408_120342_516379_27ce","six_hump_camel","post_0913","120342","S8_dual","True","True","0.249","True","pass","True","success","0.8","0.4","True","30","True","10","2","dual_gradient_refine","0.513717847071648"
"run_six_hump_camel_20260408_120342_516379_27ce","six_hump_camel","post_0913","120342","S8_obj","False","True","0.459956812398219","False","over_wide_fail","True","success","0.8","0.4","True","30","True","10","2","obj_refine_lcb","0.513717847071648"
"run_six_hump_camel_20260408_120342_516379_27ce","six_hump_camel","post_0913","120342","S8_pred","True","True","0.249","True","pass","True","success","0.8","0.4","True","30","True","10","2","pred_refine_lcb","0.513717847071648"
"run_six_hump_camel_20260408_120501_021206_5dda","six_hump_camel","post_0913","120501","S4_dual","True","True","0.249","True","pass","True","success","0.4","0.6","True","30","True","10","2","dual_refine_ei","0.544782625992383"
"run_six_hump_camel_20260408_120501_021206_5dda","six_hump_camel","post_0913","120501","S4_obj","True","True","0.249","True","pass","True","success","0.4","0.6","True","30","True","10","2","obj_refine_ei","0.546239249539871"
"run_six_hump_camel_20260408_120501_021206_5dda","six_hump_camel","post_0913","120501","S4_pred","True","True","0.249","True","pass","True","success","0.4","0.6","True","30","True","10","2","pred_refine_ei","0.547546994056748"
"run_six_hump_camel_20260408_120501_021206_5dda","six_hump_camel","post_0913","120501","S8_dual","True","True","0.249","True","pass","True","success","0.4","0.6","True","30","True","10","2","dual_gradient_refine","0.544782625992383"
"run_six_hump_camel_20260408_120501_021206_5dda","six_hump_camel","post_0913","120501","S8_obj","True","True","0.249","True","pass","True","success","0.4","0.6","True","30","True","10","2","obj_refine_lcb","0.546239249539871"
"run_six_hump_camel_20260408_120501_021206_5dda","six_hump_camel","post_0913","120501","S8_pred","True","True","0.249","True","pass","True","success","0.4","0.6","True","30","True","10","2","pred_refine_lcb","0.547546994056748"
"run_six_hump_camel_20260408_120620_108010_344e","six_hump_camel","post_0913","120620","S4_dual","True","True","0.249","True","pass","False","dummy_only_fail","0.6","0.2","True","30","True","10","3","dual_refine_ei","0.62781790428519"
"run_six_hump_camel_20260408_120620_108010_344e","six_hump_camel","post_0913","120620","S4_obj","False","True","0.2518730708405","False","over_wide_fail","False","dummy_only_fail","0.6","0.2","True","30","True","10","3","obj_refine_ei","0.625422922577437"
"run_six_hump_camel_20260408_120620_108010_344e","six_hump_camel","post_0913","120620","S4_pred","True","True","0.249","True","pass","False","dummy_only_fail","0.6","0.2","True","30","True","10","3","pred_refine_ei","0.618075185712521"
"run_six_hump_camel_20260408_120620_108010_344e","six_hump_camel","post_0913","120620","S8_dual","True","True","0.249000000000331","True","pass","False","dummy_only_fail","0.6","0.2","True","30","True","10","3","dual_gradient_refine","0.62781790428519"
"run_six_hump_camel_20260408_120620_108010_344e","six_hump_camel","post_0913","120620","S8_obj","True","True","0.249","True","pass","False","dummy_only_fail","0.6","0.2","True","30","True","10","3","obj_refine_lcb","0.625422922577437"
"run_six_hump_camel_20260408_120620_108010_344e","six_hump_camel","post_0913","120620","S8_pred","True","True","0.249000000000301","True","pass","False","dummy_only_fail","0.6","0.2","True","30","True","10","3","pred_refine_lcb","0.618075185712521"
"run_six_hump_camel_20260408_120700_941834_ff06","six_hump_camel","post_0913","120700","S4_dual","True","True","0.249","True","pass","True","success","0.8","0","True","30","True","10","2","dual_refine_ei","0.563490932119282"
"run_six_hump_camel_20260408_120700_941834_ff06","six_hump_camel","post_0913","120700","S4_obj","True","True","0.249000000000472","True","pass","True","success","0.8","0","True","30","True","10","2","obj_refine_ei","0.605919543150071"
"run_six_hump_camel_20260408_120700_941834_ff06","six_hump_camel","post_0913","120700","S4_pred","True","True","0.249000000000454","True","pass","True","success","0.8","0","True","30","True","10","2","pred_refine_ei","0.588692152177441"
"run_six_hump_camel_20260408_120700_941834_ff06","six_hump_camel","post_0913","120700","S8_dual","True","True","0.249","True","pass","True","success","0.8","0","True","30","True","10","2","dual_gradient_refine","0.563490932119282"
"run_six_hump_camel_20260408_120700_941834_ff06","six_hump_camel","post_0913","120700","S8_obj","True","True","0.249000000000473","True","pass","True","success","0.8","0","True","30","True","10","2","obj_refine_lcb","0.605919543150071"
"run_six_hump_camel_20260408_120700_941834_ff06","six_hump_camel","post_0913","120700","S8_pred","True","True","0.249000000000455","True","pass","True","success","0.8","0","True","30","True","10","2","pred_refine_lcb","0.588692152177441"
"run_six_hump_camel_20260408_120929_016414_813e","six_hump_camel","post_0913","120929","S4_dual","True","True","0.249","True","pass","True","success","0.333333333333333","0.166666666666667","True","30","False","10","2","dual_refine_ei","0.623151352998548"
"run_six_hump_camel_20260408_120929_016414_813e","six_hump_camel","post_0913","120929","S4_obj","False","True","0.507377335498304","False","over_wide_fail","True","success","0.333333333333333","0.166666666666667","True","30","False","10","2","obj_refine_ei","0.623151352998548"
"run_six_hump_camel_20260408_120929_016414_813e","six_hump_camel","post_0913","120929","S4_pred","True","True","0.249","True","pass","True","success","0.333333333333333","0.166666666666667","True","30","False","10","2","pred_refine_ei","0.623151352998548"
"run_six_hump_camel_20260408_120929_016414_813e","six_hump_camel","post_0913","120929","S8_dual","True","True","0.249","True","pass","True","success","0.333333333333333","0.166666666666667","True","30","False","10","2","dual_gradient_refine","0.623151352998548"
"run_six_hump_camel_20260408_120929_016414_813e","six_hump_camel","post_0913","120929","S8_obj","False","True","0.57645160159803","False","over_wide_fail","True","success","0.333333333333333","0.166666666666667","True","30","False","10","2","obj_refine_lcb","0.623151352998548"
"run_six_hump_camel_20260408_120929_016414_813e","six_hump_camel","post_0913","120929","S8_pred","True","True","0.249","True","pass","True","success","0.333333333333333","0.166666666666667","True","30","False","10","2","pred_refine_lcb","0.623151352998548"
"run_six_hump_camel_20260408_120936_503172_98fe","six_hump_camel","post_0913","120936","S4_dual","True","True","0.249","True","pass","False","dummy_only_fail","0.6","0.2","True","30","True","10","3","dual_refine_ei","0.60720148839865"
"run_six_hump_camel_20260408_120936_503172_98fe","six_hump_camel","post_0913","120936","S4_obj","False","True","0.277601276795358","False","over_wide_fail","False","dummy_only_fail","0.6","0.2","True","30","True","10","3","obj_refine_ei","0.630821642461579"
"run_six_hump_camel_20260408_120936_503172_98fe","six_hump_camel","post_0913","120936","S4_pred","True","True","0.249000000000472","True","pass","False","dummy_only_fail","0.6","0.2","True","30","True","10","3","pred_refine_ei","0.628278079269796"
"run_six_hump_camel_20260408_120936_503172_98fe","six_hump_camel","post_0913","120936","S8_dual","True","True","0.249","True","pass","False","dummy_only_fail","0.6","0.2","True","30","True","10","3","dual_gradient_refine","0.60720148839865"
"run_six_hump_camel_20260408_120936_503172_98fe","six_hump_camel","post_0913","120936","S8_obj","False","True","0.289285205402657","False","over_wide_fail","False","dummy_only_fail","0.6","0.2","True","30","True","10","3","obj_refine_lcb","0.630821642461579"
"run_six_hump_camel_20260408_120936_503172_98fe","six_hump_camel","post_0913","120936","S8_pred","True","True","0.249000000000148","True","pass","False","dummy_only_fail","0.6","0.2","True","30","True","10","3","pred_refine_lcb","0.628278079269796"
"run_six_hump_camel_20260408_121127_850122_6f22","six_hump_camel","post_0913","121127","S4_dual","True","True","0.249","True","pass","True","success","0.6","0.8","True","30","True","10","2","dual_refine_ei","0.491796257008806"
"run_six_hump_camel_20260408_121127_850122_6f22","six_hump_camel","post_0913","121127","S4_obj","True","True","0.249","True","pass","True","success","0.6","0.8","True","30","True","10","2","obj_refine_ei","0.491796257008806"
"run_six_hump_camel_20260408_121127_850122_6f22","six_hump_camel","post_0913","121127","S4_pred","True","True","0.249","True","pass","True","success","0.6","0.8","True","30","True","10","2","pred_refine_ei","0.491796257008806"
"run_six_hump_camel_20260408_121127_850122_6f22","six_hump_camel","post_0913","121127","S8_dual","True","True","0.249","True","pass","True","success","0.6","0.8","True","30","True","10","2","dual_gradient_refine","0.491796257008806"
"run_six_hump_camel_20260408_121127_850122_6f22","six_hump_camel","post_0913","121127","S8_obj","True","True","0.249","True","pass","True","success","0.6","0.8","True","30","True","10","2","obj_refine_lcb","0.491796257008806"
"run_six_hump_camel_20260408_121127_850122_6f22","six_hump_camel","post_0913","121127","S8_pred","True","True","0.249","True","pass","True","success","0.6","0.8","True","30","True","10","2","pred_refine_lcb","0.491796257008806"
"run_six_hump_camel_20260408_121222_849734_2b51","six_hump_camel","post_0913","121222","S4_dual","True","True","0.249000000000454","True","pass","True","success","0.4","0.4","True","30","True","10","2","dual_refine_ei","0.543917838866201"
"run_six_hump_camel_20260408_121222_849734_2b51","six_hump_camel","post_0913","121222","S4_obj","False","True","0.30494899894053","False","over_wide_fail","True","success","0.4","0.4","True","30","True","10","2","obj_refine_ei","0.626974517562884"
"run_six_hump_camel_20260408_121222_849734_2b51","six_hump_camel","post_0913","121222","S4_pred","True","True","0.249000000000454","True","pass","True","success","0.4","0.4","True","30","True","10","2","pred_refine_ei","0.626974517562884"
"run_six_hump_camel_20260408_121222_849734_2b51","six_hump_camel","post_0913","121222","S8_dual","True","True","0.249","True","pass","True","success","0.4","0.4","True","30","True","10","2","dual_gradient_refine","0.543917838866201"
"run_six_hump_camel_20260408_121222_849734_2b51","six_hump_camel","post_0913","121222","S8_obj","False","True","0.308506711136046","False","over_wide_fail","True","success","0.4","0.4","True","30","True","10","2","obj_refine_lcb","0.626974517562884"
"run_six_hump_camel_20260408_121222_849734_2b51","six_hump_camel","post_0913","121222","S8_pred","True","True","0.249000000000454","True","pass","True","success","0.4","0.4","True","30","True","10","2","pred_refine_lcb","0.626974517562884"
"run_six_hump_camel_20260408_121345_146255_f470","six_hump_camel","post_0913","121345","S4_dual","True","True","0.249","True","pass","True","success","0.6","0.8","True","30","True","10","2","dual_refine_ei","0.602607586482068"
"run_six_hump_camel_20260408_121345_146255_f470","six_hump_camel","post_0913","121345","S4_obj","True","True","0.249","True","pass","True","success","0.6","0.8","True","30","True","10","2","obj_refine_ei","0.602607586482068"
"run_six_hump_camel_20260408_121345_146255_f470","six_hump_camel","post_0913","121345","S4_pred","True","True","0.24900000000039","True","pass","True","success","0.6","0.8","True","30","True","10","2","pred_refine_ei","0.602607586482068"
"run_six_hump_camel_20260408_121345_146255_f470","six_hump_camel","post_0913","121345","S8_dual","True","True","0.249","True","pass","True","success","0.6","0.8","True","30","True","10","2","dual_gradient_refine","0.602607586482068"
"run_six_hump_camel_20260408_121345_146255_f470","six_hump_camel","post_0913","121345","S8_obj","True","True","0.249000000000423","True","pass","True","success","0.6","0.8","True","30","True","10","2","obj_refine_lcb","0.602607586482068"
"run_six_hump_camel_20260408_121345_146255_f470","six_hump_camel","post_0913","121345","S8_pred","True","True","0.249000000000392","True","pass","True","success","0.6","0.8","True","30","True","10","2","pred_refine_lcb","0.602607586482068"
"run_six_hump_camel_20260408_121523_920422_c7de","six_hump_camel","post_0913","121523","S4_dual","True","True","0.249","True","pass","True","success","0.2","0","True","30","False","10","2","dual_refine_ei","0.511647542090417"
"run_six_hump_camel_20260408_121523_920422_c7de","six_hump_camel","post_0913","121523","S4_obj","True","True","0.249000000000394","True","pass","True","success","0.2","0","True","30","False","10","2","obj_refine_ei","0.613176585756899"
"run_six_hump_camel_20260408_121523_920422_c7de","six_hump_camel","post_0913","121523","S4_pred","True","True","0.249","True","pass","True","success","0.2","0","True","30","False","10","2","pred_refine_ei","0.556431238429452"
"run_six_hump_camel_20260408_121523_920422_c7de","six_hump_camel","post_0913","121523","S8_dual","True","True","0.249000000000405","True","pass","True","success","0.2","0","True","30","False","10","2","dual_gradient_refine","0.511647542090417"
"run_six_hump_camel_20260408_121523_920422_c7de","six_hump_camel","post_0913","121523","S8_obj","True","True","0.249","True","pass","True","success","0.2","0","True","30","False","10","2","obj_refine_lcb","0.613176585756899"
"run_six_hump_camel_20260408_121523_920422_c7de","six_hump_camel","post_0913","121523","S8_pred","True","True","0.249","True","pass","True","success","0.2","0","True","30","False","10","2","pred_refine_lcb","0.556431238429452"
"run_six_hump_camel_20260408_121541_521339_528b","six_hump_camel","post_0913","121541","S4_dual","True","True","0.249","True","pass","True","success","0.4","0.2","True","30","True","10","2","dual_refine_ei","0.495033959076767"
"run_six_hump_camel_20260408_121541_521339_528b","six_hump_camel","post_0913","121541","S4_obj","True","True","0.249","True","pass","True","success","0.4","0.2","True","30","True","10","2","obj_refine_ei","0.630525389222271"
"run_six_hump_camel_20260408_121541_521339_528b","six_hump_camel","post_0913","121541","S4_pred","True","True","0.249","True","pass","True","success","0.4","0.2","True","30","True","10","2","pred_refine_ei","0.630525389222271"
"run_six_hump_camel_20260408_121541_521339_528b","six_hump_camel","post_0913","121541","S8_dual","True","True","0.249000000000412","True","pass","True","success","0.4","0.2","True","30","True","10","2","dual_gradient_refine","0.495033959076767"
"run_six_hump_camel_20260408_121541_521339_528b","six_hump_camel","post_0913","121541","S8_obj","True","True","0.249","True","pass","True","success","0.4","0.2","True","30","True","10","2","obj_refine_lcb","0.630525389222271"
"run_six_hump_camel_20260408_121541_521339_528b","six_hump_camel","post_0913","121541","S8_pred","True","True","0.249","True","pass","True","success","0.4","0.2","True","30","True","10","2","pred_refine_lcb","0.630525389222271"
"run_six_hump_camel_20260408_121730_278127_253c","six_hump_camel","post_0913","121730","S4_dual","True","True","0.249","True","pass","False","dummy_only_fail","0.166666666666667","0.166666666666667","True","30","False","10","3","dual_refine_ei","0.570996587511861"
"run_six_hump_camel_20260408_121730_278127_253c","six_hump_camel","post_0913","121730","S4_obj","True","True","0.249000000000357","True","pass","False","dummy_only_fail","0.166666666666667","0.166666666666667","True","30","False","10","3","obj_refine_ei","0.588806532512696"
"run_six_hump_camel_20260408_121730_278127_253c","six_hump_camel","post_0913","121730","S4_pred","True","True","0.249","True","pass","False","dummy_only_fail","0.166666666666667","0.166666666666667","True","30","False","10","3","pred_refine_ei","0.577388898251249"
"run_six_hump_camel_20260408_121730_278127_253c","six_hump_camel","post_0913","121730","S8_dual","True","True","0.249","True","pass","False","dummy_only_fail","0.166666666666667","0.166666666666667","True","30","False","10","3","dual_gradient_refine","0.570996587511861"
"run_six_hump_camel_20260408_121730_278127_253c","six_hump_camel","post_0913","121730","S8_obj","True","True","0.249000000000124","True","pass","False","dummy_only_fail","0.166666666666667","0.166666666666667","True","30","False","10","3","obj_refine_lcb","0.588806532512696"
"run_six_hump_camel_20260408_121730_278127_253c","six_hump_camel","post_0913","121730","S8_pred","True","True","0.249","True","pass","False","dummy_only_fail","0.166666666666667","0.166666666666667","True","30","False","10","3","pred_refine_lcb","0.577388898251249"
"run_six_hump_camel_20260408_121747_786782_0829","six_hump_camel","post_0913","121747","S4_dual","True","True","0.249000000000311","True","pass","True","success","0.75","0.5","True","30","True","10","2","dual_refine_ei","0.594423119258451"
"run_six_hump_camel_20260408_121747_786782_0829","six_hump_camel","post_0913","121747","S4_obj","True","True","0.2490000000003","True","pass","True","success","0.75","0.5","True","30","True","10","2","obj_refine_ei","0.599167312711236"
"run_six_hump_camel_20260408_121747_786782_0829","six_hump_camel","post_0913","121747","S4_pred","True","True","0.249000000000525","True","pass","True","success","0.75","0.5","True","30","True","10","2","pred_refine_ei","0.636070948497795"
"run_six_hump_camel_20260408_121747_786782_0829","six_hump_camel","post_0913","121747","S8_dual","True","True","0.249000000000301","True","pass","True","success","0.75","0.5","True","30","True","10","2","dual_gradient_refine","0.594423119258451"
"run_six_hump_camel_20260408_121747_786782_0829","six_hump_camel","post_0913","121747","S8_obj","True","True","0.2490000000003","True","pass","True","success","0.75","0.5","True","30","True","10","2","obj_refine_lcb","0.599167312711236"
"run_six_hump_camel_20260408_121747_786782_0829","six_hump_camel","post_0913","121747","S8_pred","True","True","0.249","True","pass","True","success","0.75","0.5","True","30","True","10","2","pred_refine_lcb","0.636070948497795"
"run_six_hump_camel_20260408_121927_999199_ad33","six_hump_camel","post_0913","121927","S4_dual","True","True","0.249","True","pass","False","dummy_only_fail","0.333333333333333","0.666666666666667","True","30","False","10","3","dual_refine_ei","0.602649989593094"
"run_six_hump_camel_20260408_121927_999199_ad33","six_hump_camel","post_0913","121927","S4_obj","False","True","0.372038673694252","False","over_wide_fail","False","dummy_only_fail","0.333333333333333","0.666666666666667","True","30","False","10","3","obj_refine_ei","0.602649989593094"
"run_six_hump_camel_20260408_121927_999199_ad33","six_hump_camel","post_0913","121927","S4_pred","True","True","0.249","True","pass","False","dummy_only_fail","0.333333333333333","0.666666666666667","True","30","False","10","3","pred_refine_ei","0.602649989593094"
"run_six_hump_camel_20260408_121927_999199_ad33","six_hump_camel","post_0913","121927","S8_dual","True","True","0.249","True","pass","False","dummy_only_fail","0.333333333333333","0.666666666666667","True","30","False","10","3","dual_gradient_refine","0.602649989593094"
"run_six_hump_camel_20260408_121927_999199_ad33","six_hump_camel","post_0913","121927","S8_obj","False","True","0.349768384014791","False","over_wide_fail","False","dummy_only_fail","0.333333333333333","0.666666666666667","True","30","False","10","3","obj_refine_lcb","0.602649989593094"
"run_six_hump_camel_20260408_121927_999199_ad33","six_hump_camel","post_0913","121927","S8_pred","True","True","0.249","True","pass","False","dummy_only_fail","0.333333333333333","0.666666666666667","True","30","False","10","3","pred_refine_lcb","0.602649989593094"
"run_six_hump_camel_20260408_122051_153563_16bd","six_hump_camel","post_0913","122051","S4_dual","True","True","0.249","True","pass","True","success","0.4","0.4","True","30","False","10","2","dual_refine_ei","0.511344669977754"
"run_six_hump_camel_20260408_122051_153563_16bd","six_hump_camel","post_0913","122051","S4_obj","False","True","0.443480960561456","False","over_wide_fail","True","success","0.4","0.4","True","30","False","10","2","obj_refine_ei","0.654246423699165"
"run_six_hump_camel_20260408_122051_153563_16bd","six_hump_camel","post_0913","122051","S4_pred","False","False","0.249","True","over_shrink_fail","True","success","0.4","0.4","True","30","False","10","2","pred_refine_ei","0.567892786256364"
"run_six_hump_camel_20260408_122051_153563_16bd","six_hump_camel","post_0913","122051","S8_dual","True","True","0.249","True","pass","True","success","0.4","0.4","True","30","False","10","2","dual_gradient_refine","0.511344669977754"
"run_six_hump_camel_20260408_122051_153563_16bd","six_hump_camel","post_0913","122051","S8_obj","False","True","0.396644516459009","False","over_wide_fail","True","success","0.4","0.4","True","30","False","10","2","obj_refine_lcb","0.654246423699165"
"run_six_hump_camel_20260408_122051_153563_16bd","six_hump_camel","post_0913","122051","S8_pred","False","False","0.249000000000436","True","over_shrink_fail","True","success","0.4","0.4","True","30","False","10","2","pred_refine_lcb","0.567892786256364"
"run_six_hump_camel_20260408_122123_436994_bc43","six_hump_camel","post_0913","122123","S4_dual","True","True","0.249","True","pass","True","success","0.4","0.6","True","30","True","10","2","dual_refine_ei","0.582795805049267"
"run_six_hump_camel_20260408_122123_436994_bc43","six_hump_camel","post_0913","122123","S4_obj","False","True","0.359262064656559","False","over_wide_fail","True","success","0.4","0.6","True","30","True","10","2","obj_refine_ei","0.582795805049267"
"run_six_hump_camel_20260408_122123_436994_bc43","six_hump_camel","post_0913","122123","S4_pred","False","False","0.249","True","over_shrink_fail","True","success","0.4","0.6","True","30","True","10","2","pred_refine_ei","0.582795805049267"
"run_six_hump_camel_20260408_122123_436994_bc43","six_hump_camel","post_0913","122123","S8_dual","True","True","0.249","True","pass","True","success","0.4","0.6","True","30","True","10","2","dual_gradient_refine","0.582795805049267"
"run_six_hump_camel_20260408_122123_436994_bc43","six_hump_camel","post_0913","122123","S8_obj","False","True","0.390004600199271","False","over_wide_fail","True","success","0.4","0.6","True","30","True","10","2","obj_refine_lcb","0.582795805049267"
"run_six_hump_camel_20260408_122123_436994_bc43","six_hump_camel","post_0913","122123","S8_pred","False","False","0.249","True","over_shrink_fail","True","success","0.4","0.6","True","30","True","10","2","pred_refine_lcb","0.582795805049267"
"run_six_hump_camel_20260408_122305_894865_1fb8","six_hump_camel","post_0913","122305","S4_dual","True","True","0.249","True","pass","True","success","0.6","0.2","True","30","True","10","2","dual_refine_ei","0.538421537926214"
"run_six_hump_camel_20260408_122305_894865_1fb8","six_hump_camel","post_0913","122305","S4_obj","True","True","0.249","True","pass","True","success","0.6","0.2","True","30","True","10","2","obj_refine_ei","0.556165676118155"
"run_six_hump_camel_20260408_122305_894865_1fb8","six_hump_camel","post_0913","122305","S4_pred","False","False","0.249000000000433","True","over_shrink_fail","True","success","0.6","0.2","True","30","True","10","2","pred_refine_ei","0.536827579008393"
"run_six_hump_camel_20260408_122305_894865_1fb8","six_hump_camel","post_0913","122305","S8_dual","True","True","0.249","True","pass","True","success","0.6","0.2","True","30","True","10","2","dual_gradient_refine","0.538421537926214"
"run_six_hump_camel_20260408_122305_894865_1fb8","six_hump_camel","post_0913","122305","S8_obj","True","True","0.249","True","pass","True","success","0.6","0.2","True","30","True","10","2","obj_refine_lcb","0.556165676118155"
"run_six_hump_camel_20260408_122305_894865_1fb8","six_hump_camel","post_0913","122305","S8_pred","False","False","0.249000000000434","True","over_shrink_fail","True","success","0.6","0.2","True","30","True","10","2","pred_refine_lcb","0.536827579008393"
"run_six_hump_camel_20260408_122311_769693_817a","six_hump_camel","post_0913","122311","S4_dual","True","True","0.249","True","pass","False","dummy_only_fail","0.4","0.4","True","30","True","10","3","dual_refine_ei","0.586546952136382"
"run_six_hump_camel_20260408_122311_769693_817a","six_hump_camel","post_0913","122311","S4_obj","True","True","0.249000000000092","True","pass","False","dummy_only_fail","0.4","0.4","True","30","True","10","3","obj_refine_ei","0.569012887589922"
"run_six_hump_camel_20260408_122311_769693_817a","six_hump_camel","post_0913","122311","S4_pred","True","True","0.249","True","pass","False","dummy_only_fail","0.4","0.4","True","30","True","10","3","pred_refine_ei","0.590898448380761"
"run_six_hump_camel_20260408_122311_769693_817a","six_hump_camel","post_0913","122311","S8_dual","True","True","0.249000000000307","True","pass","False","dummy_only_fail","0.4","0.4","True","30","True","10","3","dual_gradient_refine","0.586546952136382"
"run_six_hump_camel_20260408_122311_769693_817a","six_hump_camel","post_0913","122311","S8_obj","True","True","0.249000000000096","True","pass","False","dummy_only_fail","0.4","0.4","True","30","True","10","3","obj_refine_lcb","0.569012887589922"
"run_six_hump_camel_20260408_122311_769693_817a","six_hump_camel","post_0913","122311","S8_pred","True","True","0.249","True","pass","False","dummy_only_fail","0.4","0.4","True","30","True","10","3","pred_refine_lcb","0.590898448380761"
"run_six_hump_camel_20260408_122549_879321_e914","six_hump_camel","post_0913","122549","S4_dual","True","True","0.249","True","pass","True","success","0.5","0.5","True","30","True","10","2","dual_refine_ei","0.480062075681662"
"run_six_hump_camel_20260408_122549_879321_e914","six_hump_camel","post_0913","122549","S4_obj","True","True","0.249","True","pass","True","success","0.5","0.5","True","30","True","10","2","obj_refine_ei","0.480062075681662"
"run_six_hump_camel_20260408_122549_879321_e914","six_hump_camel","post_0913","122549","S4_pred","True","True","0.249000000000463","True","pass","True","success","0.5","0.5","True","30","True","10","2","pred_refine_ei","0.468097425056524"
"run_six_hump_camel_20260408_122549_879321_e914","six_hump_camel","post_0913","122549","S8_dual","True","True","0.249000000000499","True","pass","True","success","0.5","0.5","True","30","True","10","2","dual_gradient_refine","0.480062075681662"
"run_six_hump_camel_20260408_122549_879321_e914","six_hump_camel","post_0913","122549","S8_obj","True","True","0.249","True","pass","True","success","0.5","0.5","True","30","True","10","2","obj_refine_lcb","0.480062075681662"
"run_six_hump_camel_20260408_122549_879321_e914","six_hump_camel","post_0913","122549","S8_pred","True","True","0.249000000000463","True","pass","True","success","0.5","0.5","True","30","True","10","2","pred_refine_lcb","0.468097425056524"
"run_six_hump_camel_20260408_122633_068044_512d","six_hump_camel","post_0913","122633","S4_dual","False","False","0.249","True","over_shrink_fail","False","missing_real_fail","0.4","0.2","True","30","True","10","2","dual_refine_ei","0.51731325862985"
"run_six_hump_camel_20260408_122633_068044_512d","six_hump_camel","post_0913","122633","S4_obj","False","False","0.249","True","over_shrink_fail","False","missing_real_fail","0.4","0.2","True","30","True","10","2","obj_refine_ei","0.51731325862985"
"run_six_hump_camel_20260408_122633_068044_512d","six_hump_camel","post_0913","122633","S4_pred","False","False","0.249","True","over_shrink_fail","False","missing_real_fail","0.4","0.2","True","30","True","10","2","pred_refine_ei","0.501700503977284"
"run_six_hump_camel_20260408_122633_068044_512d","six_hump_camel","post_0913","122633","S8_dual","False","False","0.249","True","over_shrink_fail","False","missing_real_fail","0.4","0.2","True","30","True","10","2","dual_gradient_refine","0.51731325862985"
"run_six_hump_camel_20260408_122633_068044_512d","six_hump_camel","post_0913","122633","S8_obj","False","False","0.249","True","over_shrink_fail","False","missing_real_fail","0.4","0.2","True","30","True","10","2","obj_refine_lcb","0.51731325862985"
"run_six_hump_camel_20260408_122633_068044_512d","six_hump_camel","post_0913","122633","S8_pred","False","False","0.249","True","over_shrink_fail","False","missing_real_fail","0.4","0.2","True","30","True","10","2","pred_refine_lcb","0.501700503977284"
"run_six_hump_camel_20260408_122752_284437_06bd","six_hump_camel","post_0913","122752","S4_dual","True","True","0.249","True","pass","True","success","0.4","0.2","True","30","True","10","2","dual_refine_ei","0.558712961326066"
"run_six_hump_camel_20260408_122752_284437_06bd","six_hump_camel","post_0913","122752","S4_obj","True","True","0.249","True","pass","True","success","0.4","0.2","True","30","True","10","2","obj_refine_ei","0.562203493360192"
"run_six_hump_camel_20260408_122752_284437_06bd","six_hump_camel","post_0913","122752","S4_pred","True","True","0.249","True","pass","True","success","0.4","0.2","True","30","True","10","2","pred_refine_ei","0.558712961326066"
"run_six_hump_camel_20260408_122752_284437_06bd","six_hump_camel","post_0913","122752","S8_dual","True","True","0.249000000000538","True","pass","True","success","0.4","0.2","True","30","True","10","2","dual_gradient_refine","0.558712961326066"
"run_six_hump_camel_20260408_122752_284437_06bd","six_hump_camel","post_0913","122752","S8_obj","True","True","0.249","True","pass","True","success","0.4","0.2","True","30","True","10","2","obj_refine_lcb","0.562203493360192"
"run_six_hump_camel_20260408_122752_284437_06bd","six_hump_camel","post_0913","122752","S8_pred","True","True","0.249000000000436","True","pass","True","success","0.4","0.2","True","30","True","10","2","pred_refine_lcb","0.558712961326066"
"run_six_hump_camel_20260408_122911_117425_b99e","six_hump_camel","post_0913","122911","S4_dual","True","True","0.249000000000419","True","pass","True","success","0.4","0.2","True","30","True","10","2","dual_refine_ei","0.666568844750653"
"run_six_hump_camel_20260408_122911_117425_b99e","six_hump_camel","post_0913","122911","S4_obj","True","True","0.249000000000424","True","pass","True","success","0.4","0.2","True","30","True","10","2","obj_refine_ei","0.633760624004913"
"run_six_hump_camel_20260408_122911_117425_b99e","six_hump_camel","post_0913","122911","S4_pred","True","True","0.249000000000511","True","pass","True","success","0.4","0.2","True","30","True","10","2","pred_refine_ei","0.60684850426742"
"run_six_hump_camel_20260408_122911_117425_b99e","six_hump_camel","post_0913","122911","S8_dual","True","True","0.249000000000395","True","pass","True","success","0.4","0.2","True","30","True","10","2","dual_gradient_refine","0.666568844750653"
"run_six_hump_camel_20260408_122911_117425_b99e","six_hump_camel","post_0913","122911","S8_obj","True","True","0.249000000000412","True","pass","True","success","0.4","0.2","True","30","True","10","2","obj_refine_lcb","0.633760624004913"
"run_six_hump_camel_20260408_122911_117425_b99e","six_hump_camel","post_0913","122911","S8_pred","True","True","0.249000000000447","True","pass","True","success","0.4","0.2","True","30","True","10","2","pred_refine_lcb","0.60684850426742"
"run_six_hump_camel_20260408_122955_938856_5817","six_hump_camel","post_0913","122955","S4_dual","True","True","0.249","True","pass","True","success","0","0.8","True","30","False","10","2","dual_refine_ei","0.543321663169567"
"run_six_hump_camel_20260408_122955_938856_5817","six_hump_camel","post_0913","122955","S4_obj","True","True","0.249","True","pass","True","success","0","0.8","True","30","False","10","2","obj_refine_ei","0.541758125303579"
"run_six_hump_camel_20260408_122955_938856_5817","six_hump_camel","post_0913","122955","S4_pred","False","False","0.249","True","over_shrink_fail","True","success","0","0.8","True","30","False","10","2","pred_refine_ei","0.543321663169567"
"run_six_hump_camel_20260408_122955_938856_5817","six_hump_camel","post_0913","122955","S8_dual","True","True","0.249","True","pass","True","success","0","0.8","True","30","False","10","2","dual_gradient_refine","0.543321663169567"
"run_six_hump_camel_20260408_122955_938856_5817","six_hump_camel","post_0913","122955","S8_obj","True","True","0.249","True","pass","True","success","0","0.8","True","30","False","10","2","obj_refine_lcb","0.541758125303579"
"run_six_hump_camel_20260408_122955_938856_5817","six_hump_camel","post_0913","122955","S8_pred","False","False","0.249","True","over_shrink_fail","True","success","0","0.8","True","30","False","10","2","pred_refine_lcb","0.543321663169567"
"run_six_hump_camel_20260408_123152_973524_2a34","six_hump_camel","post_0913","123152","S4_dual","True","True","0.249000000000455","True","pass","True","success","0.5","0.5","True","30","True","10","2","dual_refine_ei","0.579235457030924"
"run_six_hump_camel_20260408_123152_973524_2a34","six_hump_camel","post_0913","123152","S4_obj","True","True","0.249000000000455","True","pass","True","success","0.5","0.5","True","30","True","10","2","obj_refine_ei","0.597901136398804"
"run_six_hump_camel_20260408_123152_973524_2a34","six_hump_camel","post_0913","123152","S4_pred","True","True","0.249000000000455","True","pass","True","success","0.5","0.5","True","30","True","10","2","pred_refine_ei","0.579235457030924"
"run_six_hump_camel_20260408_123152_973524_2a34","six_hump_camel","post_0913","123152","S8_dual","True","True","0.249000000000456","True","pass","True","success","0.5","0.5","True","30","True","10","2","dual_gradient_refine","0.579235457030924"
"run_six_hump_camel_20260408_123152_973524_2a34","six_hump_camel","post_0913","123152","S8_obj","True","True","0.249000000000454","True","pass","True","success","0.5","0.5","True","30","True","10","2","obj_refine_lcb","0.597901136398804"
"run_six_hump_camel_20260408_123152_973524_2a34","six_hump_camel","post_0913","123152","S8_pred","True","True","0.249000000000455","True","pass","True","success","0.5","0.5","True","30","True","10","2","pred_refine_lcb","0.579235457030924"
"run_six_hump_camel_20260408_123155_056560_fb4c","six_hump_camel","post_0913","123155","S4_dual","True","True","0.249","True","pass","True","success","0","1","True","27","False","9.4","2","dual_refine_ei","0.518811599204776"
"run_six_hump_camel_20260408_123155_056560_fb4c","six_hump_camel","post_0913","123155","S4_obj","True","True","0.249","True","pass","True","success","0","1","True","27","False","9.4","2","obj_refine_ei","0.518811599204776"
"run_six_hump_camel_20260408_123155_056560_fb4c","six_hump_camel","post_0913","123155","S4_pred","True","True","0.249000000000448","True","pass","True","success","0","1","True","27","False","9.4","2","pred_refine_ei","0.516163004381501"
"run_six_hump_camel_20260408_123155_056560_fb4c","six_hump_camel","post_0913","123155","S8_dual","True","True","0.249","True","pass","True","success","0","1","True","27","False","9.4","2","dual_gradient_refine","0.518811599204776"
"run_six_hump_camel_20260408_123155_056560_fb4c","six_hump_camel","post_0913","123155","S8_obj","True","True","0.249","True","pass","True","success","0","1","True","27","False","9.4","2","obj_refine_lcb","0.518811599204776"
"run_six_hump_camel_20260408_123155_056560_fb4c","six_hump_camel","post_0913","123155","S8_pred","True","True","0.249000000000452","True","pass","True","success","0","1","True","27","False","9.4","2","pred_refine_lcb","0.516163004381501"
"run_six_hump_camel_20260408_123413_878609_f012","six_hump_camel","post_0913","123413","S4_dual","True","True","0.249","True","pass","True","success","0.2","0.8","True","30","False","10","2","dual_refine_ei","0.460948012285646"
"run_six_hump_camel_20260408_123413_878609_f012","six_hump_camel","post_0913","123413","S4_obj","False","True","0.27766184822637","False","over_wide_fail","True","success","0.2","0.8","True","30","False","10","2","obj_refine_ei","0.460948012285646"
"run_six_hump_camel_20260408_123413_878609_f012","six_hump_camel","post_0913","123413","S4_pred","True","True","0.249000000000355","True","pass","True","success","0.2","0.8","True","30","False","10","2","pred_refine_ei","0.460948012285646"
"run_six_hump_camel_20260408_123413_878609_f012","six_hump_camel","post_0913","123413","S8_dual","True","True","0.249","True","pass","True","success","0.2","0.8","True","30","False","10","2","dual_gradient_refine","0.460948012285646"
"run_six_hump_camel_20260408_123413_878609_f012","six_hump_camel","post_0913","123413","S8_obj","False","True","0.292537731535239","False","over_wide_fail","True","success","0.2","0.8","True","30","False","10","2","obj_refine_lcb","0.460948012285646"
"run_six_hump_camel_20260408_123413_878609_f012","six_hump_camel","post_0913","123413","S8_pred","True","True","0.249000000000348","True","pass","True","success","0.2","0.8","True","30","False","10","2","pred_refine_lcb","0.460948012285646"
"run_six_hump_camel_20260408_123425_530448_6d0d","six_hump_camel","post_0913","123425","S4_dual","True","True","0.249000000000454","True","pass","True","success","0.5","0.25","True","30","True","10","2","dual_refine_ei","0.620175801105887"
"run_six_hump_camel_20260408_123425_530448_6d0d","six_hump_camel","post_0913","123425","S4_obj","True","True","0.249000000000497","True","pass","True","success","0.5","0.25","True","30","True","10","2","obj_refine_ei","0.620175801105887"
"run_six_hump_camel_20260408_123425_530448_6d0d","six_hump_camel","post_0913","123425","S4_pred","True","True","0.249","True","pass","True","success","0.5","0.25","True","30","True","10","2","pred_refine_ei","0.625413715619048"
"run_six_hump_camel_20260408_123425_530448_6d0d","six_hump_camel","post_0913","123425","S8_dual","True","True","0.249","True","pass","True","success","0.5","0.25","True","30","True","10","2","dual_gradient_refine","0.620175801105887"
"run_six_hump_camel_20260408_123425_530448_6d0d","six_hump_camel","post_0913","123425","S8_obj","True","True","0.249","True","pass","True","success","0.5","0.25","True","30","True","10","2","obj_refine_lcb","0.620175801105887"
"run_six_hump_camel_20260408_123425_530448_6d0d","six_hump_camel","post_0913","123425","S8_pred","True","True","0.249","True","pass","True","success","0.5","0.25","True","30","True","10","2","pred_refine_lcb","0.625413715619048"
"run_six_hump_camel_20260408_123629_016652_8ba0","six_hump_camel","post_0913","123629","S4_dual","True","True","0.249000000000085","True","pass","True","success","0","1","True","30","False","10","2","dual_refine_ei","0.591073163147478"
"run_six_hump_camel_20260408_123629_016652_8ba0","six_hump_camel","post_0913","123629","S4_obj","True","True","0.249000000000066","True","pass","True","success","0","1","True","30","False","10","2","obj_refine_ei","0.716680950571191"
"run_six_hump_camel_20260408_123629_016652_8ba0","six_hump_camel","post_0913","123629","S4_pred","True","True","0.249","True","pass","True","success","0","1","True","30","False","10","2","pred_refine_ei","0.604290079827141"
"run_six_hump_camel_20260408_123629_016652_8ba0","six_hump_camel","post_0913","123629","S8_dual","True","True","0.24900000000034","True","pass","True","success","0","1","True","30","False","10","2","dual_gradient_refine","0.591073163147478"
"run_six_hump_camel_20260408_123629_016652_8ba0","six_hump_camel","post_0913","123629","S8_obj","True","True","0.249000000000208","True","pass","True","success","0","1","True","30","False","10","2","obj_refine_lcb","0.716680950571191"
"run_six_hump_camel_20260408_123629_016652_8ba0","six_hump_camel","post_0913","123629","S8_pred","True","True","0.249","True","pass","True","success","0","1","True","30","False","10","2","pred_refine_lcb","0.604290079827141"
"run_six_hump_camel_20260408_123740_533367_9193","six_hump_camel","post_0913","123740","S4_dual","True","True","0.249","True","pass","True","success","0.333333333333333","0.166666666666667","True","30","False","10","2","dual_refine_ei","0.523942210239658"
"run_six_hump_camel_20260408_123740_533367_9193","six_hump_camel","post_0913","123740","S4_obj","False","True","0.365344828687136","False","over_wide_fail","True","success","0.333333333333333","0.166666666666667","True","30","False","10","2","obj_refine_ei","0.560300837563033"
"run_six_hump_camel_20260408_123740_533367_9193","six_hump_camel","post_0913","123740","S4_pred","True","True","0.249","True","pass","True","success","0.333333333333333","0.166666666666667","True","30","False","10","2","pred_refine_ei","0.544334796346743"
"run_six_hump_camel_20260408_123740_533367_9193","six_hump_camel","post_0913","123740","S8_dual","True","True","0.249","True","pass","True","success","0.333333333333333","0.166666666666667","True","30","False","10","2","dual_gradient_refine","0.523942210239658"
"run_six_hump_camel_20260408_123740_533367_9193","six_hump_camel","post_0913","123740","S8_obj","False","True","0.458169258735689","False","over_wide_fail","True","success","0.333333333333333","0.166666666666667","True","30","False","10","2","obj_refine_lcb","0.560300837563033"
"run_six_hump_camel_20260408_123740_533367_9193","six_hump_camel","post_0913","123740","S8_pred","True","True","0.249","True","pass","True","success","0.333333333333333","0.166666666666667","True","30","False","10","2","pred_refine_lcb","0.544334796346743"
"run_six_hump_camel_20260408_124044_056955_6222","six_hump_camel","post_0913","124044","S4_dual","True","True","0.249","True","pass","True","success","0","1","True","30","False","10","2","dual_refine_ei","0.600346674219322"
"run_six_hump_camel_20260408_124044_056955_6222","six_hump_camel","post_0913","124044","S4_obj","True","True","0.249","True","pass","True","success","0","1","True","30","False","10","2","obj_refine_ei","0.600346674219322"
"run_six_hump_camel_20260408_124044_056955_6222","six_hump_camel","post_0913","124044","S4_pred","True","True","0.249000000000367","True","pass","True","success","0","1","True","30","False","10","2","pred_refine_ei","0.595656662664197"
"run_six_hump_camel_20260408_124044_056955_6222","six_hump_camel","post_0913","124044","S8_dual","True","True","0.249000000000537","True","pass","True","success","0","1","True","30","False","10","2","dual_gradient_refine","0.600346674219322"
"run_six_hump_camel_20260408_124044_056955_6222","six_hump_camel","post_0913","124044","S8_obj","True","True","0.249","True","pass","True","success","0","1","True","30","False","10","2","obj_refine_lcb","0.600346674219322"
"run_six_hump_camel_20260408_124044_056955_6222","six_hump_camel","post_0913","124044","S8_pred","True","True","0.249","True","pass","True","success","0","1","True","30","False","10","2","pred_refine_lcb","0.595656662664197"
