run_root,problem,selected,sel_count,dummy_count,fi_real_only_success,fi_all_real_included,fi_final_score_threshold,fi_global_score_floor,fi_stability_rule_very_low_data,fi_stability_perm_min_rate_very_low_data,fi_stability_drop_min_rate_very_low_data,fi_stability_rule_normal,fi_gap_filter_enabled,fi_gap_threshold_very_low_data,fi_gap_global_floor,fi_gap_min_retain,fi_drop_veto_enabled,fi_drop_veto_threshold,fi_disagreement_penalty_scale,fi_disagreement_threshold,fi_null_enabled,fi_null_mode,fi_null_quantile,fi_null_alpha_low_data,fi_bootstrap_enabled,fi_bootstrap_min_freq,fi_bootstrap_rescue_global_floor,fi_perm_var_penalty_very_low_data_scale,perm_repeats,perm_min_pass_rate,fi_drop_min_pass_rate,fi_drop_epsilon,fi_drop_min_pass_rate_very_low_data,fi_drop_epsilon_very_low_data,cv_low_data_np_ratio
result\past\additional=True\run_cantilever_beam_20260326_172335_379289_514b,cantilever_beam,"H,b1,b2,h1",4,0,1,1,0.55,0.25,and,0.6,0.3,or,,,,,True,0.03,0.55,0.25,True,soft,0.85,0.3,True,0.7,,0.2,5,0.6,0.6,0.06,0.35,0.02,15.0
result\past\additional=True\run_cantilever_beam_20260326_172524_147534_d689,cantilever_beam,"H,b1,b2,h1",4,0,1,1,0.55,0.25,and,0.6,0.3,or,,,,,True,0.03,0.55,0.25,True,soft,0.85,0.3,True,0.7,,0.2,5,0.6,0.6,0.06,0.35,0.02,15.0
result\past\additional=True\run_cantilever_beam_20260326_172715_385192_4113,cantilever_beam,"H,b1,b2,h1",4,0,1,1,0.55,0.25,and,0.6,0.3,or,,,,,True,0.03,0.55,0.25,True,soft,0.85,0.3,True,0.7,,0.2,5,0.6,0.6,0.06,0.35,0.02,15.0
result\past\additional=True\run_cantilever_beam_20260326_172913_693078_6d9b,cantilever_beam,"H,b1,b2,h1",4,0,1,1,0.55,0.25,and,0.6,0.3,or,,,,,True,0.03,0.55,0.25,True,soft,0.85,0.3,True,0.7,,0.2,5,0.6,0.6,0.06,0.35,0.02,15.0
result\past\additional=True\run_cantilever_beam_20260326_173123_277827_7494,cantilever_beam,"H,b1,b2,h1",4,0,1,1,0.55,0.25,and,0.6,0.3,or,,,,,True,0.03,0.55,0.25,True,soft,0.85,0.3,True,0.7,,0.2,5,0.6,0.6,0.06,0.35,0.02,15.0
result\past\additional=True\run_cantilever_beam_20260326_173330_343318_d339,cantilever_beam,"H,b1,b2,h1",4,0,1,1,0.55,0.25,and,0.6,0.3,or,,,,,True,0.03,0.55,0.25,True,soft,0.85,0.3,True,0.7,,0.2,5,0.6,0.6,0.06,0.35,0.02,15.0
result\past\additional=True\run_cantilever_beam_20260326_173529_619957_e52e,cantilever_beam,"H,b1,b2,h1",4,0,1,1,0.55,0.25,and,0.6,0.3,or,,,,,True,0.03,0.55,0.25,True,soft,0.85,0.3,True,0.7,,0.2,5,0.6,0.6,0.06,0.35,0.02,15.0
result\past\additional=True\run_cantilever_beam_20260326_173733_345166_989e,cantilever_beam,"H,b1,b2,h1",4,0,1,1,0.55,0.25,and,0.6,0.3,or,,,,,True,0.03,0.55,0.25,True,soft,0.85,0.3,True,0.7,,0.2,5,0.6,0.6,0.06,0.35,0.02,15.0
result\past\additional=True\run_cantilever_beam_20260326_173930_214991_f453,cantilever_beam,"H,b1,b2,h1",4,0,1,1,0.55,0.25,and,0.6,0.3,or,,,,,True,0.03,0.55,0.25,True,soft,0.85,0.3,True,0.7,,0.2,5,0.6,0.6,0.06,0.35,0.02,15.0
result\past\additional=True\run_cantilever_beam_20260326_174135_900970_173b,cantilever_beam,"H,b1,b2,h1",4,0,1,1,0.55,0.25,and,0.6,0.3,or,,,,,True,0.03,0.55,0.25,True,soft,0.85,0.3,True,0.7,,0.2,5,0.6,0.6,0.06,0.35,0.02,15.0
result\past\additional=True\run_cantilever_beam_20260326_174318_402423_7046,cantilever_beam,"H,b1,b2,h1",4,0,1,1,0.55,0.25,and,0.6,0.3,or,,,,,True,0.03,0.55,0.25,True,soft,0.85,0.3,True,0.7,,0.2,5,0.6,0.6,0.06,0.35,0.02,15.0
result\past\additional=True\run_cantilever_beam_20260326_174522_428013_902d,cantilever_beam,"H,b1,b2,h1",4,0,1,1,0.55,0.25,and,0.6,0.3,or,,,,,True,0.03,0.55,0.25,True,soft,0.85,0.3,True,0.7,,0.2,5,0.6,0.6,0.06,0.35,0.02,15.0
result\past\additional=True\run_cantilever_beam_20260326_174718_807454_b487,cantilever_beam,"H,b1,b2,h1",4,0,1,1,0.55,0.25,and,0.6,0.3,or,,,,,True,0.03,0.55,0.25,True,soft,0.85,0.3,True,0.7,,0.2,5,0.6,0.6,0.06,0.35,0.02,15.0
result\past\additional=True\run_cantilever_beam_20260326_174852_688075_8dc0,cantilever_beam,"H,b1,b2,h1",4,0,1,1,0.55,0.25,and,0.6,0.3,or,,,,,True,0.03,0.55,0.25,True,soft,0.85,0.3,True,0.7,,0.2,5,0.6,0.6,0.06,0.35,0.02,15.0
result\past\additional=True\run_cantilever_beam_20260326_175054_939797_672f,cantilever_beam,"H,b1,b2,h1",4,0,1,1,0.55,0.25,and,0.6,0.3,or,,,,,True,0.03,0.55,0.25,True,soft,0.85,0.3,True,0.7,,0.2,5,0.6,0.6,0.06,0.35,0.02,15.0
result\past\additional=True\run_cantilever_beam_20260326_175241_098067_69e5,cantilever_beam,"H,b1,b2,h1",4,0,1,1,0.55,0.25,and,0.6,0.3,or,,,,,True,0.03,0.55,0.25,True,soft,0.85,0.3,True,0.7,,0.2,5,0.6,0.6,0.06,0.35,0.02,15.0
result\past\additional=True\run_cantilever_beam_20260326_175437_490294_d93b,cantilever_beam,"H,b1,b2,h1",4,0,1,1,0.55,0.25,and,0.6,0.3,or,,,,,True,0.03,0.55,0.25,True,soft,0.85,0.3,True,0.7,,0.2,5,0.6,0.6,0.06,0.35,0.02,15.0
result\past\additional=True\run_cantilever_beam_20260326_175626_888275_4c9c,cantilever_beam,"H,b1,b2,h1",4,0,1,1,0.55,0.25,and,0.6,0.3,or,,,,,True,0.03,0.55,0.25,True,soft,0.85,0.3,True,0.7,,0.2,5,0.6,0.6,0.06,0.35,0.02,15.0
result\past\additional=True\run_cantilever_beam_20260326_175831_497440_c428,cantilever_beam,"H,b1,b2,h1",4,0,1,1,0.55,0.25,and,0.6,0.3,or,,,,,True,0.03,0.55,0.25,True,soft,0.85,0.3,True,0.7,,0.2,5,0.6,0.6,0.06,0.35,0.02,15.0
result\past\additional=True\run_cantilever_beam_20260326_180034_141095_2b63,cantilever_beam,"H,b1,b2,h1",4,0,1,1,0.55,0.25,and,0.6,0.3,or,,,,,True,0.03,0.55,0.25,True,soft,0.85,0.3,True,0.7,,0.2,5,0.6,0.6,0.06,0.35,0.02,15.0
result\past\additional=True\run_cantilever_beam_20260326_180220_210548_a8ba,cantilever_beam,"H,b1,b2,h1",4,0,1,1,0.55,0.25,and,0.6,0.3,or,,,,,True,0.03,0.55,0.25,True,soft,0.85,0.3,True,0.7,,0.2,5,0.6,0.6,0.06,0.35,0.02,15.0
result\past\additional=True\run_cantilever_beam_20260326_180400_010051_136d,cantilever_beam,"H,b1,b2,h1",4,0,1,1,0.55,0.25,and,0.6,0.3,or,,,,,True,0.03,0.55,0.25,True,soft,0.85,0.3,True,0.7,,0.2,5,0.6,0.6,0.06,0.35,0.02,15.0
result\past\additional=True\run_cantilever_beam_20260326_180601_559493_656b,cantilever_beam,"H,b1,b2,h1",4,0,1,1,0.55,0.25,and,0.6,0.3,or,,,,,True,0.03,0.55,0.25,True,soft,0.85,0.3,True,0.7,,0.2,5,0.6,0.6,0.06,0.35,0.02,15.0
result\past\additional=True\run_cantilever_beam_20260326_180802_703114_bbbc,cantilever_beam,"H,b1,b2,h1",4,0,1,1,0.55,0.25,and,0.6,0.3,or,,,,,True,0.03,0.55,0.25,True,soft,0.85,0.3,True,0.7,,0.2,5,0.6,0.6,0.06,0.35,0.02,15.0
result\past\additional=True\run_cantilever_beam_20260326_181010_142035_4de9,cantilever_beam,"H,b1,b2,h1",4,0,1,1,0.55,0.25,and,0.6,0.3,or,,,,,True,0.03,0.55,0.25,True,soft,0.85,0.3,True,0.7,,0.2,5,0.6,0.6,0.06,0.35,0.02,15.0
result\past\additional=True\run_cantilever_beam_20260327_084108_992204_09c0,cantilever_beam,"H,b1,b2,h1",4,0,1,1,0.55,0.25,and,0.6,0.3,or,,,,,True,0.03,0.55,0.25,True,soft,0.85,0.3,True,0.7,,0.2,5,0.6,0.6,0.06,0.35,0.02,15.0
result\past\additional=True\run_cantilever_beam_20260327_084422_198018_2110,cantilever_beam,"H,b1,b2,h1",4,0,1,1,0.55,0.25,and,0.6,0.3,or,,,,,True,0.03,0.55,0.25,True,soft,0.85,0.3,True,0.7,,0.2,5,0.6,0.6,0.06,0.35,0.02,15.0
result\past\additional=True\run_cantilever_beam_20260327_084559_637638_18bf,cantilever_beam,"H,b1,b2,h1",4,0,1,1,0.55,0.25,and,0.6,0.3,or,,,,,True,0.03,0.55,0.25,True,soft,0.85,0.3,True,0.7,,0.2,5,0.6,0.6,0.06,0.35,0.02,15.0
result\past\additional=True\run_cantilever_beam_20260327_084803_258004_5b3f,cantilever_beam,"H,b1,b2,h1",4,0,1,1,0.55,0.25,and,0.6,0.3,or,,,,,True,0.03,0.55,0.25,True,soft,0.85,0.3,True,0.7,,0.2,5,0.6,0.6,0.06,0.35,0.02,15.0
result\past\additional=True\run_cantilever_beam_20260327_084955_708725_8382,cantilever_beam,"H,b1,b2,h1",4,0,1,1,0.55,0.25,and,0.6,0.3,or,,,,,True,0.03,0.55,0.25,True,soft,0.85,0.3,True,0.7,,0.2,5,0.6,0.6,0.06,0.35,0.02,15.0
result\past\additional=True\run_cantilever_beam_20260327_085157_194187_40bf,cantilever_beam,"H,b1,b2,h1",4,0,1,1,0.55,0.25,and,0.6,0.3,or,,,,,True,0.03,0.55,0.25,True,soft,0.85,0.3,True,0.7,,0.2,5,0.6,0.6,0.06,0.35,0.02,15.0
result\past\additional=True\run_cantilever_beam_20260327_085357_363073_8c36,cantilever_beam,"H,b1,b2,h1",4,0,1,1,0.55,0.25,and,0.6,0.3,or,,,,,True,0.03,0.55,0.25,True,soft,0.85,0.3,True,0.7,,0.2,5,0.6,0.6,0.06,0.35,0.02,15.0
result\past\additional=True\run_cantilever_beam_20260327_085615_746791_6b71,cantilever_beam,"H,b1,b2,h1",4,0,1,1,0.55,0.25,and,0.6,0.3,or,,,,,True,0.03,0.55,0.25,True,soft,0.85,0.3,True,0.7,,0.2,5,0.6,0.6,0.06,0.35,0.02,15.0
result\past\additional=True\run_cantilever_beam_20260327_085759_345499_e1a2,cantilever_beam,"H,b1,b2,h1",4,0,1,1,0.55,0.25,and,0.6,0.3,or,,,,,True,0.03,0.55,0.25,True,soft,0.85,0.3,True,0.7,,0.2,5,0.6,0.6,0.06,0.35,0.02,15.0
result\past\additional=True\run_cantilever_beam_20260327_085952_866769_6e3b,cantilever_beam,"H,b1,b2,h1",4,0,1,1,0.55,0.25,and,0.6,0.3,or,,,,,True,0.03,0.55,0.25,True,soft,0.85,0.3,True,0.7,,0.2,5,0.6,0.6,0.06,0.35,0.02,15.0
result\past\additional=True\run_cantilever_beam_20260327_090141_284415_e44b,cantilever_beam,"H,b1,b2,h1",4,0,1,1,0.55,0.25,and,0.6,0.3,or,,,,,True,0.03,0.55,0.25,True,soft,0.85,0.3,True,0.7,,0.2,5,0.6,0.6,0.06,0.35,0.02,15.0
result\past\additional=True\run_cantilever_beam_20260327_090411_572305_73d2,cantilever_beam,"H,b1,b2,h1",4,0,1,1,0.55,0.25,and,0.6,0.3,or,,,,,True,0.03,0.55,0.25,True,soft,0.85,0.3,True,0.7,,0.2,5,0.6,0.6,0.06,0.35,0.02,15.0
result\past\additional=True\run_cantilever_beam_20260327_090612_342461_a3ca,cantilever_beam,"H,b1,b2,h1",4,0,1,1,0.55,0.25,and,0.6,0.3,or,,,,,True,0.03,0.55,0.25,True,soft,0.85,0.3,True,0.7,,0.2,5,0.6,0.6,0.06,0.35,0.02,15.0
result\past\additional=True\run_cantilever_beam_20260327_090733_851179_3b91,cantilever_beam,"H,b1,b2,h1",4,0,1,1,0.55,0.25,and,0.6,0.3,or,,,,,True,0.03,0.55,0.25,True,soft,0.85,0.3,True,0.7,,0.2,5,0.6,0.6,0.06,0.35,0.02,15.0
result\past\additional=True\run_cantilever_beam_20260327_090959_567210_6bbe,cantilever_beam,"H,b1,b2,h1",4,0,1,1,0.55,0.25,and,0.6,0.3,or,,,,,True,0.03,0.55,0.25,True,soft,0.85,0.3,True,0.7,,0.2,5,0.6,0.6,0.06,0.35,0.02,15.0
result\past\additional=True\run_cantilever_beam_20260327_091159_505397_f136,cantilever_beam,"H,b1,b2,h1",4,0,1,1,0.55,0.25,and,0.6,0.3,or,,,,,True,0.03,0.55,0.25,True,soft,0.85,0.3,True,0.7,,0.2,5,0.6,0.6,0.06,0.35,0.02,15.0
result\past\additional=True\run_cantilever_beam_20260327_091340_926792_c8e9,cantilever_beam,"H,b1,b2,h1",4,0,1,1,0.55,0.25,and,0.6,0.3,or,,,,,True,0.03,0.55,0.25,True,soft,0.85,0.3,True,0.7,,0.2,5,0.6,0.6,0.06,0.35,0.02,15.0
result\past\additional=True\run_cantilever_beam_20260327_091535_656831_2e74,cantilever_beam,"H,b1,b2,h1",4,0,1,1,0.55,0.25,and,0.6,0.3,or,,,,,True,0.03,0.55,0.25,True,soft,0.85,0.3,True,0.7,,0.2,5,0.6,0.6,0.06,0.35,0.02,15.0
result\past\additional=True\run_cantilever_beam_20260327_091847_020271_afc6,cantilever_beam,"H,b1,b2,h1",4,0,1,1,0.55,0.25,and,0.6,0.3,or,,,,,True,0.03,0.55,0.25,True,soft,0.85,0.3,True,0.7,,0.2,5,0.6,0.6,0.06,0.35,0.02,15.0
result\past\additional=True\run_cantilever_beam_20260327_092222_087568_d111,cantilever_beam,"H,b1,b2,h1",4,0,1,1,0.55,0.25,and,0.6,0.3,or,,,,,True,0.03,0.55,0.25,True,soft,0.85,0.3,True,0.7,,0.2,5,0.6,0.6,0.06,0.35,0.02,15.0
result\past\additional=True\run_cantilever_beam_20260327_092437_366528_f2b0,cantilever_beam,"H,b1,b2,h1",4,0,1,1,0.55,0.25,and,0.6,0.3,or,,,,,True,0.03,0.55,0.25,True,soft,0.85,0.3,True,0.7,,0.2,5,0.6,0.6,0.06,0.35,0.02,15.0
result\past\additional=True\run_cantilever_beam_20260327_092716_471522_a316,cantilever_beam,"H,b1,b2,h1",4,0,1,1,0.55,0.25,and,0.6,0.3,or,,,,,True,0.03,0.55,0.25,True,soft,0.85,0.3,True,0.7,,0.2,5,0.6,0.6,0.06,0.35,0.02,15.0
result\past\additional=True\run_cantilever_beam_20260327_092937_184577_9a2e,cantilever_beam,"H,b1,b2,h1",4,0,1,1,0.55,0.25,and,0.6,0.3,or,,,,,True,0.03,0.55,0.25,True,soft,0.85,0.3,True,0.7,,0.2,5,0.6,0.6,0.06,0.35,0.02,15.0
result\past\additional=True\run_cantilever_beam_20260327_093115_776719_c3d7,cantilever_beam,"H,b1,b2,h1",4,0,1,1,0.55,0.25,and,0.6,0.3,or,,,,,True,0.03,0.55,0.25,True,soft,0.85,0.3,True,0.7,,0.2,5,0.6,0.6,0.06,0.35,0.02,15.0
result\past\additional=True\run_cantilever_beam_20260327_093256_443291_7093,cantilever_beam,"H,b1,b2,h1",4,0,1,1,0.55,0.25,and,0.6,0.3,or,,,,,True,0.03,0.55,0.25,True,soft,0.85,0.3,True,0.7,,0.2,5,0.6,0.6,0.06,0.35,0.02,15.0
result\past\additional=True\run_cantilever_beam_20260327_133604_346608_817d,cantilever_beam,"H,b1,b2,h1",4,0,1,1,0.55,0.25,and,0.6,0.45,or,True,0.1,0.7,2.0,True,0.03,0.4,0.25,True,soft,0.85,0.45,True,0.7,,0.2,5,0.6,0.6,0.06,0.35,0.02,15.0
result\past\additional=True\run_cantilever_beam_20260327_133636_050188_9079,cantilever_beam,"H,b1,b2,h1",4,0,1,1,0.55,0.25,and,0.6,0.45,or,True,0.1,0.7,2.0,True,0.03,0.4,0.25,True,soft,0.85,0.45,True,0.7,,0.2,5,0.6,0.6,0.06,0.35,0.02,15.0
result\past\additional=True\run_cantilever_beam_20260327_133751_383378_6c54,cantilever_beam,"H,b1,b2,h1",4,0,1,1,0.55,0.25,and,0.6,0.45,or,True,0.1,0.7,2.0,True,0.03,0.4,0.25,True,soft,0.85,0.45,True,0.7,,0.2,5,0.6,0.6,0.06,0.35,0.02,15.0
result\past\additional=True\run_cantilever_beam_20260327_133905_075963_d19d,cantilever_beam,"H,b1,b2,h1",4,0,1,1,0.55,0.25,and,0.6,0.45,or,True,0.1,0.7,2.0,True,0.03,0.4,0.25,True,soft,0.85,0.45,True,0.7,,0.2,5,0.6,0.6,0.06,0.35,0.02,15.0
result\past\additional=True\run_cantilever_beam_20260327_133940_926373_1871,cantilever_beam,"H,b1,b2,h1",4,0,1,1,0.55,0.25,and,0.6,0.45,or,True,0.1,0.7,2.0,True,0.03,0.4,0.25,True,soft,0.85,0.45,True,0.7,,0.2,5,0.6,0.6,0.06,0.35,0.02,15.0
result\past\additional=True\run_cantilever_beam_20260327_134105_129489_dfa3,cantilever_beam,"H,b1,b2,h1",4,0,1,1,0.55,0.25,and,0.6,0.45,or,True,0.1,0.7,2.0,True,0.03,0.4,0.25,True,soft,0.85,0.45,True,0.7,,0.2,5,0.6,0.6,0.06,0.35,0.02,15.0
result\past\additional=True\run_cantilever_beam_20260327_134139_435849_ec11,cantilever_beam,"H,b1,b2,h1",4,0,1,1,0.55,0.25,and,0.6,0.45,or,True,0.1,0.7,2.0,True,0.03,0.4,0.25,True,soft,0.85,0.45,True,0.7,,0.2,5,0.6,0.6,0.06,0.35,0.02,15.0
result\past\additional=True\run_cantilever_beam_20260327_134346_309236_663a,cantilever_beam,"H,b1,b2,h1",4,0,1,1,0.55,0.25,and,0.6,0.45,or,True,0.1,0.7,2.0,True,0.03,0.4,0.25,True,soft,0.85,0.45,True,0.7,,0.2,5,0.6,0.6,0.06,0.35,0.02,15.0
result\past\additional=True\run_cantilever_beam_20260327_134350_821078_9b51,cantilever_beam,"H,b1,b2,h1",4,0,1,1,0.55,0.25,and,0.6,0.45,or,True,0.1,0.7,2.0,True,0.03,0.4,0.25,True,soft,0.85,0.45,True,0.7,,0.2,5,0.6,0.6,0.06,0.35,0.02,15.0
result\past\additional=True\run_cantilever_beam_20260327_134551_880676_907b,cantilever_beam,"H,b1,b2,h1",4,0,1,1,0.55,0.25,and,0.6,0.45,or,True,0.1,0.7,2.0,True,0.03,0.4,0.25,True,soft,0.85,0.45,True,0.7,,0.2,5,0.6,0.6,0.06,0.35,0.02,15.0
result\past\additional=True\run_cantilever_beam_20260327_134611_518207_9bd6,cantilever_beam,"H,b1,b2,h1",4,0,1,1,0.55,0.25,and,0.6,0.45,or,True,0.1,0.7,2.0,True,0.03,0.4,0.25,True,soft,0.85,0.45,True,0.7,,0.2,5,0.6,0.6,0.06,0.35,0.02,15.0
result\past\additional=True\run_cantilever_beam_20260327_134749_768288_b466,cantilever_beam,"H,b1,b2,h1",4,0,1,1,0.55,0.25,and,0.6,0.45,or,True,0.1,0.7,2.0,True,0.03,0.4,0.25,True,soft,0.85,0.45,True,0.7,,0.2,5,0.6,0.6,0.06,0.35,0.02,15.0
result\past\additional=True\run_cantilever_beam_20260327_134924_730354_7a03,cantilever_beam,"H,b1,b2,h1",4,0,1,1,0.55,0.25,and,0.6,0.45,or,True,0.1,0.7,2.0,True,0.03,0.4,0.25,True,soft,0.85,0.45,True,0.7,,0.2,5,0.6,0.6,0.06,0.35,0.02,15.0
result\past\additional=True\run_cantilever_beam_20260327_134950_450099_0d81,cantilever_beam,"H,b1,b2,h1",4,0,1,1,0.55,0.25,and,0.6,0.45,or,True,0.1,0.7,2.0,True,0.03,0.4,0.25,True,soft,0.85,0.45,True,0.7,,0.2,5,0.6,0.6,0.06,0.35,0.02,15.0
result\past\additional=True\run_cantilever_beam_20260327_135144_588314_3aeb,cantilever_beam,"H,b1,b2,h1",4,0,1,1,0.55,0.25,and,0.6,0.45,or,True,0.1,0.7,2.0,True,0.03,0.4,0.25,True,soft,0.85,0.45,True,0.7,,0.2,5,0.6,0.6,0.06,0.35,0.02,15.0
result\past\additional=True\run_cantilever_beam_20260327_135158_791661_da65,cantilever_beam,"H,b1,b2,h1",4,0,1,1,0.55,0.25,and,0.6,0.45,or,True,0.1,0.7,2.0,True,0.03,0.4,0.25,True,soft,0.85,0.45,True,0.7,,0.2,5,0.6,0.6,0.06,0.35,0.02,15.0
result\past\additional=True\run_cantilever_beam_20260327_135350_450257_9e6c,cantilever_beam,"H,b1,b2,h1",4,0,1,1,0.55,0.25,and,0.6,0.45,or,True,0.1,0.7,2.0,True,0.03,0.4,0.25,True,soft,0.85,0.45,True,0.7,,0.2,5,0.6,0.6,0.06,0.35,0.02,15.0
result\past\additional=True\run_cantilever_beam_20260327_135442_494204_d377,cantilever_beam,"H,b1,b2,h1",4,0,1,1,0.55,0.25,and,0.6,0.45,or,True,0.1,0.7,2.0,True,0.03,0.4,0.25,True,soft,0.85,0.45,True,0.7,,0.2,5,0.6,0.6,0.06,0.35,0.02,15.0
result\past\additional=True\run_cantilever_beam_20260327_135532_302492_7899,cantilever_beam,"H,b1,b2,h1",4,0,1,1,0.55,0.25,and,0.6,0.45,or,True,0.1,0.7,2.0,True,0.03,0.4,0.25,True,soft,0.85,0.45,True,0.7,,0.2,5,0.6,0.6,0.06,0.35,0.02,15.0
result\past\additional=True\run_cantilever_beam_20260327_135706_508600_f8c1,cantilever_beam,"H,b1,b2,h1",4,0,1,1,0.55,0.25,and,0.6,0.45,or,True,0.1,0.7,2.0,True,0.03,0.4,0.25,True,soft,0.85,0.45,True,0.7,,0.2,5,0.6,0.6,0.06,0.35,0.02,15.0
result\past\additional=True\run_cantilever_beam_20260327_135736_186782_7a0a,cantilever_beam,"H,b1,b2,h1",4,0,1,1,0.55,0.25,and,0.6,0.45,or,True,0.1,0.7,2.0,True,0.03,0.4,0.25,True,soft,0.85,0.45,True,0.7,,0.2,5,0.6,0.6,0.06,0.35,0.02,15.0
result\past\additional=True\run_cantilever_beam_20260327_135930_968983_21e6,cantilever_beam,"H,b1,b2,h1",4,0,1,1,0.55,0.25,and,0.6,0.45,or,True,0.1,0.7,2.0,True,0.03,0.4,0.25,True,soft,0.85,0.45,True,0.7,,0.2,5,0.6,0.6,0.06,0.35,0.02,15.0
result\past\additional=True\run_cantilever_beam_20260327_140009_156322_274a,cantilever_beam,"H,b1,b2,h1",4,0,1,1,0.55,0.25,and,0.6,0.45,or,True,0.1,0.7,2.0,True,0.03,0.4,0.25,True,soft,0.85,0.45,True,0.7,,0.2,5,0.6,0.6,0.06,0.35,0.02,15.0
result\past\additional=True\run_cantilever_beam_20260327_140103_744857_3d90,cantilever_beam,"H,b1,b2,h1",4,0,1,1,0.55,0.25,and,0.6,0.45,or,True,0.1,0.7,2.0,True,0.03,0.4,0.25,True,soft,0.85,0.45,True,0.7,,0.2,5,0.6,0.6,0.06,0.35,0.02,15.0
result\past\additional=True\run_cantilever_beam_20260327_140222_563334_d689,cantilever_beam,"H,b1,b2,h1",4,0,1,1,0.55,0.25,and,0.6,0.45,or,True,0.1,0.7,2.0,True,0.03,0.4,0.25,True,soft,0.85,0.45,True,0.7,,0.2,5,0.6,0.6,0.06,0.35,0.02,15.0
result\past\additional=True\run_cantilever_beam_20260327_140305_372087_b735,cantilever_beam,"H,b1,b2,h1",4,0,1,1,0.55,0.25,and,0.6,0.45,or,True,0.1,0.7,2.0,True,0.03,0.4,0.25,True,soft,0.85,0.45,True,0.7,,0.2,5,0.6,0.6,0.06,0.35,0.02,15.0
result\past\additional=True\run_cantilever_beam_20260327_140451_017886_0c7d,cantilever_beam,"H,b1,b2,h1",4,0,1,1,0.55,0.25,and,0.6,0.45,or,True,0.1,0.7,2.0,True,0.03,0.4,0.25,True,soft,0.85,0.45,True,0.7,,0.2,5,0.6,0.6,0.06,0.35,0.02,15.0
result\past\additional=True\run_cantilever_beam_20260327_140458_608552_c7c9,cantilever_beam,"H,b1,b2,h1",4,0,1,1,0.55,0.25,and,0.6,0.45,or,True,0.1,0.7,2.0,True,0.03,0.4,0.25,True,soft,0.85,0.45,True,0.7,,0.2,5,0.6,0.6,0.06,0.35,0.02,15.0
result\past\additional=True\run_cantilever_beam_20260327_140646_349916_7d6f,cantilever_beam,"H,b1,b2,h1",4,0,1,1,0.55,0.25,and,0.6,0.45,or,True,0.1,0.7,2.0,True,0.03,0.4,0.25,True,soft,0.85,0.45,True,0.7,,0.2,5,0.6,0.6,0.06,0.35,0.02,15.0
result\past\additional=True\run_cantilever_beam_20260327_140746_609023_2e90,cantilever_beam,"H,b1,b2,h1",4,0,1,1,0.55,0.25,and,0.6,0.45,or,True,0.1,0.7,2.0,True,0.03,0.4,0.25,True,soft,0.85,0.45,True,0.7,,0.2,5,0.6,0.6,0.06,0.35,0.02,15.0
result\past\additional=True\run_cantilever_beam_20260327_140834_724666_d9fc,cantilever_beam,"H,b1,b2,h1",4,0,1,1,0.55,0.25,and,0.6,0.45,or,True,0.1,0.7,2.0,True,0.03,0.4,0.25,True,soft,0.85,0.45,True,0.7,,0.2,5,0.6,0.6,0.06,0.35,0.02,15.0
result\past\additional=True\run_cantilever_beam_20260327_141008_015441_3047,cantilever_beam,"H,b1,b2,h1",4,0,1,1,0.55,0.25,and,0.6,0.45,or,True,0.1,0.7,2.0,True,0.03,0.4,0.25,True,soft,0.85,0.45,True,0.7,,0.2,5,0.6,0.6,0.06,0.35,0.02,15.0
result\past\additional=True\run_cantilever_beam_20260327_141034_668209_179e,cantilever_beam,"H,b1,b2,h1",4,0,1,1,0.55,0.25,and,0.6,0.45,or,True,0.1,0.7,2.0,True,0.03,0.4,0.25,True,soft,0.85,0.45,True,0.7,,0.2,5,0.6,0.6,0.06,0.35,0.02,15.0
result\past\additional=True\run_cantilever_beam_20260327_141236_522829_124a,cantilever_beam,"H,b1,b2,h1",4,0,1,1,0.55,0.25,and,0.6,0.45,or,True,0.1,0.7,2.0,True,0.03,0.4,0.25,True,soft,0.85,0.45,True,0.7,,0.2,5,0.6,0.6,0.06,0.35,0.02,15.0
result\past\additional=True\run_cantilever_beam_20260327_141258_680315_255e,cantilever_beam,"H,b1,b2,h1",4,0,1,1,0.55,0.25,and,0.6,0.45,or,True,0.1,0.7,2.0,True,0.03,0.4,0.25,True,soft,0.85,0.45,True,0.7,,0.2,5,0.6,0.6,0.06,0.35,0.02,15.0
result\past\additional=True\run_cantilever_beam_20260327_141421_594126_52ff,cantilever_beam,"H,b1,b2,h1",4,0,1,1,0.55,0.25,and,0.6,0.45,or,True,0.1,0.7,2.0,True,0.03,0.4,0.25,True,soft,0.85,0.45,True,0.7,,0.2,5,0.6,0.6,0.06,0.35,0.02,15.0
result\past\additional=True\run_cantilever_beam_20260327_141522_957130_6583,cantilever_beam,"H,b1,b2,h1",4,0,1,1,0.55,0.25,and,0.6,0.45,or,True,0.1,0.7,2.0,True,0.03,0.4,0.25,True,soft,0.85,0.45,True,0.7,,0.2,5,0.6,0.6,0.06,0.35,0.02,15.0
result\past\additional=True\run_cantilever_beam_20260327_141559_464311_2ec1,cantilever_beam,"H,b1,b2,h1",4,0,1,1,0.55,0.25,and,0.6,0.45,or,True,0.1,0.7,2.0,True,0.03,0.4,0.25,True,soft,0.85,0.45,True,0.7,,0.2,5,0.6,0.6,0.06,0.35,0.02,15.0
result\past\additional=True\run_cantilever_beam_20260327_141736_364165_5dfb,cantilever_beam,"H,b1,b2,h1",4,0,1,1,0.55,0.25,and,0.6,0.45,or,True,0.1,0.7,2.0,True,0.03,0.4,0.25,True,soft,0.85,0.45,True,0.7,,0.2,5,0.6,0.6,0.06,0.35,0.02,15.0
result\past\additional=True\run_cantilever_beam_20260327_141759_810510_4168,cantilever_beam,"H,b1,b2,h1",4,0,1,1,0.55,0.25,and,0.6,0.45,or,True,0.1,0.7,2.0,True,0.03,0.4,0.25,True,soft,0.85,0.45,True,0.7,,0.2,5,0.6,0.6,0.06,0.35,0.02,15.0
result\past\additional=True\run_cantilever_beam_20260327_141931_062829_0103,cantilever_beam,"H,b1,b2,h1",4,0,1,1,0.55,0.25,and,0.6,0.45,or,True,0.1,0.7,2.0,True,0.03,0.4,0.25,True,soft,0.85,0.45,True,0.7,,0.2,5,0.6,0.6,0.06,0.35,0.02,15.0
result\past\additional=True\run_cantilever_beam_20260327_141959_243872_b3b8,cantilever_beam,"H,b1,b2,h1",4,0,1,1,0.55,0.25,and,0.6,0.45,or,True,0.1,0.7,2.0,True,0.03,0.4,0.25,True,soft,0.85,0.45,True,0.7,,0.2,5,0.6,0.6,0.06,0.35,0.02,15.0
result\past\additional=True\run_cantilever_beam_20260327_142200_234262_8320,cantilever_beam,"H,b1,b2,h1",4,0,1,1,0.55,0.25,and,0.6,0.45,or,True,0.1,0.7,2.0,True,0.03,0.4,0.25,True,soft,0.85,0.45,True,0.7,,0.2,5,0.6,0.6,0.06,0.35,0.02,15.0
result\past\additional=True\run_cantilever_beam_20260327_142205_771315_8eb7,cantilever_beam,"H,b1,b2,h1",4,0,1,1,0.55,0.25,and,0.6,0.45,or,True,0.1,0.7,2.0,True,0.03,0.4,0.25,True,soft,0.85,0.45,True,0.7,,0.2,5,0.6,0.6,0.06,0.35,0.02,15.0
result\past\additional=True\run_cantilever_beam_20260327_142431_650327_6274,cantilever_beam,"H,b1,b2,h1",4,0,1,1,0.55,0.25,and,0.6,0.45,or,True,0.1,0.7,2.0,True,0.03,0.4,0.25,True,soft,0.85,0.45,True,0.7,,0.2,5,0.6,0.6,0.06,0.35,0.02,15.0
result\past\additional=True\run_cantilever_beam_20260327_142635_704247_dc7e,cantilever_beam,"H,b1,b2,h1",4,0,1,1,0.55,0.25,and,0.6,0.45,or,True,0.1,0.7,2.0,True,0.03,0.4,0.25,True,soft,0.85,0.45,True,0.7,,0.2,5,0.6,0.6,0.06,0.35,0.02,15.0
result\past\additional=True\run_cantilever_beam_20260327_142851_461205_3ba1,cantilever_beam,"H,b1,b2,h1",4,0,1,1,0.55,0.25,and,0.6,0.45,or,True,0.1,0.7,2.0,True,0.03,0.4,0.25,True,soft,0.85,0.45,True,0.7,,0.2,5,0.6,0.6,0.06,0.35,0.02,15.0
result\past\additional=True\run_cantilever_beam_20260327_143106_837560_c671,cantilever_beam,"H,b1,b2,h1",4,0,1,1,0.55,0.25,and,0.6,0.45,or,True,0.1,0.7,2.0,True,0.03,0.4,0.25,True,soft,0.85,0.45,True,0.7,,0.2,5,0.6,0.6,0.06,0.35,0.02,15.0
result\past\additional=True\run_cantilever_beam_20260327_143308_198773_3e03,cantilever_beam,"H,b1,b2,h1",4,0,1,1,0.55,0.25,and,0.6,0.45,or,True,0.1,0.7,2.0,True,0.03,0.4,0.25,True,soft,0.85,0.45,True,0.7,,0.2,5,0.6,0.6,0.06,0.35,0.02,15.0
result\past\additional=True\run_cantilever_beam_20260327_143515_176553_4a8e,cantilever_beam,"H,b1,b2,h1",4,0,1,1,0.55,0.25,and,0.6,0.45,or,True,0.1,0.7,2.0,True,0.03,0.4,0.25,True,soft,0.85,0.45,True,0.7,,0.2,5,0.6,0.6,0.06,0.35,0.02,15.0
result\past\additional=True\run_cantilever_beam_20260330_145516_088421_cf23,cantilever_beam,"H,b1,b2,h1",4,0,1,1,0.55,0.25,and,0.6,0.42,or,True,0.1,0.65,2.0,True,0.03,0.55,0.25,True,soft,0.85,0.45,True,0.8,,0.2,5,0.6,0.6,0.06,0.35,0.02,15.0
result\past\additional=True\run_cantilever_beam_20260330_145737_107850_99d7,cantilever_beam,"H,b1,b2,h1",4,0,1,1,0.55,0.25,and,0.6,0.42,or,True,0.1,0.65,2.0,True,0.03,0.55,0.25,True,soft,0.85,0.45,True,0.8,,0.2,5,0.6,0.6,0.06,0.35,0.02,15.0
result\past\additional=True\run_cantilever_beam_20260330_150007_497250_344e,cantilever_beam,"H,b1,b2,h1",4,0,1,1,0.55,0.25,and,0.6,0.42,or,True,0.1,0.65,2.0,True,0.03,0.55,0.25,True,soft,0.85,0.45,True,0.8,,0.2,5,0.6,0.6,0.06,0.35,0.02,15.0
result\past\additional=True\run_cantilever_beam_20260330_150249_320169_38c4,cantilever_beam,"H,b1,b2,h1",4,0,1,1,0.55,0.25,and,0.6,0.42,or,True,0.1,0.65,2.0,True,0.03,0.55,0.25,True,soft,0.85,0.45,True,0.8,,0.2,5,0.6,0.6,0.06,0.35,0.02,15.0
result\past\additional=True\run_cantilever_beam_20260330_150542_081151_854c,cantilever_beam,"H,b1,b2,h1",4,0,1,1,0.55,0.25,and,0.6,0.42,or,True,0.1,0.65,2.0,True,0.03,0.55,0.25,True,soft,0.85,0.45,True,0.8,,0.2,5,0.6,0.6,0.06,0.35,0.02,15.0
result\past\additional=True\run_cantilever_beam_20260330_150831_488934_821f,cantilever_beam,"H,b1,b2,h1",4,0,1,1,0.55,0.25,and,0.6,0.42,or,True,0.1,0.65,2.0,True,0.03,0.55,0.25,True,soft,0.85,0.45,True,0.8,,0.2,5,0.6,0.6,0.06,0.35,0.02,15.0
result\past\additional=True\run_cantilever_beam_20260330_151110_957945_47e3,cantilever_beam,"H,b1,b2,h1",4,0,1,1,0.55,0.25,and,0.6,0.42,or,True,0.1,0.65,2.0,True,0.03,0.55,0.25,True,soft,0.85,0.45,True,0.8,,0.2,5,0.6,0.6,0.06,0.35,0.02,15.0
result\past\additional=True\run_cantilever_beam_20260330_151355_362903_aa8e,cantilever_beam,"H,b1,b2,h1",4,0,1,1,0.55,0.25,and,0.6,0.42,or,True,0.1,0.65,2.0,True,0.03,0.55,0.25,True,soft,0.85,0.45,True,0.8,,0.2,5,0.6,0.6,0.06,0.35,0.02,15.0
result\past\additional=True\run_cantilever_beam_20260330_151631_469151_8181,cantilever_beam,"H,b1,b2,h1",4,0,1,1,0.55,0.25,and,0.6,0.42,or,True,0.1,0.65,2.0,True,0.03,0.55,0.25,True,soft,0.85,0.45,True,0.8,,0.2,5,0.6,0.6,0.06,0.35,0.02,15.0
result\past\additional=True\run_cantilever_beam_20260330_151921_391685_923c,cantilever_beam,"H,b1,b2,h1",4,0,1,1,0.55,0.25,and,0.6,0.42,or,True,0.1,0.65,2.0,True,0.03,0.55,0.25,True,soft,0.85,0.45,True,0.8,,0.2,5,0.6,0.6,0.06,0.35,0.02,15.0
result\past\additional=True\run_cantilever_beam_20260330_152140_078151_45f4,cantilever_beam,"H,b1,b2,h1",4,0,1,1,0.55,0.25,and,0.6,0.42,or,True,0.1,0.65,2.0,True,0.03,0.55,0.25,True,soft,0.85,0.45,True,0.8,,0.2,5,0.6,0.6,0.06,0.35,0.02,15.0
result\past\additional=True\run_cantilever_beam_20260330_152427_409543_d243,cantilever_beam,"H,b1,b2,h1",4,0,1,1,0.55,0.25,and,0.6,0.42,or,True,0.1,0.65,2.0,True,0.03,0.55,0.25,True,soft,0.85,0.45,True,0.8,,0.2,5,0.6,0.6,0.06,0.35,0.02,15.0
result\past\additional=True\run_cantilever_beam_20260330_152707_015488_7368,cantilever_beam,"H,b1,b2,h1",4,0,1,1,0.55,0.25,and,0.6,0.42,or,True,0.1,0.65,2.0,True,0.03,0.55,0.25,True,soft,0.85,0.45,True,0.8,,0.2,5,0.6,0.6,0.06,0.35,0.02,15.0
result\past\additional=True\run_cantilever_beam_20260330_152914_003249_8aa6,cantilever_beam,"H,b1,b2,h1",4,0,1,1,0.55,0.25,and,0.6,0.42,or,True,0.1,0.65,2.0,True,0.03,0.55,0.25,True,soft,0.85,0.45,True,0.8,,0.2,5,0.6,0.6,0.06,0.35,0.02,15.0
result\past\additional=True\run_cantilever_beam_20260330_153157_666118_0292,cantilever_beam,"H,b1,b2,h1",4,0,1,1,0.55,0.25,and,0.6,0.42,or,True,0.1,0.65,2.0,True,0.03,0.55,0.25,True,soft,0.85,0.45,True,0.8,,0.2,5,0.6,0.6,0.06,0.35,0.02,15.0
result\past\additional=True\run_cantilever_beam_20260330_153421_079826_bc62,cantilever_beam,"H,b1,b2,h1",4,0,1,1,0.55,0.25,and,0.6,0.42,or,True,0.1,0.65,2.0,True,0.03,0.55,0.25,True,soft,0.85,0.45,True,0.8,,0.2,5,0.6,0.6,0.06,0.35,0.02,15.0
result\past\additional=True\run_cantilever_beam_20260330_153658_587076_143f,cantilever_beam,"H,b1,b2,h1",4,0,1,1,0.55,0.25,and,0.6,0.42,or,True,0.1,0.65,2.0,True,0.03,0.55,0.25,True,soft,0.85,0.45,True,0.8,,0.2,5,0.6,0.6,0.06,0.35,0.02,15.0
result\past\additional=True\run_cantilever_beam_20260330_153925_102930_ca15,cantilever_beam,"H,b1,b2,h1",4,0,1,1,0.55,0.25,and,0.6,0.42,or,True,0.1,0.65,2.0,True,0.03,0.55,0.25,True,soft,0.85,0.45,True,0.8,,0.2,5,0.6,0.6,0.06,0.35,0.02,15.0
result\past\additional=True\run_cantilever_beam_20260330_154206_260697_2481,cantilever_beam,"H,b1,b2,h1",4,0,1,1,0.55,0.25,and,0.6,0.42,or,True,0.1,0.65,2.0,True,0.03,0.55,0.25,True,soft,0.85,0.45,True,0.8,,0.2,5,0.6,0.6,0.06,0.35,0.02,15.0
result\past\additional=True\run_cantilever_beam_20260330_154451_451910_ca67,cantilever_beam,"H,b1,b2,h1",4,0,1,1,0.55,0.25,and,0.6,0.42,or,True,0.1,0.65,2.0,True,0.03,0.55,0.25,True,soft,0.85,0.45,True,0.8,,0.2,5,0.6,0.6,0.06,0.35,0.02,15.0
result\past\additional=True\run_cantilever_beam_20260330_154710_580509_69bb,cantilever_beam,"H,b1,b2,h1",4,0,1,1,0.55,0.25,and,0.6,0.42,or,True,0.1,0.65,2.0,True,0.03,0.55,0.25,True,soft,0.85,0.45,True,0.8,,0.2,5,0.6,0.6,0.06,0.35,0.02,15.0
result\past\additional=True\run_cantilever_beam_20260330_154924_262461_cc92,cantilever_beam,"H,b1,b2,h1",4,0,1,1,0.55,0.25,and,0.6,0.42,or,True,0.1,0.65,2.0,True,0.03,0.55,0.25,True,soft,0.85,0.45,True,0.8,,0.2,5,0.6,0.6,0.06,0.35,0.02,15.0
result\past\additional=True\run_cantilever_beam_20260330_155205_354200_72d3,cantilever_beam,"H,b1,b2,h1",4,0,1,1,0.55,0.25,and,0.6,0.42,or,True,0.1,0.65,2.0,True,0.03,0.55,0.25,True,soft,0.85,0.45,True,0.8,,0.2,5,0.6,0.6,0.06,0.35,0.02,15.0
result\past\additional=True\run_cantilever_beam_20260330_155446_483507_6e5e,cantilever_beam,"H,b1,b2,h1",4,0,1,1,0.55,0.25,and,0.6,0.42,or,True,0.1,0.65,2.0,True,0.03,0.55,0.25,True,soft,0.85,0.45,True,0.8,,0.2,5,0.6,0.6,0.06,0.35,0.02,15.0
result\past\additional=True\run_cantilever_beam_20260330_155736_933154_ab8b,cantilever_beam,"H,b1,b2,h1",4,0,1,1,0.55,0.25,and,0.6,0.42,or,True,0.1,0.65,2.0,True,0.03,0.55,0.25,True,soft,0.85,0.45,True,0.8,,0.2,5,0.6,0.6,0.06,0.35,0.02,15.0
result\past\additional=True\run_cantilever_beam_20260331_082059_626523_d624,cantilever_beam,"H,b1,b2,h1",4,0,1,1,0.55,0.25,and,0.6,0.42,or,True,0.1,0.65,2.0,True,0.03,0.55,0.25,True,soft,0.85,0.45,True,0.8,,0.2,5,0.6,0.6,0.06,0.35,0.02,15.0
result\past\additional=True\run_cantilever_beam_20260331_082118_074669_323b,cantilever_beam,"H,b1,b2,h1",4,0,1,1,0.55,0.25,and,0.6,0.42,or,True,0.1,0.65,2.0,True,0.03,0.55,0.25,True,soft,0.85,0.45,True,0.8,,0.2,5,0.6,0.6,0.06,0.35,0.02,15.0
result\past\additional=True\run_cantilever_beam_20260331_082330_425150_e08a,cantilever_beam,"H,b1,b2,h1",4,0,1,1,0.55,0.25,and,0.6,0.42,or,True,0.1,0.65,2.0,True,0.03,0.55,0.25,True,soft,0.85,0.45,True,0.8,,0.2,5,0.6,0.6,0.06,0.35,0.02,15.0
result\past\additional=True\run_cantilever_beam_20260331_082342_244612_0b99,cantilever_beam,"H,b1,b2,h1",4,0,1,1,0.55,0.25,and,0.6,0.42,or,True,0.1,0.65,2.0,True,0.03,0.55,0.25,True,soft,0.85,0.45,True,0.8,,0.2,5,0.6,0.6,0.06,0.35,0.02,15.0
result\past\additional=True\run_cantilever_beam_20260331_082550_008668_78c7,cantilever_beam,"H,b1,b2,h1",4,0,1,1,0.55,0.25,and,0.6,0.42,or,True,0.1,0.65,2.0,True,0.03,0.55,0.25,True,soft,0.85,0.45,True,0.8,,0.2,5,0.6,0.6,0.06,0.35,0.02,15.0
result\past\additional=True\run_cantilever_beam_20260331_082614_175036_027d,cantilever_beam,"H,b1,b2,h1",4,0,1,1,0.55,0.25,and,0.6,0.42,or,True,0.1,0.65,2.0,True,0.03,0.55,0.25,True,soft,0.85,0.45,True,0.8,,0.2,5,0.6,0.6,0.06,0.35,0.02,15.0
result\past\additional=True\run_cantilever_beam_20260331_082830_652328_8b8e,cantilever_beam,"H,b1,b2,h1",4,0,1,1,0.55,0.25,and,0.6,0.42,or,True,0.1,0.65,2.0,True,0.03,0.55,0.25,True,soft,0.85,0.45,True,0.8,,0.2,5,0.6,0.6,0.06,0.35,0.02,15.0
result\past\additional=True\run_cantilever_beam_20260331_082858_500268_7cf0,cantilever_beam,"H,b1,b2,h1",4,0,1,1,0.55,0.25,and,0.6,0.42,or,True,0.1,0.65,2.0,True,0.03,0.55,0.25,True,soft,0.85,0.45,True,0.8,,0.2,5,0.6,0.6,0.06,0.35,0.02,15.0
result\past\additional=True\run_cantilever_beam_20260331_083052_561587_0550,cantilever_beam,"H,b1,b2,h1",4,0,1,1,0.55,0.25,and,0.6,0.42,or,True,0.1,0.65,2.0,True,0.03,0.55,0.25,True,soft,0.85,0.45,True,0.8,,0.2,5,0.6,0.6,0.06,0.35,0.02,15.0
result\past\additional=True\run_cantilever_beam_20260331_083151_943570_c528,cantilever_beam,"H,b1,b2,h1",4,0,1,1,0.55,0.25,and,0.6,0.42,or,True,0.1,0.65,2.0,True,0.03,0.55,0.25,True,soft,0.85,0.45,True,0.8,,0.2,5,0.6,0.6,0.06,0.35,0.02,15.0
result\past\additional=True\run_cantilever_beam_20260331_083405_473382_75d0,cantilever_beam,"H,b1,b2,h1",4,0,1,1,0.55,0.25,and,0.6,0.42,or,True,0.1,0.65,2.0,True,0.03,0.55,0.25,True,soft,0.85,0.45,True,0.8,,0.2,5,0.6,0.6,0.06,0.35,0.02,15.0
result\past\additional=True\run_cantilever_beam_20260331_083441_068327_35fc,cantilever_beam,"H,b1,b2,h1",4,0,1,1,0.55,0.25,and,0.6,0.42,or,True,0.1,0.65,2.0,True,0.03,0.55,0.25,True,soft,0.85,0.45,True,0.8,,0.2,5,0.6,0.6,0.06,0.35,0.02,15.0
result\past\additional=True\run_cantilever_beam_20260331_083706_390738_10fa,cantilever_beam,"H,b1,b2,h1",4,0,1,1,0.55,0.25,and,0.6,0.42,or,True,0.1,0.65,2.0,True,0.03,0.55,0.25,True,soft,0.85,0.45,True,0.8,,0.2,5,0.6,0.6,0.06,0.35,0.02,15.0
result\past\additional=True\run_cantilever_beam_20260331_083724_682245_60a3,cantilever_beam,"H,b1,b2,h1",4,0,1,1,0.55,0.25,and,0.6,0.42,or,True,0.1,0.65,2.0,True,0.03,0.55,0.25,True,soft,0.85,0.45,True,0.8,,0.2,5,0.6,0.6,0.06,0.35,0.02,15.0
result\past\additional=True\run_cantilever_beam_20260331_084014_500210_736d,cantilever_beam,"H,b1,b2,h1",4,0,1,1,0.55,0.25,and,0.6,0.42,or,True,0.1,0.65,2.0,True,0.03,0.55,0.25,True,soft,0.85,0.45,True,0.8,,0.2,5,0.6,0.6,0.06,0.35,0.02,15.0
result\past\additional=True\run_cantilever_beam_20260331_084027_221287_112e,cantilever_beam,"H,b1,b2,h1",4,0,1,1,0.55,0.25,and,0.6,0.42,or,True,0.1,0.65,2.0,True,0.03,0.55,0.25,True,soft,0.85,0.45,True,0.8,,0.2,5,0.6,0.6,0.06,0.35,0.02,15.0
result\past\additional=True\run_cantilever_beam_20260331_084250_679623_d4c8,cantilever_beam,"H,b1,b2,h1",4,0,1,1,0.55,0.25,and,0.6,0.42,or,True,0.1,0.65,2.0,True,0.03,0.55,0.25,True,soft,0.85,0.45,True,0.8,,0.2,5,0.6,0.6,0.06,0.35,0.02,15.0
result\past\additional=True\run_cantilever_beam_20260331_084251_935121_bc5b,cantilever_beam,"H,b1,b2,h1",4,0,1,1,0.55,0.25,and,0.6,0.42,or,True,0.1,0.65,2.0,True,0.03,0.55,0.25,True,soft,0.85,0.45,True,0.8,,0.2,5,0.6,0.6,0.06,0.35,0.02,15.0
result\past\additional=True\run_cantilever_beam_20260331_084536_754727_600f,cantilever_beam,"H,b1,b2,h1",4,0,1,1,0.55,0.25,and,0.6,0.42,or,True,0.1,0.65,2.0,True,0.03,0.55,0.25,True,soft,0.85,0.45,True,0.8,,0.2,5,0.6,0.6,0.06,0.35,0.02,15.0
result\past\additional=True\run_cantilever_beam_20260331_084540_699243_09b8,cantilever_beam,"H,b1,b2,h1",4,0,1,1,0.55,0.25,and,0.6,0.42,or,True,0.1,0.65,2.0,True,0.03,0.55,0.25,True,soft,0.85,0.45,True,0.8,,0.2,5,0.6,0.6,0.06,0.35,0.02,15.0
result\past\additional=True\run_cantilever_beam_20260331_084758_289457_ab5b,cantilever_beam,"H,b1,b2,h1",4,0,1,1,0.55,0.25,and,0.6,0.42,or,True,0.1,0.65,2.0,True,0.03,0.55,0.25,True,soft,0.85,0.45,True,0.8,,0.2,5,0.6,0.6,0.06,0.35,0.02,15.0
result\past\additional=True\run_cantilever_beam_20260331_084809_547095_6c65,cantilever_beam,"H,b1,b2,h1",4,0,1,1,0.55,0.25,and,0.6,0.42,or,True,0.1,0.65,2.0,True,0.03,0.55,0.25,True,soft,0.85,0.45,True,0.8,,0.2,5,0.6,0.6,0.06,0.35,0.02,15.0
result\past\additional=True\run_cantilever_beam_20260331_085045_739738_0277,cantilever_beam,"H,b1,b2,h1",4,0,1,1,0.55,0.25,and,0.6,0.42,or,True,0.1,0.65,2.0,True,0.03,0.55,0.25,True,soft,0.85,0.45,True,0.8,,0.2,5,0.6,0.6,0.06,0.35,0.02,15.0
result\past\additional=True\run_cantilever_beam_20260331_085102_638566_4a89,cantilever_beam,"H,b1,b2,h1",4,0,1,1,0.55,0.25,and,0.6,0.42,or,True,0.1,0.65,2.0,True,0.03,0.55,0.25,True,soft,0.85,0.45,True,0.8,,0.2,5,0.6,0.6,0.06,0.35,0.02,15.0
result\past\additional=True\run_cantilever_beam_20260331_085321_392290_2c5d,cantilever_beam,"H,b1,b2,h1",4,0,1,1,0.55,0.25,and,0.6,0.42,or,True,0.1,0.65,2.0,True,0.03,0.55,0.25,True,soft,0.85,0.45,True,0.8,,0.2,5,0.6,0.6,0.06,0.35,0.02,15.0
result\past\additional=True\run_cantilever_beam_20260331_085451_096722_b451,cantilever_beam,"H,b1,b2,h1",4,0,1,1,0.55,0.25,and,0.6,0.42,or,True,0.1,0.65,2.0,True,0.03,0.55,0.25,True,soft,0.85,0.45,True,0.8,,0.2,5,0.6,0.6,0.06,0.35,0.02,15.0
result\past\additional=True\run_cantilever_beam_20260331_085528_358386_f3b4,cantilever_beam,"H,b1,b2,h1",4,0,1,1,0.55,0.25,and,0.6,0.42,or,True,0.1,0.65,2.0,True,0.03,0.55,0.25,True,soft,0.85,0.45,True,0.8,,0.2,5,0.6,0.6,0.06,0.35,0.02,15.0
result\past\additional=True\run_cantilever_beam_20260331_085812_477867_7deb,cantilever_beam,"H,b1,b2,h1",4,0,1,1,0.55,0.25,and,0.6,0.42,or,True,0.1,0.65,2.0,True,0.03,0.55,0.25,True,soft,0.85,0.45,True,0.8,,0.2,5,0.6,0.6,0.06,0.35,0.02,15.0
result\past\additional=True\run_cantilever_beam_20260331_085812_526106_9e7a,cantilever_beam,"H,b1,b2,h1",4,0,1,1,0.55,0.25,and,0.6,0.42,or,True,0.1,0.65,2.0,True,0.03,0.55,0.25,True,soft,0.85,0.45,True,0.8,,0.2,5,0.6,0.6,0.06,0.35,0.02,15.0
result\past\additional=True\run_cantilever_beam_20260331_090039_641334_6217,cantilever_beam,"H,b1,b2,h1",4,0,1,1,0.55,0.25,and,0.6,0.42,or,True,0.1,0.65,2.0,True,0.03,0.55,0.25,True,soft,0.85,0.45,True,0.8,,0.2,5,0.6,0.6,0.06,0.35,0.02,15.0
result\past\additional=True\run_cantilever_beam_20260331_090212_993611_1437,cantilever_beam,"H,b1,b2,h1",4,0,1,1,0.55,0.25,and,0.6,0.42,or,True,0.1,0.65,2.0,True,0.03,0.55,0.25,True,soft,0.85,0.45,True,0.8,,0.2,5,0.6,0.6,0.06,0.35,0.02,15.0
result\past\additional=True\run_cantilever_beam_20260331_090315_817730_aaeb,cantilever_beam,"H,b1,b2,h1",4,0,1,1,0.55,0.25,and,0.6,0.42,or,True,0.1,0.65,2.0,True,0.03,0.55,0.25,True,soft,0.85,0.45,True,0.8,,0.2,5,0.6,0.6,0.06,0.35,0.02,15.0
result\past\additional=True\run_cantilever_beam_20260331_090502_928807_0b19,cantilever_beam,"H,b1,b2,h1",4,0,1,1,0.55,0.25,and,0.6,0.42,or,True,0.1,0.65,2.0,True,0.03,0.55,0.25,True,soft,0.85,0.45,True,0.8,,0.2,5,0.6,0.6,0.06,0.35,0.02,15.0
result\past\additional=True\run_cantilever_beam_20260331_090543_188117_3646,cantilever_beam,"H,b1,b2,h1",4,0,1,1,0.55,0.25,and,0.6,0.42,or,True,0.1,0.65,2.0,True,0.03,0.55,0.25,True,soft,0.85,0.45,True,0.8,,0.2,5,0.6,0.6,0.06,0.35,0.02,15.0
result\past\additional=True\run_cantilever_beam_20260331_090750_885851_b1d2,cantilever_beam,"H,b1,b2,h1",4,0,1,1,0.55,0.25,and,0.6,0.42,or,True,0.1,0.65,2.0,True,0.03,0.55,0.25,True,soft,0.85,0.45,True,0.8,,0.2,5,0.6,0.6,0.06,0.35,0.02,15.0
result\past\additional=True\run_cantilever_beam_20260331_090824_283639_be60,cantilever_beam,"H,b1,b2,h1",4,0,1,1,0.55,0.25,and,0.6,0.42,or,True,0.1,0.65,2.0,True,0.03,0.55,0.25,True,soft,0.85,0.45,True,0.8,,0.2,5,0.6,0.6,0.06,0.35,0.02,15.0
result\past\additional=True\run_cantilever_beam_20260331_091052_763188_9812,cantilever_beam,"H,b1,b2,h1",4,0,1,1,0.55,0.25,and,0.6,0.42,or,True,0.1,0.65,2.0,True,0.03,0.55,0.25,True,soft,0.85,0.45,True,0.8,,0.2,5,0.6,0.6,0.06,0.35,0.02,15.0
result\past\additional=True\run_cantilever_beam_20260331_091109_306684_e27b,cantilever_beam,"H,b1,b2,h1",4,0,1,1,0.55,0.25,and,0.6,0.42,or,True,0.1,0.65,2.0,True,0.03,0.55,0.25,True,soft,0.85,0.45,True,0.8,,0.2,5,0.6,0.6,0.06,0.35,0.02,15.0
result\past\additional=True\run_cantilever_beam_20260331_091328_668323_47ac,cantilever_beam,"H,b1,b2,h1",4,0,1,1,0.55,0.25,and,0.6,0.42,or,True,0.1,0.65,2.0,True,0.03,0.55,0.25,True,soft,0.85,0.45,True,0.8,,0.2,5,0.6,0.6,0.06,0.35,0.02,15.0
result\past\additional=True\run_cantilever_beam_20260331_091543_249061_64e9,cantilever_beam,"H,b1,b2,h1",4,0,1,1,0.55,0.25,and,0.6,0.42,or,True,0.1,0.65,2.0,True,0.03,0.55,0.25,True,soft,0.85,0.45,True,0.8,,0.2,5,0.6,0.6,0.06,0.35,0.02,15.0
result\past\additional=True\run_cantilever_beam_20260331_091607_305526_cc88,cantilever_beam,"H,b1,b2,h1",4,0,1,1,0.55,0.25,and,0.6,0.42,or,True,0.1,0.65,2.0,True,0.03,0.55,0.25,True,soft,0.85,0.45,True,0.8,,0.2,5,0.6,0.6,0.06,0.35,0.02,15.0
result\past\additional=True\run_cantilever_beam_20260331_091825_646996_0adf,cantilever_beam,"H,b1,b2,h1",4,0,1,1,0.55,0.25,and,0.6,0.42,or,True,0.1,0.65,2.0,True,0.03,0.55,0.25,True,soft,0.85,0.45,True,0.8,,0.2,5,0.6,0.6,0.06,0.35,0.02,15.0
result\past\additional=True\run_cantilever_beam_20260331_092107_741634_36e7,cantilever_beam,"H,b1,b2,h1",4,0,1,1,0.55,0.25,and,0.6,0.42,or,True,0.1,0.65,2.0,True,0.03,0.55,0.25,True,soft,0.85,0.45,True,0.8,,0.2,5,0.6,0.6,0.06,0.35,0.02,15.0
result\past\additional=True\run_cantilever_beam_20260331_092112_051106_6fb8,cantilever_beam,"H,b1,b2,h1",4,0,1,1,0.55,0.25,and,0.6,0.42,or,True,0.1,0.65,2.0,True,0.03,0.55,0.25,True,soft,0.85,0.45,True,0.8,,0.2,5,0.6,0.6,0.06,0.35,0.02,15.0
result\past\additional=True\run_cantilever_beam_20260331_092323_157110_7e7a,cantilever_beam,"H,b1,b2,h1",4,0,1,1,0.55,0.25,and,0.6,0.42,or,True,0.1,0.65,2.0,True,0.03,0.55,0.25,True,soft,0.85,0.45,True,0.8,,0.2,5,0.6,0.6,0.06,0.35,0.02,15.0
result\past\additional=True\run_cantilever_beam_20260331_092357_124056_7c4f,cantilever_beam,"H,b1,b2,h1",4,0,1,1,0.55,0.25,and,0.6,0.42,or,True,0.1,0.65,2.0,True,0.03,0.55,0.25,True,soft,0.85,0.45,True,0.8,,0.2,5,0.6,0.6,0.06,0.35,0.02,15.0
result\past\additional=True\run_cantilever_beam_20260331_092723_954941_ed4b,cantilever_beam,"H,b1,b2,h1",4,0,1,1,0.55,0.25,and,0.6,0.42,or,True,0.1,0.65,2.0,True,0.03,0.55,0.25,True,soft,0.85,0.45,True,0.8,,0.2,5,0.6,0.6,0.06,0.35,0.02,15.0
result\past\additional=True\run_cantilever_beam_20260331_093213_404023_243d,cantilever_beam,"H,b1,b2,h1",4,0,1,1,0.55,0.25,and,0.6,0.42,or,True,0.1,0.65,2.0,True,0.03,0.55,0.25,True,soft,0.85,0.45,True,0.8,,0.2,5,0.6,0.6,0.06,0.35,0.02,15.0
result\past\additional=True\run_cantilever_beam_20260331_093547_538990_849a,cantilever_beam,"H,b1,b2,h1",4,0,1,1,0.55,0.25,and,0.6,0.42,or,True,0.1,0.65,2.0,True,0.03,0.55,0.25,True,soft,0.85,0.45,True,0.8,,0.2,5,0.6,0.6,0.06,0.35,0.02,15.0
result\past\additional=True\run_cantilever_beam_20260331_093922_961877_0848,cantilever_beam,"H,b1,b2,h1",4,0,1,1,0.55,0.25,and,0.6,0.42,or,True,0.1,0.65,2.0,True,0.03,0.55,0.25,True,soft,0.85,0.45,True,0.8,,0.2,5,0.6,0.6,0.06,0.35,0.02,15.0
result\past\additional=True\run_cantilever_beam_20260331_133043_055064_893d,cantilever_beam,"H,b1,b2,h1",4,0,1,1,0.55,0.25,and,0.6,0.42,or,True,0.1,0.65,2.0,True,0.03,0.55,0.25,True,soft,0.85,0.45,True,0.87,,0.2,5,0.6,0.6,0.06,0.35,0.02,15.0
result\past\additional=True\run_cantilever_beam_20260331_133334_222281_7bf4,cantilever_beam,"H,b1,b2,h1",4,0,1,1,0.55,0.25,and,0.6,0.42,or,True,0.1,0.65,2.0,True,0.03,0.55,0.25,True,soft,0.85,0.45,True,0.87,,0.2,5,0.6,0.6,0.06,0.35,0.02,15.0
result\past\additional=True\run_cantilever_beam_20260331_133632_279910_eeaf,cantilever_beam,"H,b1,b2,h1",4,0,1,1,0.55,0.25,and,0.6,0.42,or,True,0.1,0.65,2.0,True,0.03,0.55,0.25,True,soft,0.85,0.45,True,0.87,,0.2,5,0.6,0.6,0.06,0.35,0.02,15.0
result\past\additional=True\run_cantilever_beam_20260331_133940_053109_3291,cantilever_beam,"H,b1,b2,h1",4,0,1,1,0.55,0.25,and,0.6,0.42,or,True,0.1,0.65,2.0,True,0.03,0.55,0.25,True,soft,0.85,0.45,True,0.87,,0.2,5,0.6,0.6,0.06,0.35,0.02,15.0
result\past\additional=True\run_cantilever_beam_20260331_134258_478051_0662,cantilever_beam,"H,b1,b2,h1",4,0,1,1,0.55,0.25,and,0.6,0.42,or,True,0.1,0.65,2.0,True,0.03,0.55,0.25,True,soft,0.85,0.45,True,0.87,,0.2,5,0.6,0.6,0.06,0.35,0.02,15.0
result\past\additional=True\run_cantilever_beam_20260331_134614_948246_e226,cantilever_beam,"H,b1,b2,h1",4,0,1,1,0.55,0.25,and,0.6,0.42,or,True,0.1,0.65,2.0,True,0.03,0.55,0.25,True,soft,0.85,0.45,True,0.87,,0.2,5,0.6,0.6,0.06,0.35,0.02,15.0
result\past\additional=True\run_cantilever_beam_20260331_134921_130775_0f8f,cantilever_beam,"H,b1,b2,h1",4,0,1,1,0.55,0.25,and,0.6,0.42,or,True,0.1,0.65,2.0,True,0.03,0.55,0.25,True,soft,0.85,0.45,True,0.87,,0.2,5,0.6,0.6,0.06,0.35,0.02,15.0
result\past\additional=True\run_cantilever_beam_20260331_135231_852545_cc11,cantilever_beam,"H,b1,b2,h1",4,0,1,1,0.55,0.25,and,0.6,0.42,or,True,0.1,0.65,2.0,True,0.03,0.55,0.25,True,soft,0.85,0.45,True,0.87,,0.2,5,0.6,0.6,0.06,0.35,0.02,15.0
result\past\additional=True\run_cantilever_beam_20260331_135535_580581_1716,cantilever_beam,"H,b1,b2,h1",4,0,1,1,0.55,0.25,and,0.6,0.42,or,True,0.1,0.65,2.0,True,0.03,0.55,0.25,True,soft,0.85,0.45,True,0.87,,0.2,5,0.6,0.6,0.06,0.35,0.02,15.0
result\past\additional=True\run_cantilever_beam_20260331_135856_291020_220a,cantilever_beam,"H,b1,b2,h1",4,0,1,1,0.55,0.25,and,0.6,0.42,or,True,0.1,0.65,2.0,True,0.03,0.55,0.25,True,soft,0.85,0.45,True,0.87,,0.2,5,0.6,0.6,0.06,0.35,0.02,15.0
result\past\additional=True\run_cantilever_beam_20260331_140143_933049_41b1,cantilever_beam,"H,b1,b2,h1",4,0,1,1,0.55,0.25,and,0.6,0.42,or,True,0.1,0.65,2.0,True,0.03,0.55,0.25,True,soft,0.85,0.45,True,0.87,,0.2,5,0.6,0.6,0.06,0.35,0.02,15.0
result\past\additional=True\run_cantilever_beam_20260331_140458_387985_1ff1,cantilever_beam,"H,b1,b2,h1",4,0,1,1,0.55,0.25,and,0.6,0.42,or,True,0.1,0.65,2.0,True,0.03,0.55,0.25,True,soft,0.85,0.45,True,0.87,,0.2,5,0.6,0.6,0.06,0.35,0.02,15.0
result\past\additional=True\run_cantilever_beam_20260331_140803_247134_4ac9,cantilever_beam,"H,b1,b2,h1",4,0,1,1,0.55,0.25,and,0.6,0.42,or,True,0.1,0.65,2.0,True,0.03,0.55,0.25,True,soft,0.85,0.45,True,0.87,,0.2,5,0.6,0.6,0.06,0.35,0.02,15.0
result\past\additional=True\run_cantilever_beam_20260331_141037_770766_b9a5,cantilever_beam,"H,b1,b2,h1",4,0,1,1,0.55,0.25,and,0.6,0.42,or,True,0.1,0.65,2.0,True,0.03,0.55,0.25,True,soft,0.85,0.45,True,0.87,,0.2,5,0.6,0.6,0.06,0.35,0.02,15.0
result\past\additional=True\run_cantilever_beam_20260331_141348_470328_86fe,cantilever_beam,"H,b1,b2,h1",4,0,1,1,0.55,0.25,and,0.6,0.42,or,True,0.1,0.65,2.0,True,0.03,0.55,0.25,True,soft,0.85,0.45,True,0.87,,0.2,5,0.6,0.6,0.06,0.35,0.02,15.0
result\past\additional=True\run_cantilever_beam_20260331_141641_431690_6abb,cantilever_beam,"H,b1,b2,h1",4,0,1,1,0.55,0.25,and,0.6,0.42,or,True,0.1,0.65,2.0,True,0.03,0.55,0.25,True,soft,0.85,0.45,True,0.87,,0.2,5,0.6,0.6,0.06,0.35,0.02,15.0
result\past\additional=True\run_cantilever_beam_20260331_141946_879869_4a5b,cantilever_beam,"H,b1,b2,h1",4,0,1,1,0.55,0.25,and,0.6,0.42,or,True,0.1,0.65,2.0,True,0.03,0.55,0.25,True,soft,0.85,0.45,True,0.87,,0.2,5,0.6,0.6,0.06,0.35,0.02,15.0
result\past\additional=True\run_cantilever_beam_20260331_142242_525961_ae5b,cantilever_beam,"H,b1,b2,h1",4,0,1,1,0.55,0.25,and,0.6,0.42,or,True,0.1,0.65,2.0,True,0.03,0.55,0.25,True,soft,0.85,0.45,True,0.87,,0.2,5,0.6,0.6,0.06,0.35,0.02,15.0
result\past\additional=True\run_cantilever_beam_20260331_142554_395410_4a13,cantilever_beam,"H,b1,b2,h1",4,0,1,1,0.55,0.25,and,0.6,0.42,or,True,0.1,0.65,2.0,True,0.03,0.55,0.25,True,soft,0.85,0.45,True,0.87,,0.2,5,0.6,0.6,0.06,0.35,0.02,15.0
result\past\additional=True\run_cantilever_beam_20260331_142914_775229_12f2,cantilever_beam,"H,b1,b2,h1",4,0,1,1,0.55,0.25,and,0.6,0.42,or,True,0.1,0.65,2.0,True,0.03,0.55,0.25,True,soft,0.85,0.45,True,0.87,,0.2,5,0.6,0.6,0.06,0.35,0.02,15.0
result\past\additional=True\run_cantilever_beam_20260331_143204_868138_2039,cantilever_beam,"H,b1,b2,h1",4,0,1,1,0.55,0.25,and,0.6,0.42,or,True,0.1,0.65,2.0,True,0.03,0.55,0.25,True,soft,0.85,0.45,True,0.87,,0.2,5,0.6,0.6,0.06,0.35,0.02,15.0
result\past\additional=True\run_cantilever_beam_20260331_143444_890438_1822,cantilever_beam,"H,b1,b2,h1",4,0,1,1,0.55,0.25,and,0.6,0.42,or,True,0.1,0.65,2.0,True,0.03,0.55,0.25,True,soft,0.85,0.45,True,0.87,,0.2,5,0.6,0.6,0.06,0.35,0.02,15.0
result\past\additional=True\run_cantilever_beam_20260331_143752_506835_bef0,cantilever_beam,"H,b1,b2,h1",4,0,1,1,0.55,0.25,and,0.6,0.42,or,True,0.1,0.65,2.0,True,0.03,0.55,0.25,True,soft,0.85,0.45,True,0.87,,0.2,5,0.6,0.6,0.06,0.35,0.02,15.0
result\past\additional=True\run_cantilever_beam_20260331_144105_752419_3dd1,cantilever_beam,"H,b1,b2,h1",4,0,1,1,0.55,0.25,and,0.6,0.42,or,True,0.1,0.65,2.0,True,0.03,0.55,0.25,True,soft,0.85,0.45,True,0.87,,0.2,5,0.6,0.6,0.06,0.35,0.02,15.0
result\past\additional=True\run_cantilever_beam_20260331_144429_212515_4ee5,cantilever_beam,"H,b1,b2,h1",4,0,1,1,0.55,0.25,and,0.6,0.42,or,True,0.1,0.65,2.0,True,0.03,0.55,0.25,True,soft,0.85,0.45,True,0.87,,0.2,5,0.6,0.6,0.06,0.35,0.02,15.0
result\past\additional=True\run_cantilever_beam_20260331_173017_504702_a3e4,cantilever_beam,"H,b1,b2,h1",4,0,1,1,0.55,0.25,and,0.6,0.42,or,True,0.1,0.65,2.0,True,0.03,0.55,0.25,True,soft,0.85,0.45,True,0.87,,0.2,5,0.6,0.6,0.06,0.35,0.02,15.0
result\past\additional=True\run_cantilever_beam_20260331_173311_717248_f0fb,cantilever_beam,"H,b1,b2,h1",4,0,1,1,0.55,0.25,and,0.6,0.42,or,True,0.1,0.65,2.0,True,0.03,0.55,0.25,True,soft,0.85,0.45,True,0.87,,0.2,5,0.6,0.6,0.06,0.35,0.02,15.0
result\past\additional=True\run_cantilever_beam_20260331_173611_678141_4774,cantilever_beam,"H,b1,b2,h1",4,0,1,1,0.55,0.25,and,0.6,0.42,or,True,0.1,0.65,2.0,True,0.03,0.55,0.25,True,soft,0.85,0.45,True,0.87,,0.2,5,0.6,0.6,0.06,0.35,0.02,15.0
result\past\additional=True\run_cantilever_beam_20260331_173924_109228_d928,cantilever_beam,"H,b1,b2,h1",4,0,1,1,0.55,0.25,and,0.6,0.42,or,True,0.1,0.65,2.0,True,0.03,0.55,0.25,True,soft,0.85,0.45,True,0.87,,0.2,5,0.6,0.6,0.06,0.35,0.02,15.0
result\past\additional=True\run_cantilever_beam_20260331_174251_571708_487a,cantilever_beam,"H,b1,b2,h1",4,0,1,1,0.55,0.25,and,0.6,0.42,or,True,0.1,0.65,2.0,True,0.03,0.55,0.25,True,soft,0.85,0.45,True,0.87,,0.2,5,0.6,0.6,0.06,0.35,0.02,15.0
result\past\additional=True\run_cantilever_beam_20260331_174609_929483_c6ac,cantilever_beam,"H,b1,b2,h1",4,0,1,1,0.55,0.25,and,0.6,0.42,or,True,0.1,0.65,2.0,True,0.03,0.55,0.25,True,soft,0.85,0.45,True,0.87,,0.2,5,0.6,0.6,0.06,0.35,0.02,15.0
result\past\additional=True\run_cantilever_beam_20260331_174915_786629_7f4f,cantilever_beam,"H,b1,b2,h1",4,0,1,1,0.55,0.25,and,0.6,0.42,or,True,0.1,0.65,2.0,True,0.03,0.55,0.25,True,soft,0.85,0.45,True,0.87,,0.2,5,0.6,0.6,0.06,0.35,0.02,15.0
result\past\additional=True\run_cantilever_beam_20260331_175233_708435_9337,cantilever_beam,"H,b1,b2,h1",4,0,1,1,0.55,0.25,and,0.6,0.42,or,True,0.1,0.65,2.0,True,0.03,0.55,0.25,True,soft,0.85,0.45,True,0.87,,0.2,5,0.6,0.6,0.06,0.35,0.02,15.0
result\past\additional=True\run_cantilever_beam_20260331_175538_795029_6558,cantilever_beam,"H,b1,b2,h1",4,0,1,1,0.55,0.25,and,0.6,0.42,or,True,0.1,0.65,2.0,True,0.03,0.55,0.25,True,soft,0.85,0.45,True,0.87,,0.2,5,0.6,0.6,0.06,0.35,0.02,15.0
result\past\additional=True\run_cantilever_beam_20260331_175900_614130_a56c,cantilever_beam,"H,b1,b2,h1",4,0,1,1,0.55,0.25,and,0.6,0.42,or,True,0.1,0.65,2.0,True,0.03,0.55,0.25,True,soft,0.85,0.45,True,0.87,,0.2,5,0.6,0.6,0.06,0.35,0.02,15.0
result\past\additional=True\run_cantilever_beam_20260331_180150_466305_69dd,cantilever_beam,"H,b1,b2,h1",4,0,1,1,0.55,0.25,and,0.6,0.42,or,True,0.1,0.65,2.0,True,0.03,0.55,0.25,True,soft,0.85,0.45,True,0.87,,0.2,5,0.6,0.6,0.06,0.35,0.02,15.0
result\past\additional=True\run_cantilever_beam_20260331_180509_968252_26ee,cantilever_beam,"H,b1,b2,h1",4,0,1,1,0.55,0.25,and,0.6,0.42,or,True,0.1,0.65,2.0,True,0.03,0.55,0.25,True,soft,0.85,0.45,True,0.87,,0.2,5,0.6,0.6,0.06,0.35,0.02,15.0
result\past\additional=True\run_cantilever_beam_20260331_180815_650356_b84d,cantilever_beam,"H,b1,b2,h1",4,0,1,1,0.55,0.25,and,0.6,0.42,or,True,0.1,0.65,2.0,True,0.03,0.55,0.25,True,soft,0.85,0.45,True,0.87,,0.2,5,0.6,0.6,0.06,0.35,0.02,15.0
result\past\additional=True\run_cantilever_beam_20260331_181052_916523_5a43,cantilever_beam,"H,b1,b2,h1",4,0,1,1,0.55,0.25,and,0.6,0.42,or,True,0.1,0.65,2.0,True,0.03,0.55,0.25,True,soft,0.85,0.45,True,0.87,,0.2,5,0.6,0.6,0.06,0.35,0.02,15.0
result\past\additional=True\run_cantilever_beam_20260331_181404_306483_61b5,cantilever_beam,"H,b1,b2,h1",4,0,1,1,0.55,0.25,and,0.6,0.42,or,True,0.1,0.65,2.0,True,0.03,0.55,0.25,True,soft,0.85,0.45,True,0.87,,0.2,5,0.6,0.6,0.06,0.35,0.02,15.0
result\past\additional=True\run_cantilever_beam_20260331_181658_456520_8cb9,cantilever_beam,"H,b1,b2,h1",4,0,1,1,0.55,0.25,and,0.6,0.42,or,True,0.1,0.65,2.0,True,0.03,0.55,0.25,True,soft,0.85,0.45,True,0.87,,0.2,5,0.6,0.6,0.06,0.35,0.02,15.0
result\past\additional=True\run_cantilever_beam_20260331_182004_218664_0a01,cantilever_beam,"H,b1,b2,h1",4,0,1,1,0.55,0.25,and,0.6,0.42,or,True,0.1,0.65,2.0,True,0.03,0.55,0.25,True,soft,0.85,0.45,True,0.87,,0.2,5,0.6,0.6,0.06,0.35,0.02,15.0
result\past\additional=True\run_cantilever_beam_20260331_182259_582741_d26b,cantilever_beam,"H,b1,b2,h1",4,0,1,1,0.55,0.25,and,0.6,0.42,or,True,0.1,0.65,2.0,True,0.03,0.55,0.25,True,soft,0.85,0.45,True,0.87,,0.2,5,0.6,0.6,0.06,0.35,0.02,15.0
result\past\additional=True\run_cantilever_beam_20260331_182607_599004_16a2,cantilever_beam,"H,b1,b2,h1",4,0,1,1,0.55,0.25,and,0.6,0.42,or,True,0.1,0.65,2.0,True,0.03,0.55,0.25,True,soft,0.85,0.45,True,0.87,,0.2,5,0.6,0.6,0.06,0.35,0.02,15.0
result\past\additional=True\run_cantilever_beam_20260331_182926_687791_07cc,cantilever_beam,"H,b1,b2,h1",4,0,1,1,0.55,0.25,and,0.6,0.42,or,True,0.1,0.65,2.0,True,0.03,0.55,0.25,True,soft,0.85,0.45,True,0.87,,0.2,5,0.6,0.6,0.06,0.35,0.02,15.0
result\past\additional=True\run_cantilever_beam_20260331_183220_265295_e28b,cantilever_beam,"H,b1,b2,h1",4,0,1,1,0.55,0.25,and,0.6,0.42,or,True,0.1,0.65,2.0,True,0.03,0.55,0.25,True,soft,0.85,0.45,True,0.87,,0.2,5,0.6,0.6,0.06,0.35,0.02,15.0
result\past\additional=True\run_cantilever_beam_20260331_183502_932050_30fd,cantilever_beam,"H,b1,b2,h1",4,0,1,1,0.55,0.25,and,0.6,0.42,or,True,0.1,0.65,2.0,True,0.03,0.55,0.25,True,soft,0.85,0.45,True,0.87,,0.2,5,0.6,0.6,0.06,0.35,0.02,15.0
result\past\additional=True\run_cantilever_beam_20260331_183813_115873_17ca,cantilever_beam,"H,b1,b2,h1",4,0,1,1,0.55,0.25,and,0.6,0.42,or,True,0.1,0.65,2.0,True,0.03,0.55,0.25,True,soft,0.85,0.45,True,0.87,,0.2,5,0.6,0.6,0.06,0.35,0.02,15.0
result\past\additional=True\run_cantilever_beam_20260331_184126_702994_d39c,cantilever_beam,"H,b1,b2,h1",4,0,1,1,0.55,0.25,and,0.6,0.42,or,True,0.1,0.65,2.0,True,0.03,0.55,0.25,True,soft,0.85,0.45,True,0.87,,0.2,5,0.6,0.6,0.06,0.35,0.02,15.0
result\past\additional=True\run_cantilever_beam_20260331_184448_345467_9f8d,cantilever_beam,"H,b1,b2,h1",4,0,1,1,0.55,0.25,and,0.6,0.42,or,True,0.1,0.65,2.0,True,0.03,0.55,0.25,True,soft,0.85,0.45,True,0.87,,0.2,5,0.6,0.6,0.06,0.35,0.02,15.0
result\past\additional=True\run_cantilever_beam_20260401_084420_163297_c48b,cantilever_beam,"H,b1,b2,h1",4,0,1,1,0.55,0.25,and,0.6,0.42,or,True,0.08,0.75,2.0,True,0.03,0.55,0.25,True,soft,0.85,0.45,True,0.8,,0.2,5,0.6,0.6,0.06,0.35,0.02,15.0
result\past\additional=True\run_cantilever_beam_20260401_084643_118126_0ecb,cantilever_beam,"H,b1,b2,h1",4,0,1,1,0.55,0.25,and,0.6,0.42,or,True,0.08,0.75,2.0,True,0.03,0.55,0.25,True,soft,0.85,0.45,True,0.8,,0.2,5,0.6,0.6,0.06,0.35,0.02,15.0
result\past\additional=True\run_cantilever_beam_20260401_084910_643301_6ade,cantilever_beam,"H,b1,b2,h1",4,0,1,1,0.55,0.25,and,0.6,0.42,or,True,0.08,0.75,2.0,True,0.03,0.55,0.25,True,soft,0.85,0.45,True,0.8,,0.2,5,0.6,0.6,0.06,0.35,0.02,15.0
result\past\additional=True\run_cantilever_beam_20260401_085150_012566_05dd,cantilever_beam,"H,b1,b2,h1",4,0,1,1,0.55,0.25,and,0.6,0.42,or,True,0.08,0.75,2.0,True,0.03,0.55,0.25,True,soft,0.85,0.45,True,0.8,,0.2,5,0.6,0.6,0.06,0.35,0.02,15.0
result\past\additional=True\run_cantilever_beam_20260401_085440_272317_0ad4,cantilever_beam,"H,b1,b2,h1",4,0,1,1,0.55,0.25,and,0.6,0.42,or,True,0.08,0.75,2.0,True,0.03,0.55,0.25,True,soft,0.85,0.45,True,0.8,,0.2,5,0.6,0.6,0.06,0.35,0.02,15.0
result\past\additional=True\run_cantilever_beam_20260401_085726_409335_31fa,cantilever_beam,"H,b1,b2,h1",4,0,1,1,0.55,0.25,and,0.6,0.42,or,True,0.08,0.75,2.0,True,0.03,0.55,0.25,True,soft,0.85,0.45,True,0.8,,0.2,5,0.6,0.6,0.06,0.35,0.02,15.0
result\past\additional=True\run_cantilever_beam_20260401_090003_332270_d7c1,cantilever_beam,"H,b1,b2,h1",4,0,1,1,0.55,0.25,and,0.6,0.42,or,True,0.08,0.75,2.0,True,0.03,0.55,0.25,True,soft,0.85,0.45,True,0.8,,0.2,5,0.6,0.6,0.06,0.35,0.02,15.0
result\past\additional=True\run_cantilever_beam_20260401_090245_481240_9742,cantilever_beam,"H,b1,b2,h1",4,0,1,1,0.55,0.25,and,0.6,0.42,or,True,0.08,0.75,2.0,True,0.03,0.55,0.25,True,soft,0.85,0.45,True,0.8,,0.2,5,0.6,0.6,0.06,0.35,0.02,15.0
result\past\additional=True\run_cantilever_beam_20260401_090520_670116_5d00,cantilever_beam,"H,b1,b2,h1",4,0,1,1,0.55,0.25,and,0.6,0.42,or,True,0.08,0.75,2.0,True,0.03,0.55,0.25,True,soft,0.85,0.45,True,0.8,,0.2,5,0.6,0.6,0.06,0.35,0.02,15.0
result\past\additional=True\run_cantilever_beam_20260401_090807_712750_4bc3,cantilever_beam,"H,b1,b2,h1",4,0,1,1,0.55,0.25,and,0.6,0.42,or,True,0.08,0.75,2.0,True,0.03,0.55,0.25,True,soft,0.85,0.45,True,0.8,,0.2,5,0.6,0.6,0.06,0.35,0.02,15.0
result\past\additional=True\run_cantilever_beam_20260401_091023_216350_1f21,cantilever_beam,"H,b1,b2,h1",4,0,1,1,0.55,0.25,and,0.6,0.42,or,True,0.08,0.75,2.0,True,0.03,0.55,0.25,True,soft,0.85,0.45,True,0.8,,0.2,5,0.6,0.6,0.06,0.35,0.02,15.0
result\past\additional=True\run_cantilever_beam_20260401_091307_301759_87e0,cantilever_beam,"H,b1,b2,h1",4,0,1,1,0.55,0.25,and,0.6,0.42,or,True,0.08,0.75,2.0,True,0.03,0.55,0.25,True,soft,0.85,0.45,True,0.8,,0.2,5,0.6,0.6,0.06,0.35,0.02,15.0
result\past\additional=True\run_cantilever_beam_20260401_091540_532438_e989,cantilever_beam,"H,b1,b2,h1",4,0,1,1,0.55,0.25,and,0.6,0.42,or,True,0.08,0.75,2.0,True,0.03,0.55,0.25,True,soft,0.85,0.45,True,0.8,,0.2,5,0.6,0.6,0.06,0.35,0.02,15.0
result\past\additional=True\run_cantilever_beam_20260401_091746_477012_fddc,cantilever_beam,"H,b1,b2,h1",4,0,1,1,0.55,0.25,and,0.6,0.42,or,True,0.08,0.75,2.0,True,0.03,0.55,0.25,True,soft,0.85,0.45,True,0.8,,0.2,5,0.6,0.6,0.06,0.35,0.02,15.0
result\past\additional=True\run_cantilever_beam_20260401_092038_680175_08ba,cantilever_beam,"H,b1,b2,h1",4,0,1,1,0.55,0.25,and,0.6,0.42,or,True,0.08,0.75,2.0,True,0.03,0.55,0.25,True,soft,0.85,0.45,True,0.8,,0.2,5,0.6,0.6,0.06,0.35,0.02,15.0
result\past\additional=True\run_cantilever_beam_20260401_092301_451161_e804,cantilever_beam,"H,b1,b2,h1",4,0,1,1,0.55,0.25,and,0.6,0.42,or,True,0.08,0.75,2.0,True,0.03,0.55,0.25,True,soft,0.85,0.45,True,0.8,,0.2,5,0.6,0.6,0.06,0.35,0.02,15.0
result\past\additional=True\run_cantilever_beam_20260401_092534_943275_7505,cantilever_beam,"H,b1,b2,h1",4,0,1,1,0.55,0.25,and,0.6,0.42,or,True,0.08,0.75,2.0,True,0.03,0.55,0.25,True,soft,0.85,0.45,True,0.8,,0.2,5,0.6,0.6,0.06,0.35,0.02,15.0
result\past\additional=True\run_cantilever_beam_20260401_092759_347397_5c77,cantilever_beam,"H,b1,b2,h1",4,0,1,1,0.55,0.25,and,0.6,0.42,or,True,0.08,0.75,2.0,True,0.03,0.55,0.25,True,soft,0.85,0.45,True,0.8,,0.2,5,0.6,0.6,0.06,0.35,0.02,15.0
result\past\additional=True\run_cantilever_beam_20260401_093036_845833_8d62,cantilever_beam,"H,b1,b2,h1",4,0,1,1,0.55,0.25,and,0.6,0.42,or,True,0.08,0.75,2.0,True,0.03,0.55,0.25,True,soft,0.85,0.45,True,0.8,,0.2,5,0.6,0.6,0.06,0.35,0.02,15.0
result\past\additional=True\run_cantilever_beam_20260401_093320_019014_346d,cantilever_beam,"H,b1,b2,h1",4,0,1,1,0.55,0.25,and,0.6,0.42,or,True,0.08,0.75,2.0,True,0.03,0.55,0.25,True,soft,0.85,0.45,True,0.8,,0.2,5,0.6,0.6,0.06,0.35,0.02,15.0
result\past\additional=True\run_cantilever_beam_20260401_093537_428521_035f,cantilever_beam,"H,b1,b2,h1",4,0,1,1,0.55,0.25,and,0.6,0.42,or,True,0.08,0.75,2.0,True,0.03,0.55,0.25,True,soft,0.85,0.45,True,0.8,,0.2,5,0.6,0.6,0.06,0.35,0.02,15.0
result\past\additional=True\run_cantilever_beam_20260401_093750_782029_d957,cantilever_beam,"H,b1,b2,h1",4,0,1,1,0.55,0.25,and,0.6,0.42,or,True,0.08,0.75,2.0,True,0.03,0.55,0.25,True,soft,0.85,0.45,True,0.8,,0.2,5,0.6,0.6,0.06,0.35,0.02,15.0
result\past\additional=True\run_cantilever_beam_20260401_094031_253996_686d,cantilever_beam,"H,b1,b2,h1",4,0,1,1,0.55,0.25,and,0.6,0.42,or,True,0.08,0.75,2.0,True,0.03,0.55,0.25,True,soft,0.85,0.45,True,0.8,,0.2,5,0.6,0.6,0.06,0.35,0.02,15.0
result\past\additional=True\run_cantilever_beam_20260401_094324_325915_633a,cantilever_beam,"H,b1,b2,h1",4,0,1,1,0.55,0.25,and,0.6,0.42,or,True,0.08,0.75,2.0,True,0.03,0.55,0.25,True,soft,0.85,0.45,True,0.8,,0.2,5,0.6,0.6,0.06,0.35,0.02,15.0
result\past\additional=True\run_cantilever_beam_20260401_094613_538466_4c7e,cantilever_beam,"H,b1,b2,h1",4,0,1,1,0.55,0.25,and,0.6,0.42,or,True,0.08,0.75,2.0,True,0.03,0.55,0.25,True,soft,0.85,0.45,True,0.8,,0.2,5,0.6,0.6,0.06,0.35,0.02,15.0
result\past\additional=True\run_cantilever_beam_20260401_113922_824103_91c1,cantilever_beam,"H,b1,b2,h1",4,0,1,1,0.55,0.25,and,0.6,0.42,or,True,0.08,0.8,2.0,True,0.03,0.55,0.25,True,soft,0.85,0.45,True,0.73,,0.2,5,0.6,0.6,0.06,0.35,0.02,15.0
result\past\additional=True\run_cantilever_beam_20260401_114148_306545_de02,cantilever_beam,"H,b1,b2,h1",4,0,1,1,0.55,0.25,and,0.6,0.42,or,True,0.08,0.8,2.0,True,0.03,0.55,0.25,True,soft,0.85,0.45,True,0.73,,0.2,5,0.6,0.6,0.06,0.35,0.02,15.0
result\past\additional=True\run_cantilever_beam_20260401_114420_222687_7531,cantilever_beam,"H,b1,b2,h1",4,0,1,1,0.55,0.25,and,0.6,0.42,or,True,0.08,0.8,2.0,True,0.03,0.55,0.25,True,soft,0.85,0.45,True,0.73,,0.2,5,0.6,0.6,0.06,0.35,0.02,15.0
result\past\additional=True\run_cantilever_beam_20260401_114700_332868_7ce8,cantilever_beam,"H,b1,b2,h1",4,0,1,1,0.55,0.25,and,0.6,0.42,or,True,0.08,0.8,2.0,True,0.03,0.55,0.25,True,soft,0.85,0.45,True,0.73,,0.2,5,0.6,0.6,0.06,0.35,0.02,15.0
result\past\additional=True\run_cantilever_beam_20260401_114954_340747_3ce6,cantilever_beam,"H,b1,b2,h1",4,0,1,1,0.55,0.25,and,0.6,0.42,or,True,0.08,0.8,2.0,True,0.03,0.55,0.25,True,soft,0.85,0.45,True,0.73,,0.2,5,0.6,0.6,0.06,0.35,0.02,15.0
result\past\additional=True\run_cantilever_beam_20260401_115245_709317_243f,cantilever_beam,"H,b1,b2,h1",4,0,1,1,0.55,0.25,and,0.6,0.42,or,True,0.08,0.8,2.0,True,0.03,0.55,0.25,True,soft,0.85,0.45,True,0.73,,0.2,5,0.6,0.6,0.06,0.35,0.02,15.0
result\past\additional=True\run_cantilever_beam_20260401_115525_862507_788f,cantilever_beam,"H,b1,b2,h1",4,0,1,1,0.55,0.25,and,0.6,0.42,or,True,0.08,0.8,2.0,True,0.03,0.55,0.25,True,soft,0.85,0.45,True,0.73,,0.2,5,0.6,0.6,0.06,0.35,0.02,15.0
result\past\additional=True\run_cantilever_beam_20260401_115810_953887_485c,cantilever_beam,"H,b1,b2,h1",4,0,1,1,0.55,0.25,and,0.6,0.42,or,True,0.08,0.8,2.0,True,0.03,0.55,0.25,True,soft,0.85,0.45,True,0.73,,0.2,5,0.6,0.6,0.06,0.35,0.02,15.0
result\past\additional=True\run_cantilever_beam_20260401_120047_273738_c555,cantilever_beam,"H,b1,b2,h1",4,0,1,1,0.55,0.25,and,0.6,0.42,or,True,0.08,0.8,2.0,True,0.03,0.55,0.25,True,soft,0.85,0.45,True,0.73,,0.2,5,0.6,0.6,0.06,0.35,0.02,15.0
result\past\additional=True\run_cantilever_beam_20260401_120338_067483_aa13,cantilever_beam,"H,b1,b2,h1",4,0,1,1,0.55,0.25,and,0.6,0.42,or,True,0.08,0.8,2.0,True,0.03,0.55,0.25,True,soft,0.85,0.45,True,0.73,,0.2,5,0.6,0.6,0.06,0.35,0.02,15.0
result\past\additional=True\run_cantilever_beam_20260401_120557_105681_9012,cantilever_beam,"H,b1,b2,h1",4,0,1,1,0.55,0.25,and,0.6,0.42,or,True,0.08,0.8,2.0,True,0.03,0.55,0.25,True,soft,0.85,0.45,True,0.73,,0.2,5,0.6,0.6,0.06,0.35,0.02,15.0
result\past\additional=True\run_cantilever_beam_20260401_120845_374304_2128,cantilever_beam,"H,b1,b2,h1",4,0,1,1,0.55,0.25,and,0.6,0.42,or,True,0.08,0.8,2.0,True,0.03,0.55,0.25,True,soft,0.85,0.45,True,0.73,,0.2,5,0.6,0.6,0.06,0.35,0.02,15.0
result\past\additional=True\run_cantilever_beam_20260401_121122_001608_52af,cantilever_beam,"H,b1,b2,h1",4,0,1,1,0.55,0.25,and,0.6,0.42,or,True,0.08,0.8,2.0,True,0.03,0.55,0.25,True,soft,0.85,0.45,True,0.73,,0.2,5,0.6,0.6,0.06,0.35,0.02,15.0
result\past\additional=True\run_cantilever_beam_20260401_121328_617155_6cd1,cantilever_beam,"H,b1,b2,h1",4,0,1,1,0.55,0.25,and,0.6,0.42,or,True,0.08,0.8,2.0,True,0.03,0.55,0.25,True,soft,0.85,0.45,True,0.73,,0.2,5,0.6,0.6,0.06,0.35,0.02,15.0
result\past\additional=True\run_cantilever_beam_20260401_121614_182916_b138,cantilever_beam,"H,b1,b2,h1",4,0,1,1,0.55,0.25,and,0.6,0.42,or,True,0.08,0.8,2.0,True,0.03,0.55,0.25,True,soft,0.85,0.45,True,0.73,,0.2,5,0.6,0.6,0.06,0.35,0.02,15.0
result\past\additional=True\run_cantilever_beam_20260401_121837_067492_0e2b,cantilever_beam,"H,b1,b2,h1",4,0,1,1,0.55,0.25,and,0.6,0.42,or,True,0.08,0.8,2.0,True,0.03,0.55,0.25,True,soft,0.85,0.45,True,0.73,,0.2,5,0.6,0.6,0.06,0.35,0.02,15.0
result\past\additional=True\run_cantilever_beam_20260401_122113_575660_f67a,cantilever_beam,"H,b1,b2,h1",4,0,1,1,0.55,0.25,and,0.6,0.42,or,True,0.08,0.8,2.0,True,0.03,0.55,0.25,True,soft,0.85,0.45,True,0.73,,0.2,5,0.6,0.6,0.06,0.35,0.02,15.0
result\past\additional=True\run_cantilever_beam_20260401_122338_589130_62c3,cantilever_beam,"H,b1,b2,h1",4,0,1,1,0.55,0.25,and,0.6,0.42,or,True,0.08,0.8,2.0,True,0.03,0.55,0.25,True,soft,0.85,0.45,True,0.73,,0.2,5,0.6,0.6,0.06,0.35,0.02,15.0
result\past\additional=True\run_cantilever_beam_20260401_122619_669849_1392,cantilever_beam,"H,b1,b2,h1",4,0,1,1,0.55,0.25,and,0.6,0.42,or,True,0.08,0.8,2.0,True,0.03,0.55,0.25,True,soft,0.85,0.45,True,0.73,,0.2,5,0.6,0.6,0.06,0.35,0.02,15.0
result\past\additional=True\run_cantilever_beam_20260401_122902_666211_5373,cantilever_beam,"H,b1,b2,h1",4,0,1,1,0.55,0.25,and,0.6,0.42,or,True,0.08,0.8,2.0,True,0.03,0.55,0.25,True,soft,0.85,0.45,True,0.73,,0.2,5,0.6,0.6,0.06,0.35,0.02,15.0
result\past\additional=True\run_cantilever_beam_20260401_123121_293558_a09d,cantilever_beam,"H,b1,b2,h1",4,0,1,1,0.55,0.25,and,0.6,0.42,or,True,0.08,0.8,2.0,True,0.03,0.55,0.25,True,soft,0.85,0.45,True,0.73,,0.2,5,0.6,0.6,0.06,0.35,0.02,15.0
result\past\additional=True\run_cantilever_beam_20260401_123333_422484_eb94,cantilever_beam,"H,b1,b2,h1",4,0,1,1,0.55,0.25,and,0.6,0.42,or,True,0.08,0.8,2.0,True,0.03,0.55,0.25,True,soft,0.85,0.45,True,0.73,,0.2,5,0.6,0.6,0.06,0.35,0.02,15.0
result\past\additional=True\run_cantilever_beam_20260401_123612_706535_8bfe,cantilever_beam,"H,b1,b2,h1",4,0,1,1,0.55,0.25,and,0.6,0.42,or,True,0.08,0.8,2.0,True,0.03,0.55,0.25,True,soft,0.85,0.45,True,0.73,,0.2,5,0.6,0.6,0.06,0.35,0.02,15.0
result\past\additional=True\run_cantilever_beam_20260401_123851_212005_20c5,cantilever_beam,"H,b1,b2,h1",4,0,1,1,0.55,0.25,and,0.6,0.42,or,True,0.08,0.8,2.0,True,0.03,0.55,0.25,True,soft,0.85,0.45,True,0.73,,0.2,5,0.6,0.6,0.06,0.35,0.02,15.0
result\past\additional=True\run_cantilever_beam_20260401_124138_157544_7e21,cantilever_beam,"H,b1,b2,h1",4,0,1,1,0.55,0.25,and,0.6,0.42,or,True,0.08,0.8,2.0,True,0.03,0.55,0.25,True,soft,0.85,0.45,True,0.73,,0.2,5,0.6,0.6,0.06,0.35,0.02,15.0
result\past\additional=True\run_cantilever_beam_20260401_162026_019496_d092,cantilever_beam,"H,b1,b2,h1",4,0,1,1,0.55,0.25,and,0.6,0.42,or,True,0.08,0.79,2.0,True,0.03,0.55,0.25,True,soft,0.85,0.45,True,0.73,,0.2,5,0.6,0.6,0.06,0.35,0.02,15.0
result\past\additional=True\run_cantilever_beam_20260401_162319_299126_22b8,cantilever_beam,"H,b1,b2,h1",4,0,1,1,0.55,0.25,and,0.6,0.42,or,True,0.08,0.79,2.0,True,0.03,0.55,0.25,True,soft,0.85,0.45,True,0.73,,0.2,5,0.6,0.6,0.06,0.35,0.02,15.0
result\past\additional=True\run_cantilever_beam_20260401_162606_861086_7736,cantilever_beam,"H,b1,b2,h1",4,0,1,1,0.55,0.25,and,0.6,0.42,or,True,0.08,0.79,2.0,True,0.03,0.55,0.25,True,soft,0.85,0.45,True,0.73,,0.2,5,0.6,0.6,0.06,0.35,0.02,15.0
result\past\additional=True\run_cantilever_beam_20260401_162908_897267_f8cf,cantilever_beam,"H,b1,b2,h1",4,0,1,1,0.55,0.25,and,0.6,0.42,or,True,0.08,0.79,2.0,True,0.03,0.55,0.25,True,soft,0.85,0.45,True,0.73,,0.2,5,0.6,0.6,0.06,0.35,0.02,15.0
result\past\additional=True\run_cantilever_beam_20260401_163237_316493_21d8,cantilever_beam,"H,b1,b2,h1",4,0,1,1,0.55,0.25,and,0.6,0.42,or,True,0.08,0.79,2.0,True,0.03,0.55,0.25,True,soft,0.85,0.45,True,0.73,,0.2,5,0.6,0.6,0.06,0.35,0.02,15.0
result\past\additional=True\run_cantilever_beam_20260401_163454_444373_a9a6,cantilever_beam,"H,b1,b2,h1",4,0,1,1,0.55,0.25,and,0.6,0.42,or,True,0.08,0.79,2.0,True,0.03,0.55,0.25,True,soft,0.85,0.45,True,0.73,,0.2,5,0.6,0.6,0.06,0.35,0.02,15.0
result\past\additional=True\run_cantilever_beam_20260401_163739_481734_67fe,cantilever_beam,"H,b1,b2,h1",4,0,1,1,0.55,0.25,and,0.6,0.42,or,True,0.08,0.79,2.0,True,0.03,0.55,0.25,True,soft,0.85,0.45,True,0.73,,0.2,5,0.6,0.6,0.06,0.35,0.02,15.0
result\past\additional=True\run_cantilever_beam_20260401_164037_193727_d920,cantilever_beam,"H,b1,b2,h1",4,0,1,1,0.55,0.25,and,0.6,0.42,or,True,0.08,0.79,2.0,True,0.03,0.55,0.25,True,soft,0.85,0.45,True,0.73,,0.2,5,0.6,0.6,0.06,0.35,0.02,15.0
result\past\additional=True\run_cantilever_beam_20260401_164345_796345_3a3f,cantilever_beam,"H,b1,b2,h1",4,0,1,1,0.55,0.25,and,0.6,0.42,or,True,0.08,0.79,2.0,True,0.03,0.55,0.25,True,soft,0.85,0.45,True,0.73,,0.2,5,0.6,0.6,0.06,0.35,0.02,15.0
result\past\additional=True\run_cantilever_beam_20260401_164618_752899_4370,cantilever_beam,"H,b1,b2,h1",4,0,1,1,0.55,0.25,and,0.6,0.42,or,True,0.08,0.79,2.0,True,0.03,0.55,0.25,True,soft,0.85,0.45,True,0.73,,0.2,5,0.6,0.6,0.06,0.35,0.02,15.0
result\past\additional=True\run_cantilever_beam_20260401_164835_218501_fa67,cantilever_beam,"H,b1,b2,h1",4,0,1,1,0.55,0.25,and,0.6,0.42,or,True,0.08,0.79,2.0,True,0.03,0.55,0.25,True,soft,0.85,0.45,True,0.73,,0.2,5,0.6,0.6,0.06,0.35,0.02,15.0
result\past\additional=True\run_cantilever_beam_20260401_165117_621867_ee48,cantilever_beam,"H,b1,b2,h1",4,0,1,1,0.55,0.25,and,0.6,0.42,or,True,0.08,0.79,2.0,True,0.03,0.55,0.25,True,soft,0.85,0.45,True,0.73,,0.2,5,0.6,0.6,0.06,0.35,0.02,15.0
result\past\additional=True\run_cantilever_beam_20260401_165418_331952_c4ce,cantilever_beam,"H,b1,b2,h1",4,0,1,1,0.55,0.25,and,0.6,0.42,or,True,0.08,0.79,2.0,True,0.03,0.55,0.25,True,soft,0.85,0.45,True,0.73,,0.2,5,0.6,0.6,0.06,0.35,0.02,15.0
result\past\additional=True\run_cantilever_beam_20260401_165639_013723_0fc5,cantilever_beam,"H,b1,b2,h1",4,0,1,1,0.55,0.25,and,0.6,0.42,or,True,0.08,0.79,2.0,True,0.03,0.55,0.25,True,soft,0.85,0.45,True,0.73,,0.2,5,0.6,0.6,0.06,0.35,0.02,15.0
result\past\additional=True\run_cantilever_beam_20260401_165856_042715_4b61,cantilever_beam,"H,b1,b2,h1",4,0,1,1,0.55,0.25,and,0.6,0.42,or,True,0.08,0.79,2.0,True,0.03,0.55,0.25,True,soft,0.85,0.45,True,0.73,,0.2,5,0.6,0.6,0.06,0.35,0.02,15.0
result\past\additional=True\run_cantilever_beam_20260401_170125_198528_e4ac,cantilever_beam,"H,b1,b2,h1",4,0,1,1,0.55,0.25,and,0.6,0.42,or,True,0.08,0.79,2.0,True,0.03,0.55,0.25,True,soft,0.85,0.45,True,0.73,,0.2,5,0.6,0.6,0.06,0.35,0.02,15.0
result\past\additional=True\run_cantilever_beam_20260401_170342_256698_9073,cantilever_beam,"H,b1,b2,h1",4,0,1,1,0.55,0.25,and,0.6,0.42,or,True,0.08,0.79,2.0,True,0.03,0.55,0.25,True,soft,0.85,0.45,True,0.73,,0.2,5,0.6,0.6,0.06,0.35,0.02,15.0
result\past\additional=True\run_cantilever_beam_20260401_170628_509924_1ece,cantilever_beam,"H,b1,b2,h1",4,0,1,1,0.55,0.25,and,0.6,0.42,or,True,0.08,0.79,2.0,True,0.03,0.55,0.25,True,soft,0.85,0.45,True,0.73,,0.2,5,0.6,0.6,0.06,0.35,0.02,15.0
result\past\additional=True\run_cantilever_beam_20260401_170838_240562_84f9,cantilever_beam,"H,b1,b2,h1",4,0,1,1,0.55,0.25,and,0.6,0.42,or,True,0.08,0.79,2.0,True,0.03,0.55,0.25,True,soft,0.85,0.45,True,0.73,,0.2,5,0.6,0.6,0.06,0.35,0.02,15.0
result\past\additional=True\run_cantilever_beam_20260401_171137_076595_a246,cantilever_beam,"H,b1,b2,h1",4,0,1,1,0.55,0.25,and,0.6,0.42,or,True,0.08,0.79,2.0,True,0.03,0.55,0.25,True,soft,0.85,0.45,True,0.73,,0.2,5,0.6,0.6,0.06,0.35,0.02,15.0
result\past\additional=True\run_cantilever_beam_20260401_171419_547469_9fc3,cantilever_beam,"H,b1,b2,h1",4,0,1,1,0.55,0.25,and,0.6,0.42,or,True,0.08,0.79,2.0,True,0.03,0.55,0.25,True,soft,0.85,0.45,True,0.73,,0.2,5,0.6,0.6,0.06,0.35,0.02,15.0
result\past\additional=True\run_cantilever_beam_20260401_171651_444594_221a,cantilever_beam,"H,b1,b2,h1",4,0,1,1,0.55,0.25,and,0.6,0.42,or,True,0.08,0.79,2.0,True,0.03,0.55,0.25,True,soft,0.85,0.45,True,0.73,,0.2,5,0.6,0.6,0.06,0.35,0.02,15.0
result\past\additional=True\run_cantilever_beam_20260401_171858_521099_5621,cantilever_beam,"H,b1,b2,h1",4,0,1,1,0.55,0.25,and,0.6,0.42,or,True,0.08,0.79,2.0,True,0.03,0.55,0.25,True,soft,0.85,0.45,True,0.73,,0.2,5,0.6,0.6,0.06,0.35,0.02,15.0
result\past\additional=True\run_cantilever_beam_20260401_172148_734406_2c76,cantilever_beam,"H,b1,b2,h1",4,0,1,1,0.55,0.25,and,0.6,0.42,or,True,0.08,0.79,2.0,True,0.03,0.55,0.25,True,soft,0.85,0.45,True,0.73,,0.2,5,0.6,0.6,0.06,0.35,0.02,15.0
result\past\additional=True\run_cantilever_beam_20260401_172354_880740_110d,cantilever_beam,"H,b1,b2,h1",4,0,1,1,0.55,0.25,and,0.6,0.42,or,True,0.08,0.79,2.0,True,0.03,0.55,0.25,True,soft,0.85,0.45,True,0.73,,0.2,5,0.6,0.6,0.06,0.35,0.02,15.0
result\past\additional=True\run_goldstein_price_20260326_181208_608231_46c2,goldstein_price,x2,1,0,0,0,0.55,0.25,and,0.6,0.3,or,,,,,True,0.03,0.55,0.25,True,soft,0.85,0.3,True,0.7,,0.2,5,0.6,0.6,0.06,0.35,0.02,15.0
result\past\additional=True\run_goldstein_price_20260326_181301_763541_700c,goldstein_price,"x1,x2",2,0,1,1,0.55,0.25,and,0.6,0.3,or,,,,,True,0.03,0.55,0.25,True,soft,0.85,0.3,True,0.7,,0.2,5,0.6,0.6,0.06,0.35,0.02,15.0
result\past\additional=True\run_goldstein_price_20260326_181354_828566_5b27,goldstein_price,"x1,x2",2,0,1,1,0.55,0.25,and,0.6,0.3,or,,,,,True,0.03,0.55,0.25,True,soft,0.85,0.3,True,0.7,,0.2,5,0.6,0.6,0.06,0.35,0.02,15.0
result\past\additional=True\run_goldstein_price_20260326_181444_316031_a237,goldstein_price,"x1,x2",2,0,1,1,0.55,0.25,and,0.6,0.3,or,,,,,True,0.03,0.55,0.25,True,soft,0.85,0.3,True,0.7,,0.2,5,0.6,0.6,0.06,0.35,0.02,15.0
result\past\additional=True\run_goldstein_price_20260326_181547_661636_4782,goldstein_price,"x1,x2",2,0,1,1,0.55,0.25,and,0.6,0.3,or,,,,,True,0.03,0.55,0.25,True,soft,0.85,0.3,True,0.7,,0.2,5,0.6,0.6,0.06,0.35,0.02,15.0
result\past\additional=True\run_goldstein_price_20260326_181643_618516_df2d,goldstein_price,"x1,x2",2,0,1,1,0.55,0.25,and,0.6,0.3,or,,,,,True,0.03,0.55,0.25,True,soft,0.85,0.3,True,0.7,,0.2,5,0.6,0.6,0.06,0.35,0.02,15.0
result\past\additional=True\run_goldstein_price_20260326_181729_228680_e957,goldstein_price,"x1,x2",2,0,1,1,0.55,0.25,and,0.6,0.3,or,,,,,True,0.03,0.55,0.25,True,soft,0.85,0.3,True,0.7,,0.2,5,0.6,0.6,0.06,0.35,0.02,15.0
result\past\additional=True\run_goldstein_price_20260326_181821_129817_c6c0,goldstein_price,"x1,x2",2,0,1,1,0.55,0.25,and,0.6,0.3,or,,,,,True,0.03,0.55,0.25,True,soft,0.85,0.3,True,0.7,,0.2,5,0.6,0.6,0.06,0.35,0.02,15.0
result\past\additional=True\run_goldstein_price_20260326_181916_427528_7247,goldstein_price,"x1,x2",2,0,1,1,0.55,0.25,and,0.6,0.3,or,,,,,True,0.03,0.55,0.25,True,soft,0.85,0.3,True,0.7,,0.2,5,0.6,0.6,0.06,0.35,0.02,15.0
result\past\additional=True\run_goldstein_price_20260326_182009_366786_56db,goldstein_price,"x1,x2",2,0,1,1,0.55,0.25,and,0.6,0.3,or,,,,,True,0.03,0.55,0.25,True,soft,0.85,0.3,True,0.7,,0.2,5,0.6,0.6,0.06,0.35,0.02,15.0
result\past\additional=True\run_goldstein_price_20260326_182056_800231_a4f9,goldstein_price,"x1,x2",2,0,1,1,0.55,0.25,and,0.6,0.3,or,,,,,True,0.03,0.55,0.25,True,soft,0.85,0.3,True,0.7,,0.2,5,0.6,0.6,0.06,0.35,0.02,15.0
result\past\additional=True\run_goldstein_price_20260326_182139_910106_5556,goldstein_price,"x1,x2",2,0,1,1,0.55,0.25,and,0.6,0.3,or,,,,,True,0.03,0.55,0.25,True,soft,0.85,0.3,True,0.7,,0.2,5,0.6,0.6,0.06,0.35,0.02,15.0
result\past\additional=True\run_goldstein_price_20260326_182230_636859_6d79,goldstein_price,"x1,x2",2,0,1,1,0.55,0.25,and,0.6,0.3,or,,,,,True,0.03,0.55,0.25,True,soft,0.85,0.3,True,0.7,,0.2,5,0.6,0.6,0.06,0.35,0.02,15.0
result\past\additional=True\run_goldstein_price_20260326_182310_933828_a973,goldstein_price,"x1,x2",2,0,1,1,0.55,0.25,and,0.6,0.3,or,,,,,True,0.03,0.55,0.25,True,soft,0.85,0.3,True,0.7,,0.2,5,0.6,0.6,0.06,0.35,0.02,15.0
result\past\additional=True\run_goldstein_price_20260326_182355_327960_b1d1,goldstein_price,"x1,x2",2,0,1,1,0.55,0.25,and,0.6,0.3,or,,,,,True,0.03,0.55,0.25,True,soft,0.85,0.3,True,0.7,,0.2,5,0.6,0.6,0.06,0.35,0.02,15.0
result\past\additional=True\run_goldstein_price_20260326_182447_224320_691d,goldstein_price,"x1,x2",2,0,1,1,0.55,0.25,and,0.6,0.3,or,,,,,True,0.03,0.55,0.25,True,soft,0.85,0.3,True,0.7,,0.2,5,0.6,0.6,0.06,0.35,0.02,15.0
result\past\additional=True\run_goldstein_price_20260326_182527_969700_30b0,goldstein_price,"x1,x2",2,0,1,1,0.55,0.25,and,0.6,0.3,or,,,,,True,0.03,0.55,0.25,True,soft,0.85,0.3,True,0.7,,0.2,5,0.6,0.6,0.06,0.35,0.02,15.0
result\past\additional=True\run_goldstein_price_20260326_182616_363861_cb99,goldstein_price,"x1,x2",2,0,1,1,0.55,0.25,and,0.6,0.3,or,,,,,True,0.03,0.55,0.25,True,soft,0.85,0.3,True,0.7,,0.2,5,0.6,0.6,0.06,0.35,0.02,15.0
result\past\additional=True\run_goldstein_price_20260326_182700_826311_a9bb,goldstein_price,"x1,x2",2,0,1,1,0.55,0.25,and,0.6,0.3,or,,,,,True,0.03,0.55,0.25,True,soft,0.85,0.3,True,0.7,,0.2,5,0.6,0.6,0.06,0.35,0.02,15.0
result\past\additional=True\run_goldstein_price_20260326_182748_103339_7600,goldstein_price,"x1,x2",2,0,1,1,0.55,0.25,and,0.6,0.3,or,,,,,True,0.03,0.55,0.25,True,soft,0.85,0.3,True,0.7,,0.2,5,0.6,0.6,0.06,0.35,0.02,15.0
result\past\additional=True\run_goldstein_price_20260326_182830_510976_4a5f,goldstein_price,"x1,x2",2,0,1,1,0.55,0.25,and,0.6,0.3,or,,,,,True,0.03,0.55,0.25,True,soft,0.85,0.3,True,0.7,,0.2,5,0.6,0.6,0.06,0.35,0.02,15.0
result\past\additional=True\run_goldstein_price_20260326_182911_127277_0e27,goldstein_price,"x1,x2",2,0,1,1,0.55,0.25,and,0.6,0.3,or,,,,,True,0.03,0.55,0.25,True,soft,0.85,0.3,True,0.7,,0.2,5,0.6,0.6,0.06,0.35,0.02,15.0
result\past\additional=True\run_goldstein_price_20260326_182955_967234_cd31,goldstein_price,"x1,x2",2,0,1,1,0.55,0.25,and,0.6,0.3,or,,,,,True,0.03,0.55,0.25,True,soft,0.85,0.3,True,0.7,,0.2,5,0.6,0.6,0.06,0.35,0.02,15.0
result\past\additional=True\run_goldstein_price_20260326_183036_686531_8a22,goldstein_price,"x1,x2",2,0,1,1,0.55,0.25,and,0.6,0.3,or,,,,,True,0.03,0.55,0.25,True,soft,0.85,0.3,True,0.7,,0.2,5,0.6,0.6,0.06,0.35,0.02,15.0
result\past\additional=True\run_goldstein_price_20260326_183116_714785_3b39,goldstein_price,"x1,x2",2,0,1,1,0.55,0.25,and,0.6,0.3,or,,,,,True,0.03,0.55,0.25,True,soft,0.85,0.3,True,0.7,,0.2,5,0.6,0.6,0.06,0.35,0.02,15.0
result\past\additional=True\run_goldstein_price_20260326_183157_627619_8708,goldstein_price,"x1,x2",2,0,1,1,0.55,0.25,and,0.6,0.3,or,,,,,True,0.03,0.55,0.25,True,soft,0.85,0.3,True,0.7,,0.2,5,0.6,0.6,0.06,0.35,0.02,15.0
result\past\additional=True\run_goldstein_price_20260326_183255_385044_7f94,goldstein_price,"x1,x2",2,0,1,1,0.55,0.25,and,0.6,0.3,or,,,,,True,0.03,0.55,0.25,True,soft,0.85,0.3,True,0.7,,0.2,5,0.6,0.6,0.06,0.35,0.02,15.0
result\past\additional=True\run_goldstein_price_20260326_183339_921373_be1c,goldstein_price,"x1,x2",2,0,1,1,0.55,0.25,and,0.6,0.3,or,,,,,True,0.03,0.55,0.25,True,soft,0.85,0.3,True,0.7,,0.2,5,0.6,0.6,0.06,0.35,0.02,15.0
result\past\additional=True\run_goldstein_price_20260326_183436_756976_4ad0,goldstein_price,"x1,x2",2,0,1,1,0.55,0.25,and,0.6,0.3,or,,,,,True,0.03,0.55,0.25,True,soft,0.85,0.3,True,0.7,,0.2,5,0.6,0.6,0.06,0.35,0.02,15.0
result\past\additional=True\run_goldstein_price_20260326_183523_837690_3c8b,goldstein_price,"x1,x2",2,0,1,1,0.55,0.25,and,0.6,0.3,or,,,,,True,0.03,0.55,0.25,True,soft,0.85,0.3,True,0.7,,0.2,5,0.6,0.6,0.06,0.35,0.02,15.0
result\past\additional=True\run_goldstein_price_20260326_183606_712653_b5f7,goldstein_price,"x1,x2",2,0,1,1,0.55,0.25,and,0.6,0.3,or,,,,,True,0.03,0.55,0.25,True,soft,0.85,0.3,True,0.7,,0.2,5,0.6,0.6,0.06,0.35,0.02,15.0
result\past\additional=True\run_goldstein_price_20260326_183704_127424_7110,goldstein_price,"x1,x2",2,0,1,1,0.55,0.25,and,0.6,0.3,or,,,,,True,0.03,0.55,0.25,True,soft,0.85,0.3,True,0.7,,0.2,5,0.6,0.6,0.06,0.35,0.02,15.0
result\past\additional=True\run_goldstein_price_20260326_183752_247402_15ee,goldstein_price,"x1,x2",2,0,1,1,0.55,0.25,and,0.6,0.3,or,,,,,True,0.03,0.55,0.25,True,soft,0.85,0.3,True,0.7,,0.2,5,0.6,0.6,0.06,0.35,0.02,15.0
result\past\additional=True\run_goldstein_price_20260326_183850_807236_5fc5,goldstein_price,"x1,x2",2,0,1,1,0.55,0.25,and,0.6,0.3,or,,,,,True,0.03,0.55,0.25,True,soft,0.85,0.3,True,0.7,,0.2,5,0.6,0.6,0.06,0.35,0.02,15.0
result\past\additional=True\run_goldstein_price_20260326_183931_739223_88ce,goldstein_price,"x1,x2",2,0,1,1,0.55,0.25,and,0.6,0.3,or,,,,,True,0.03,0.55,0.25,True,soft,0.85,0.3,True,0.7,,0.2,5,0.6,0.6,0.06,0.35,0.02,15.0
result\past\additional=True\run_goldstein_price_20260326_184012_570816_b575,goldstein_price,"x1,x2",2,0,1,1,0.55,0.25,and,0.6,0.3,or,,,,,True,0.03,0.55,0.25,True,soft,0.85,0.3,True,0.7,,0.2,5,0.6,0.6,0.06,0.35,0.02,15.0
result\past\additional=True\run_goldstein_price_20260326_184059_067387_63d6,goldstein_price,"x1,x2",2,0,1,1,0.55,0.25,and,0.6,0.3,or,,,,,True,0.03,0.55,0.25,True,soft,0.85,0.3,True,0.7,,0.2,5,0.6,0.6,0.06,0.35,0.02,15.0
result\past\additional=True\run_goldstein_price_20260326_184150_702516_d130,goldstein_price,"x1,x2",2,0,1,1,0.55,0.25,and,0.6,0.3,or,,,,,True,0.03,0.55,0.25,True,soft,0.85,0.3,True,0.7,,0.2,5,0.6,0.6,0.06,0.35,0.02,15.0
result\past\additional=True\run_goldstein_price_20260326_184241_592695_bd87,goldstein_price,"x1,x2",2,0,1,1,0.55,0.25,and,0.6,0.3,or,,,,,True,0.03,0.55,0.25,True,soft,0.85,0.3,True,0.7,,0.2,5,0.6,0.6,0.06,0.35,0.02,15.0
result\past\additional=True\run_goldstein_price_20260326_184323_165023_a97c,goldstein_price,"x1,x2",2,0,1,1,0.55,0.25,and,0.6,0.3,or,,,,,True,0.03,0.55,0.25,True,soft,0.85,0.3,True,0.7,,0.2,5,0.6,0.6,0.06,0.35,0.02,15.0
result\past\additional=True\run_goldstein_price_20260326_184412_180252_0a1f,goldstein_price,"x1,x2",2,0,1,1,0.55,0.25,and,0.6,0.3,or,,,,,True,0.03,0.55,0.25,True,soft,0.85,0.3,True,0.7,,0.2,5,0.6,0.6,0.06,0.35,0.02,15.0
result\past\additional=True\run_goldstein_price_20260326_184456_640558_4b3f,goldstein_price,"d2,x1,x2",3,1,0,1,0.55,0.25,and,0.6,0.3,or,,,,,True,0.03,0.55,0.25,True,soft,0.85,0.3,True,0.7,,0.2,5,0.6,0.6,0.06,0.35,0.02,15.0
result\past\additional=True\run_goldstein_price_20260326_184546_313712_2178,goldstein_price,"x1,x2",2,0,1,1,0.55,0.25,and,0.6,0.3,or,,,,,True,0.03,0.55,0.25,True,soft,0.85,0.3,True,0.7,,0.2,5,0.6,0.6,0.06,0.35,0.02,15.0
result\past\additional=True\run_goldstein_price_20260326_184629_715459_bd6f,goldstein_price,"x1,x2",2,0,1,1,0.55,0.25,and,0.6,0.3,or,,,,,True,0.03,0.55,0.25,True,soft,0.85,0.3,True,0.7,,0.2,5,0.6,0.6,0.06,0.35,0.02,15.0
result\past\additional=True\run_goldstein_price_20260326_184708_892695_0182,goldstein_price,"x1,x2",2,0,1,1,0.55,0.25,and,0.6,0.3,or,,,,,True,0.03,0.55,0.25,True,soft,0.85,0.3,True,0.7,,0.2,5,0.6,0.6,0.06,0.35,0.02,15.0
result\past\additional=True\run_goldstein_price_20260326_184756_758130_5ed8,goldstein_price,"x1,x2",2,0,1,1,0.55,0.25,and,0.6,0.3,or,,,,,True,0.03,0.55,0.25,True,soft,0.85,0.3,True,0.7,,0.2,5,0.6,0.6,0.06,0.35,0.02,15.0
result\past\additional=True\run_goldstein_price_20260326_184844_606892_cb67,goldstein_price,"x1,x2",2,0,1,1,0.55,0.25,and,0.6,0.3,or,,,,,True,0.03,0.55,0.25,True,soft,0.85,0.3,True,0.7,,0.2,5,0.6,0.6,0.06,0.35,0.02,15.0
result\past\additional=True\run_goldstein_price_20260326_184924_132255_3221,goldstein_price,"x1,x2",2,0,1,1,0.55,0.25,and,0.6,0.3,or,,,,,True,0.03,0.55,0.25,True,soft,0.85,0.3,True,0.7,,0.2,5,0.6,0.6,0.06,0.35,0.02,15.0
result\past\additional=True\run_goldstein_price_20260326_185013_512491_fffd,goldstein_price,"x1,x2",2,0,1,1,0.55,0.25,and,0.6,0.3,or,,,,,True,0.03,0.55,0.25,True,soft,0.85,0.3,True,0.7,,0.2,5,0.6,0.6,0.06,0.35,0.02,15.0
result\past\additional=True\run_goldstein_price_20260326_185104_287656_07c3,goldstein_price,"x1,x2",2,0,1,1,0.55,0.25,and,0.6,0.3,or,,,,,True,0.03,0.55,0.25,True,soft,0.85,0.3,True,0.7,,0.2,5,0.6,0.6,0.06,0.35,0.02,15.0
result\past\additional=True\run_goldstein_price_20260327_093445_601314_85f3,goldstein_price,"x1,x2",2,0,1,1,0.55,0.25,and,0.6,0.3,or,,,,,True,0.03,0.55,0.25,True,soft,0.85,0.3,True,0.7,,0.2,5,0.6,0.6,0.06,0.35,0.02,15.0
result\past\additional=True\run_goldstein_price_20260327_093548_652017_52b1,goldstein_price,"x1,x2",2,0,1,1,0.55,0.25,and,0.6,0.3,or,,,,,True,0.03,0.55,0.25,True,soft,0.85,0.3,True,0.7,,0.2,5,0.6,0.6,0.06,0.35,0.02,15.0
result\past\additional=True\run_goldstein_price_20260327_093711_946851_a5be,goldstein_price,"x1,x2",2,0,1,1,0.55,0.25,and,0.6,0.3,or,,,,,True,0.03,0.55,0.25,True,soft,0.85,0.3,True,0.7,,0.2,5,0.6,0.6,0.06,0.35,0.02,15.0
result\past\additional=True\run_goldstein_price_20260327_093910_034789_3652,goldstein_price,"x1,x2",2,0,1,1,0.55,0.25,and,0.6,0.3,or,,,,,True,0.03,0.55,0.25,True,soft,0.85,0.3,True,0.7,,0.2,5,0.6,0.6,0.06,0.35,0.02,15.0
result\past\additional=True\run_goldstein_price_20260327_094121_749470_d572,goldstein_price,"x1,x2",2,0,1,1,0.55,0.25,and,0.6,0.3,or,,,,,True,0.03,0.55,0.25,True,soft,0.85,0.3,True,0.7,,0.2,5,0.6,0.6,0.06,0.35,0.02,15.0
result\past\additional=True\run_goldstein_price_20260327_094307_197768_7e9c,goldstein_price,"x1,x2",2,0,1,1,0.55,0.25,and,0.6,0.3,or,,,,,True,0.03,0.55,0.25,True,soft,0.85,0.3,True,0.7,,0.2,5,0.6,0.6,0.06,0.35,0.02,15.0
result\past\additional=True\run_goldstein_price_20260327_094531_207733_307d,goldstein_price,"x1,x2",2,0,1,1,0.55,0.25,and,0.6,0.3,or,,,,,True,0.03,0.55,0.25,True,soft,0.85,0.3,True,0.7,,0.2,5,0.6,0.6,0.06,0.35,0.02,15.0
result\past\additional=True\run_goldstein_price_20260327_094726_046293_45fe,goldstein_price,"x1,x2",2,0,1,1,0.55,0.25,and,0.6,0.3,or,,,,,True,0.03,0.55,0.25,True,soft,0.85,0.3,True,0.7,,0.2,5,0.6,0.6,0.06,0.35,0.02,15.0
result\past\additional=True\run_goldstein_price_20260327_094847_288856_3de1,goldstein_price,"x1,x2",2,0,1,1,0.55,0.25,and,0.6,0.3,or,,,,,True,0.03,0.55,0.25,True,soft,0.85,0.3,True,0.7,,0.2,5,0.6,0.6,0.06,0.35,0.02,15.0
result\past\additional=True\run_goldstein_price_20260327_095053_839864_4be9,goldstein_price,"x1,x2",2,0,1,1,0.55,0.25,and,0.6,0.3,or,,,,,True,0.03,0.55,0.25,True,soft,0.85,0.3,True,0.7,,0.2,5,0.6,0.6,0.06,0.35,0.02,15.0
result\past\additional=True\run_goldstein_price_20260327_095223_060501_8f2c,goldstein_price,"x1,x2",2,0,1,1,0.55,0.25,and,0.6,0.3,or,,,,,True,0.03,0.55,0.25,True,soft,0.85,0.3,True,0.7,,0.2,5,0.6,0.6,0.06,0.35,0.02,15.0
result\past\additional=True\run_goldstein_price_20260327_095333_524615_283d,goldstein_price,"x1,x2",2,0,1,1,0.55,0.25,and,0.6,0.3,or,,,,,True,0.03,0.55,0.25,True,soft,0.85,0.3,True,0.7,,0.2,5,0.6,0.6,0.06,0.35,0.02,15.0
result\past\additional=True\run_goldstein_price_20260327_095430_201983_8a0f,goldstein_price,"x1,x2",2,0,1,1,0.55,0.25,and,0.6,0.3,or,,,,,True,0.03,0.55,0.25,True,soft,0.85,0.3,True,0.7,,0.2,5,0.6,0.6,0.06,0.35,0.02,15.0
result\past\additional=True\run_goldstein_price_20260327_095514_981908_09df,goldstein_price,"x1,x2",2,0,1,1,0.55,0.25,and,0.6,0.3,or,,,,,True,0.03,0.55,0.25,True,soft,0.85,0.3,True,0.7,,0.2,5,0.6,0.6,0.06,0.35,0.02,15.0
result\past\additional=True\run_goldstein_price_20260327_095617_754890_2bc8,goldstein_price,"x1,x2",2,0,1,1,0.55,0.25,and,0.6,0.3,or,,,,,True,0.03,0.55,0.25,True,soft,0.85,0.3,True,0.7,,0.2,5,0.6,0.6,0.06,0.35,0.02,15.0
result\past\additional=True\run_goldstein_price_20260327_095731_414106_d679,goldstein_price,"x1,x2",2,0,1,1,0.55,0.25,and,0.6,0.3,or,,,,,True,0.03,0.55,0.25,True,soft,0.85,0.3,True,0.7,,0.2,5,0.6,0.6,0.06,0.35,0.02,15.0
result\past\additional=True\run_goldstein_price_20260327_095828_870915_5dbe,goldstein_price,"x1,x2",2,0,1,1,0.55,0.25,and,0.6,0.3,or,,,,,True,0.03,0.55,0.25,True,soft,0.85,0.3,True,0.7,,0.2,5,0.6,0.6,0.06,0.35,0.02,15.0
result\past\additional=True\run_goldstein_price_20260327_095947_177557_f90f,goldstein_price,"x1,x2",2,0,1,1,0.55,0.25,and,0.6,0.3,or,,,,,True,0.03,0.55,0.25,True,soft,0.85,0.3,True,0.7,,0.2,5,0.6,0.6,0.06,0.35,0.02,15.0
result\past\additional=True\run_goldstein_price_20260327_100048_908690_27ec,goldstein_price,"x1,x2",2,0,1,1,0.55,0.25,and,0.6,0.3,or,,,,,True,0.03,0.55,0.25,True,soft,0.85,0.3,True,0.7,,0.2,5,0.6,0.6,0.06,0.35,0.02,15.0
result\past\additional=True\run_goldstein_price_20260327_100156_949709_03c9,goldstein_price,"x1,x2",2,0,1,1,0.55,0.25,and,0.6,0.3,or,,,,,True,0.03,0.55,0.25,True,soft,0.85,0.3,True,0.7,,0.2,5,0.6,0.6,0.06,0.35,0.02,15.0
result\past\additional=True\run_goldstein_price_20260327_100258_236092_dde5,goldstein_price,"x1,x2",2,0,1,1,0.55,0.25,and,0.6,0.3,or,,,,,True,0.03,0.55,0.25,True,soft,0.85,0.3,True,0.7,,0.2,5,0.6,0.6,0.06,0.35,0.02,15.0
result\past\additional=True\run_goldstein_price_20260327_100348_739050_c27f,goldstein_price,"x1,x2",2,0,1,1,0.55,0.25,and,0.6,0.3,or,,,,,True,0.03,0.55,0.25,True,soft,0.85,0.3,True,0.7,,0.2,5,0.6,0.6,0.06,0.35,0.02,15.0
result\past\additional=True\run_goldstein_price_20260327_100500_422173_3bf2,goldstein_price,"x1,x2",2,0,1,1,0.55,0.25,and,0.6,0.3,or,,,,,True,0.03,0.55,0.25,True,soft,0.85,0.3,True,0.7,,0.2,5,0.6,0.6,0.06,0.35,0.02,15.0
result\past\additional=True\run_goldstein_price_20260327_100552_111835_3ed5,goldstein_price,"x1,x2",2,0,1,1,0.55,0.25,and,0.6,0.3,or,,,,,True,0.03,0.55,0.25,True,soft,0.85,0.3,True,0.7,,0.2,5,0.6,0.6,0.06,0.35,0.02,15.0
result\past\additional=True\run_goldstein_price_20260327_100648_905202_814b,goldstein_price,"x1,x2",2,0,1,1,0.55,0.25,and,0.6,0.3,or,,,,,True,0.03,0.55,0.25,True,soft,0.85,0.3,True,0.7,,0.2,5,0.6,0.6,0.06,0.35,0.02,15.0
result\past\additional=True\run_goldstein_price_20260327_100744_393496_bdf5,goldstein_price,"x1,x2",2,0,1,1,0.55,0.25,and,0.6,0.3,or,,,,,True,0.03,0.55,0.25,True,soft,0.85,0.3,True,0.7,,0.2,5,0.6,0.6,0.06,0.35,0.02,15.0
result\past\additional=True\run_goldstein_price_20260327_100914_721114_440e,goldstein_price,"x1,x2",2,0,1,1,0.55,0.25,and,0.6,0.3,or,,,,,True,0.03,0.55,0.25,True,soft,0.85,0.3,True,0.7,,0.2,5,0.6,0.6,0.06,0.35,0.02,15.0
result\past\additional=True\run_goldstein_price_20260327_101009_626412_33d7,goldstein_price,"x1,x2",2,0,1,1,0.55,0.25,and,0.6,0.3,or,,,,,True,0.03,0.55,0.25,True,soft,0.85,0.3,True,0.7,,0.2,5,0.6,0.6,0.06,0.35,0.02,15.0
result\past\additional=True\run_goldstein_price_20260327_101117_833950_dd6b,goldstein_price,"x1,x2",2,0,1,1,0.55,0.25,and,0.6,0.3,or,,,,,True,0.03,0.55,0.25,True,soft,0.85,0.3,True,0.7,,0.2,5,0.6,0.6,0.06,0.35,0.02,15.0
result\past\additional=True\run_goldstein_price_20260327_101219_573392_e97c,goldstein_price,"x1,x2",2,0,1,1,0.55,0.25,and,0.6,0.3,or,,,,,True,0.03,0.55,0.25,True,soft,0.85,0.3,True,0.7,,0.2,5,0.6,0.6,0.06,0.35,0.02,15.0
result\past\additional=True\run_goldstein_price_20260327_101310_774819_cf38,goldstein_price,"x1,x2",2,0,1,1,0.55,0.25,and,0.6,0.3,or,,,,,True,0.03,0.55,0.25,True,soft,0.85,0.3,True,0.7,,0.2,5,0.6,0.6,0.06,0.35,0.02,15.0
result\past\additional=True\run_goldstein_price_20260327_101425_760763_9d6f,goldstein_price,"x1,x2",2,0,1,1,0.55,0.25,and,0.6,0.3,or,,,,,True,0.03,0.55,0.25,True,soft,0.85,0.3,True,0.7,,0.2,5,0.6,0.6,0.06,0.35,0.02,15.0
result\past\additional=True\run_goldstein_price_20260327_101642_583083_65a0,goldstein_price,"x1,x2",2,0,1,1,0.55,0.25,and,0.6,0.3,or,,,,,True,0.03,0.55,0.25,True,soft,0.85,0.3,True,0.7,,0.2,5,0.6,0.6,0.06,0.35,0.02,15.0
result\past\additional=True\run_goldstein_price_20260327_101931_811572_7d6d,goldstein_price,"x1,x2",2,0,1,1,0.55,0.25,and,0.6,0.3,or,,,,,True,0.03,0.55,0.25,True,soft,0.85,0.3,True,0.7,,0.2,5,0.6,0.6,0.06,0.35,0.02,15.0
result\past\additional=True\run_goldstein_price_20260327_102129_281774_b84f,goldstein_price,"x1,x2",2,0,1,1,0.55,0.25,and,0.6,0.3,or,,,,,True,0.03,0.55,0.25,True,soft,0.85,0.3,True,0.7,,0.2,5,0.6,0.6,0.06,0.35,0.02,15.0
result\past\additional=True\run_goldstein_price_20260327_102317_194266_f91d,goldstein_price,"x1,x2",2,0,1,1,0.55,0.25,and,0.6,0.3,or,,,,,True,0.03,0.55,0.25,True,soft,0.85,0.3,True,0.7,,0.2,5,0.6,0.6,0.06,0.35,0.02,15.0
result\past\additional=True\run_goldstein_price_20260327_102416_448531_1668,goldstein_price,"x1,x2",2,0,1,1,0.55,0.25,and,0.6,0.3,or,,,,,True,0.03,0.55,0.25,True,soft,0.85,0.3,True,0.7,,0.2,5,0.6,0.6,0.06,0.35,0.02,15.0
result\past\additional=True\run_goldstein_price_20260327_102521_844420_6df6,goldstein_price,"x1,x2",2,0,1,1,0.55,0.25,and,0.6,0.3,or,,,,,True,0.03,0.55,0.25,True,soft,0.85,0.3,True,0.7,,0.2,5,0.6,0.6,0.06,0.35,0.02,15.0
result\past\additional=True\run_goldstein_price_20260327_102619_962668_b09e,goldstein_price,"x1,x2",2,0,1,1,0.55,0.25,and,0.6,0.3,or,,,,,True,0.03,0.55,0.25,True,soft,0.85,0.3,True,0.7,,0.2,5,0.6,0.6,0.06,0.35,0.02,15.0
result\past\additional=True\run_goldstein_price_20260327_102720_840308_eb3f,goldstein_price,"x1,x2",2,0,1,1,0.55,0.25,and,0.6,0.3,or,,,,,True,0.03,0.55,0.25,True,soft,0.85,0.3,True,0.7,,0.2,5,0.6,0.6,0.06,0.35,0.02,15.0
result\past\additional=True\run_goldstein_price_20260327_102832_415178_1a06,goldstein_price,"x1,x2",2,0,1,1,0.55,0.25,and,0.6,0.3,or,,,,,True,0.03,0.55,0.25,True,soft,0.85,0.3,True,0.7,,0.2,5,0.6,0.6,0.06,0.35,0.02,15.0
result\past\additional=True\run_goldstein_price_20260327_102936_412205_f353,goldstein_price,"x1,x2",2,0,1,1,0.55,0.25,and,0.6,0.3,or,,,,,True,0.03,0.55,0.25,True,soft,0.85,0.3,True,0.7,,0.2,5,0.6,0.6,0.06,0.35,0.02,15.0
result\past\additional=True\run_goldstein_price_20260327_103051_528004_3953,goldstein_price,"x1,x2",2,0,1,1,0.55,0.25,and,0.6,0.3,or,,,,,True,0.03,0.55,0.25,True,soft,0.85,0.3,True,0.7,,0.2,5,0.6,0.6,0.06,0.35,0.02,15.0
result\past\additional=True\run_goldstein_price_20260327_103150_866674_1b6f,goldstein_price,"x1,x2",2,0,1,1,0.55,0.25,and,0.6,0.3,or,,,,,True,0.03,0.55,0.25,True,soft,0.85,0.3,True,0.7,,0.2,5,0.6,0.6,0.06,0.35,0.02,15.0
result\past\additional=True\run_goldstein_price_20260327_103237_329724_8f51,goldstein_price,"x1,x2",2,0,1,1,0.55,0.25,and,0.6,0.3,or,,,,,True,0.03,0.55,0.25,True,soft,0.85,0.3,True,0.7,,0.2,5,0.6,0.6,0.06,0.35,0.02,15.0
result\past\additional=True\run_goldstein_price_20260327_103344_853638_408b,goldstein_price,"x1,x2",2,0,1,1,0.55,0.25,and,0.6,0.3,or,,,,,True,0.03,0.55,0.25,True,soft,0.85,0.3,True,0.7,,0.2,5,0.6,0.6,0.06,0.35,0.02,15.0
result\past\additional=True\run_goldstein_price_20260327_103500_118417_1f0d,goldstein_price,"x1,x2",2,0,1,1,0.55,0.25,and,0.6,0.3,or,,,,,True,0.03,0.55,0.25,True,soft,0.85,0.3,True,0.7,,0.2,5,0.6,0.6,0.06,0.35,0.02,15.0
result\past\additional=True\run_goldstein_price_20260327_103608_840927_0914,goldstein_price,"x1,x2",2,0,1,1,0.55,0.25,and,0.6,0.3,or,,,,,True,0.03,0.55,0.25,True,soft,0.85,0.3,True,0.7,,0.2,5,0.6,0.6,0.06,0.35,0.02,15.0
result\past\additional=True\run_goldstein_price_20260327_103730_525260_0d17,goldstein_price,"x1,x2",2,0,1,1,0.55,0.25,and,0.6,0.3,or,,,,,True,0.03,0.55,0.25,True,soft,0.85,0.3,True,0.7,,0.2,5,0.6,0.6,0.06,0.35,0.02,15.0
result\past\additional=True\run_goldstein_price_20260327_103847_935264_75a7,goldstein_price,"x1,x2",2,0,1,1,0.55,0.25,and,0.6,0.3,or,,,,,True,0.03,0.55,0.25,True,soft,0.85,0.3,True,0.7,,0.2,5,0.6,0.6,0.06,0.35,0.02,15.0
result\past\additional=True\run_goldstein_price_20260327_142403_823701_3247,goldstein_price,x2,1,0,0,0,0.55,0.25,and,0.6,0.45,or,True,0.1,0.7,2.0,True,0.03,0.4,0.25,True,soft,0.85,0.45,True,0.7,,0.2,5,0.6,0.6,0.06,0.35,0.02,15.0
result\past\additional=True\run_goldstein_price_20260327_142457_505106_2d19,goldstein_price,"x1,x2",2,0,1,1,0.55,0.25,and,0.6,0.45,or,True,0.1,0.7,2.0,True,0.03,0.4,0.25,True,soft,0.85,0.45,True,0.7,,0.2,5,0.6,0.6,0.06,0.35,0.02,15.0
result\past\additional=True\run_goldstein_price_20260327_142551_225776_7aca,goldstein_price,"x1,x2",2,0,1,1,0.55,0.25,and,0.6,0.45,or,True,0.1,0.7,2.0,True,0.03,0.4,0.25,True,soft,0.85,0.45,True,0.7,,0.2,5,0.6,0.6,0.06,0.35,0.02,15.0
result\past\additional=True\run_goldstein_price_20260327_142640_493656_8eb2,goldstein_price,"x1,x2",2,0,1,1,0.55,0.25,and,0.6,0.45,or,True,0.1,0.7,2.0,True,0.03,0.4,0.25,True,soft,0.85,0.45,True,0.7,,0.2,5,0.6,0.6,0.06,0.35,0.02,15.0
result\past\additional=True\run_goldstein_price_20260327_142743_317507_3923,goldstein_price,"x1,x2",2,0,1,1,0.55,0.25,and,0.6,0.45,or,True,0.1,0.7,2.0,True,0.03,0.4,0.25,True,soft,0.85,0.45,True,0.7,,0.2,5,0.6,0.6,0.06,0.35,0.02,15.0
result\past\additional=True\run_goldstein_price_20260327_142838_150505_099a,goldstein_price,"d1,x1,x2",3,1,0,1,0.55,0.25,and,0.6,0.45,or,True,0.1,0.7,2.0,True,0.03,0.4,0.25,True,soft,0.85,0.45,True,0.7,,0.2,5,0.6,0.6,0.06,0.35,0.02,15.0
result\past\additional=True\run_goldstein_price_20260327_142923_172876_315d,goldstein_price,"x1,x2",2,0,1,1,0.55,0.25,and,0.6,0.45,or,True,0.1,0.7,2.0,True,0.03,0.4,0.25,True,soft,0.85,0.45,True,0.7,,0.2,5,0.6,0.6,0.06,0.35,0.02,15.0
result\past\additional=True\run_goldstein_price_20260327_143012_128718_43f4,goldstein_price,"x1,x2",2,0,1,1,0.55,0.25,and,0.6,0.45,or,True,0.1,0.7,2.0,True,0.03,0.4,0.25,True,soft,0.85,0.45,True,0.7,,0.2,5,0.6,0.6,0.06,0.35,0.02,15.0
result\past\additional=True\run_goldstein_price_20260327_143105_748400_e2a8,goldstein_price,"x1,x2",2,0,1,1,0.55,0.25,and,0.6,0.45,or,True,0.1,0.7,2.0,True,0.03,0.4,0.25,True,soft,0.85,0.45,True,0.7,,0.2,5,0.6,0.6,0.06,0.35,0.02,15.0
result\past\additional=True\run_goldstein_price_20260327_143157_988590_7b77,goldstein_price,"x1,x2",2,0,1,1,0.55,0.25,and,0.6,0.45,or,True,0.1,0.7,2.0,True,0.03,0.4,0.25,True,soft,0.85,0.45,True,0.7,,0.2,5,0.6,0.6,0.06,0.35,0.02,15.0
result\past\additional=True\run_goldstein_price_20260327_143244_608791_baa9,goldstein_price,"x1,x2",2,0,1,1,0.55,0.25,and,0.6,0.45,or,True,0.1,0.7,2.0,True,0.03,0.4,0.25,True,soft,0.85,0.45,True,0.7,,0.2,5,0.6,0.6,0.06,0.35,0.02,15.0
result\past\additional=True\run_goldstein_price_20260327_143326_486786_8c9c,goldstein_price,"x1,x2",2,0,1,1,0.55,0.25,and,0.6,0.45,or,True,0.1,0.7,2.0,True,0.03,0.4,0.25,True,soft,0.85,0.45,True,0.7,,0.2,5,0.6,0.6,0.06,0.35,0.02,15.0
result\past\additional=True\run_goldstein_price_20260327_143416_964531_f1ba,goldstein_price,"x1,x2",2,0,1,1,0.55,0.25,and,0.6,0.45,or,True,0.1,0.7,2.0,True,0.03,0.4,0.25,True,soft,0.85,0.45,True,0.7,,0.2,5,0.6,0.6,0.06,0.35,0.02,15.0
result\past\additional=True\run_goldstein_price_20260327_143457_066220_f8ab,goldstein_price,"x1,x2",2,0,1,1,0.55,0.25,and,0.6,0.45,or,True,0.1,0.7,2.0,True,0.03,0.4,0.25,True,soft,0.85,0.45,True,0.7,,0.2,5,0.6,0.6,0.06,0.35,0.02,15.0
result\past\additional=True\run_goldstein_price_20260327_143539_312055_1de9,goldstein_price,"x1,x2",2,0,1,1,0.55,0.25,and,0.6,0.45,or,True,0.1,0.7,2.0,True,0.03,0.4,0.25,True,soft,0.85,0.45,True,0.7,,0.2,5,0.6,0.6,0.06,0.35,0.02,15.0
result\past\additional=True\run_goldstein_price_20260327_143631_182717_6fbf,goldstein_price,"x1,x2",2,0,1,1,0.55,0.25,and,0.6,0.45,or,True,0.1,0.7,2.0,True,0.03,0.4,0.25,True,soft,0.85,0.45,True,0.7,,0.2,5,0.6,0.6,0.06,0.35,0.02,15.0
result\past\additional=True\run_goldstein_price_20260327_143711_007148_bfe0,goldstein_price,"x1,x2",2,0,1,1,0.55,0.25,and,0.6,0.45,or,True,0.1,0.7,2.0,True,0.03,0.4,0.25,True,soft,0.85,0.45,True,0.7,,0.2,5,0.6,0.6,0.06,0.35,0.02,15.0
result\past\additional=True\run_goldstein_price_20260327_143723_502562_f9d5,goldstein_price,"x1,x2",2,0,1,1,0.55,0.25,and,0.6,0.45,or,True,0.1,0.7,2.0,True,0.03,0.4,0.25,True,soft,0.85,0.45,True,0.7,,0.2,5,0.6,0.6,0.06,0.35,0.02,15.0
result\past\additional=True\run_goldstein_price_20260327_143800_504588_ee32,goldstein_price,"x1,x2",2,0,1,1,0.55,0.25,and,0.6,0.45,or,True,0.1,0.7,2.0,True,0.03,0.4,0.25,True,soft,0.85,0.45,True,0.7,,0.2,5,0.6,0.6,0.06,0.35,0.02,15.0
result\past\additional=True\run_goldstein_price_20260327_143845_419133_a931,goldstein_price,"x1,x2",2,0,1,1,0.55,0.25,and,0.6,0.45,or,True,0.1,0.7,2.0,True,0.03,0.4,0.25,True,soft,0.85,0.45,True,0.7,,0.2,5,0.6,0.6,0.06,0.35,0.02,15.0
result\past\additional=True\run_goldstein_price_20260327_143845_454951_8e31,goldstein_price,"x1,x2",2,0,1,1,0.55,0.25,and,0.6,0.45,or,True,0.1,0.7,2.0,True,0.03,0.4,0.25,True,soft,0.85,0.45,True,0.7,,0.2,5,0.6,0.6,0.06,0.35,0.02,15.0
result\past\additional=True\run_goldstein_price_20260327_143932_712088_6e28,goldstein_price,"x1,x2",2,0,1,1,0.55,0.25,and,0.6,0.45,or,True,0.1,0.7,2.0,True,0.03,0.4,0.25,True,soft,0.85,0.45,True,0.7,,0.2,5,0.6,0.6,0.06,0.35,0.02,15.0
result\past\additional=True\run_goldstein_price_20260327_144014_261931_1093,goldstein_price,"x1,x2",2,0,1,1,0.55,0.25,and,0.6,0.45,or,True,0.1,0.7,2.0,True,0.03,0.4,0.25,True,soft,0.85,0.45,True,0.7,,0.2,5,0.6,0.6,0.06,0.35,0.02,15.0
result\past\additional=True\run_goldstein_price_20260327_144053_901476_f607,goldstein_price,"x1,x2",2,0,1,1,0.55,0.25,and,0.6,0.45,or,True,0.1,0.7,2.0,True,0.03,0.4,0.25,True,soft,0.85,0.45,True,0.7,,0.2,5,0.6,0.6,0.06,0.35,0.02,15.0
result\past\additional=True\run_goldstein_price_20260327_144054_535251_832b,goldstein_price,"x1,x2",2,0,1,1,0.55,0.25,and,0.6,0.45,or,True,0.1,0.7,2.0,True,0.03,0.4,0.25,True,soft,0.85,0.45,True,0.7,,0.2,5,0.6,0.6,0.06,0.35,0.02,15.0
result\past\additional=True\run_goldstein_price_20260327_144138_865549_5753,goldstein_price,"x1,x2",2,0,1,1,0.55,0.25,and,0.6,0.45,or,True,0.1,0.7,2.0,True,0.03,0.4,0.25,True,soft,0.85,0.45,True,0.7,,0.2,5,0.6,0.6,0.06,0.35,0.02,15.0
result\past\additional=True\run_goldstein_price_20260327_144213_229195_e61d,goldstein_price,"x1,x2",2,0,1,1,0.55,0.25,and,0.6,0.45,or,True,0.1,0.7,2.0,True,0.03,0.4,0.25,True,soft,0.85,0.45,True,0.7,,0.2,5,0.6,0.6,0.06,0.35,0.02,15.0
result\past\additional=True\run_goldstein_price_20260327_144219_008877_e52a,goldstein_price,"x1,x2",2,0,1,1,0.55,0.25,and,0.6,0.45,or,True,0.1,0.7,2.0,True,0.03,0.4,0.25,True,soft,0.85,0.45,True,0.7,,0.2,5,0.6,0.6,0.06,0.35,0.02,15.0
result\past\additional=True\run_goldstein_price_20260327_144258_333187_8b72,goldstein_price,"x1,x2",2,0,1,1,0.55,0.25,and,0.6,0.45,or,True,0.1,0.7,2.0,True,0.03,0.4,0.25,True,soft,0.85,0.45,True,0.7,,0.2,5,0.6,0.6,0.06,0.35,0.02,15.0
result\past\additional=True\run_goldstein_price_20260327_144333_961033_8a69,goldstein_price,"x1,x2",2,0,1,1,0.55,0.25,and,0.6,0.45,or,True,0.1,0.7,2.0,True,0.03,0.4,0.25,True,soft,0.85,0.45,True,0.7,,0.2,5,0.6,0.6,0.06,0.35,0.02,15.0
result\past\additional=True\run_goldstein_price_20260327_144339_185694_13ef,goldstein_price,"x1,x2",2,0,1,1,0.55,0.25,and,0.6,0.45,or,True,0.1,0.7,2.0,True,0.03,0.4,0.25,True,soft,0.85,0.45,True,0.7,,0.2,5,0.6,0.6,0.06,0.35,0.02,15.0
result\past\additional=True\run_goldstein_price_20260327_144435_168684_69c1,goldstein_price,"x1,x2",2,0,1,1,0.55,0.25,and,0.6,0.45,or,True,0.1,0.7,2.0,True,0.03,0.4,0.25,True,soft,0.85,0.45,True,0.7,,0.2,5,0.6,0.6,0.06,0.35,0.02,15.0
result\past\additional=True\run_goldstein_price_20260327_144436_836007_0d68,goldstein_price,"x1,x2",2,0,1,1,0.55,0.25,and,0.6,0.45,or,True,0.1,0.7,2.0,True,0.03,0.4,0.25,True,soft,0.85,0.45,True,0.7,,0.2,5,0.6,0.6,0.06,0.35,0.02,15.0
result\past\additional=True\run_goldstein_price_20260327_144522_380396_eb7f,goldstein_price,"x1,x2",2,0,1,1,0.55,0.25,and,0.6,0.45,or,True,0.1,0.7,2.0,True,0.03,0.4,0.25,True,soft,0.85,0.45,True,0.7,,0.2,5,0.6,0.6,0.06,0.35,0.02,15.0
result\past\additional=True\run_goldstein_price_20260327_144549_304659_6d93,goldstein_price,"x1,x2",2,0,1,1,0.55,0.25,and,0.6,0.45,or,True,0.1,0.7,2.0,True,0.03,0.4,0.25,True,soft,0.85,0.45,True,0.7,,0.2,5,0.6,0.6,0.06,0.35,0.02,15.0
result\past\additional=True\run_goldstein_price_20260327_144619_443911_136d,goldstein_price,"x1,x2",2,0,1,1,0.55,0.25,and,0.6,0.45,or,True,0.1,0.7,2.0,True,0.03,0.4,0.25,True,soft,0.85,0.45,True,0.7,,0.2,5,0.6,0.6,0.06,0.35,0.02,15.0
result\past\additional=True\run_goldstein_price_20260327_144705_684782_ed0d,goldstein_price,"x1,x2",2,0,1,1,0.55,0.25,and,0.6,0.45,or,True,0.1,0.7,2.0,True,0.03,0.4,0.25,True,soft,0.85,0.45,True,0.7,,0.2,5,0.6,0.6,0.06,0.35,0.02,15.0
result\past\additional=True\run_goldstein_price_20260327_144706_789922_294c,goldstein_price,"x1,x2",2,0,1,1,0.55,0.25,and,0.6,0.45,or,True,0.1,0.7,2.0,True,0.03,0.4,0.25,True,soft,0.85,0.45,True,0.7,,0.2,5,0.6,0.6,0.06,0.35,0.02,15.0
result\past\additional=True\run_goldstein_price_20260327_144749_622036_5ead,goldstein_price,"x1,x2",2,0,1,1,0.55,0.25,and,0.6,0.45,or,True,0.1,0.7,2.0,True,0.03,0.4,0.25,True,soft,0.85,0.45,True,0.7,,0.2,5,0.6,0.6,0.06,0.35,0.02,15.0
result\past\additional=True\run_goldstein_price_20260327_144831_120602_cad2,goldstein_price,"d3,x1,x2",3,1,0,1,0.55,0.25,and,0.6,0.45,or,True,0.1,0.7,2.0,True,0.03,0.4,0.25,True,soft,0.85,0.45,True,0.7,,0.2,5,0.6,0.6,0.06,0.35,0.02,15.0
result\past\additional=True\run_goldstein_price_20260327_144845_771071_270b,goldstein_price,"x1,x2",2,0,1,1,0.55,0.25,and,0.6,0.45,or,True,0.1,0.7,2.0,True,0.03,0.4,0.25,True,soft,0.85,0.45,True,0.7,,0.2,5,0.6,0.6,0.06,0.35,0.02,15.0
result\past\additional=True\run_goldstein_price_20260327_144931_112618_d8a3,goldstein_price,"x1,x2",2,0,1,1,0.55,0.25,and,0.6,0.45,or,True,0.1,0.7,2.0,True,0.03,0.4,0.25,True,soft,0.85,0.45,True,0.7,,0.2,5,0.6,0.6,0.06,0.35,0.02,15.0
result\past\additional=True\run_goldstein_price_20260327_144933_332504_24ea,goldstein_price,"x1,x2",2,0,1,1,0.55,0.25,and,0.6,0.45,or,True,0.1,0.7,2.0,True,0.03,0.4,0.25,True,soft,0.85,0.45,True,0.7,,0.2,5,0.6,0.6,0.06,0.35,0.02,15.0
result\past\additional=True\run_goldstein_price_20260327_145031_426221_1eb7,goldstein_price,"x1,x2",2,0,1,1,0.55,0.25,and,0.6,0.45,or,True,0.1,0.7,2.0,True,0.03,0.4,0.25,True,soft,0.85,0.45,True,0.7,,0.2,5,0.6,0.6,0.06,0.35,0.02,15.0
result\past\additional=True\run_goldstein_price_20260327_145052_107745_032c,goldstein_price,"x1,x2",2,0,1,1,0.55,0.25,and,0.6,0.45,or,True,0.1,0.7,2.0,True,0.03,0.4,0.25,True,soft,0.85,0.45,True,0.7,,0.2,5,0.6,0.6,0.06,0.35,0.02,15.0
result\past\additional=True\run_goldstein_price_20260327_145111_591345_15ee,goldstein_price,"x1,x2",2,0,1,1,0.55,0.25,and,0.6,0.45,or,True,0.1,0.7,2.0,True,0.03,0.4,0.25,True,soft,0.85,0.45,True,0.7,,0.2,5,0.6,0.6,0.06,0.35,0.02,15.0
result\past\additional=True\run_goldstein_price_20260327_145152_425417_4f4e,goldstein_price,"x1,x2",2,0,1,1,0.55,0.25,and,0.6,0.45,or,True,0.1,0.7,2.0,True,0.03,0.4,0.25,True,soft,0.85,0.45,True,0.7,,0.2,5,0.6,0.6,0.06,0.35,0.02,15.0
result\past\additional=True\run_goldstein_price_20260327_145209_499524_9d5f,goldstein_price,"x1,x2",2,0,1,1,0.55,0.25,and,0.6,0.45,or,True,0.1,0.7,2.0,True,0.03,0.4,0.25,True,soft,0.85,0.45,True,0.7,,0.2,5,0.6,0.6,0.06,0.35,0.02,15.0
result\past\additional=True\run_goldstein_price_20260327_145238_145978_94ae,goldstein_price,"x1,x2",2,0,1,1,0.55,0.25,and,0.6,0.45,or,True,0.1,0.7,2.0,True,0.03,0.4,0.25,True,soft,0.85,0.45,True,0.7,,0.2,5,0.6,0.6,0.06,0.35,0.02,15.0
result\past\additional=True\run_goldstein_price_20260327_145308_191084_541b,goldstein_price,"x1,x2",2,0,1,1,0.55,0.25,and,0.6,0.45,or,True,0.1,0.7,2.0,True,0.03,0.4,0.25,True,soft,0.85,0.45,True,0.7,,0.2,5,0.6,0.6,0.06,0.35,0.02,15.0
result\past\additional=True\run_goldstein_price_20260327_145329_065505_eb5e,goldstein_price,"x1,x2",2,0,1,1,0.55,0.25,and,0.6,0.45,or,True,0.1,0.7,2.0,True,0.03,0.4,0.25,True,soft,0.85,0.45,True,0.7,,0.2,5,0.6,0.6,0.06,0.35,0.02,15.0
result\past\additional=True\run_goldstein_price_20260327_145417_579526_d310,goldstein_price,"x1,x2",2,0,1,1,0.55,0.25,and,0.6,0.45,or,True,0.1,0.7,2.0,True,0.03,0.4,0.25,True,soft,0.85,0.45,True,0.7,,0.2,5,0.6,0.6,0.06,0.35,0.02,15.0
result\past\additional=True\run_goldstein_price_20260327_145418_582150_3935,goldstein_price,"x1,x2",2,0,1,1,0.55,0.25,and,0.6,0.45,or,True,0.1,0.7,2.0,True,0.03,0.4,0.25,True,soft,0.85,0.45,True,0.7,,0.2,5,0.6,0.6,0.06,0.35,0.02,15.0
result\past\additional=True\run_goldstein_price_20260327_145459_654306_e447,goldstein_price,"x1,x2",2,0,1,1,0.55,0.25,and,0.6,0.45,or,True,0.1,0.7,2.0,True,0.03,0.4,0.25,True,soft,0.85,0.45,True,0.7,,0.2,5,0.6,0.6,0.06,0.35,0.02,15.0
result\past\additional=True\run_goldstein_price_20260327_145513_813608_f98a,goldstein_price,"x1,x2",2,0,1,1,0.55,0.25,and,0.6,0.45,or,True,0.1,0.7,2.0,True,0.03,0.4,0.25,True,soft,0.85,0.45,True,0.7,,0.2,5,0.6,0.6,0.06,0.35,0.02,15.0
result\past\additional=True\run_goldstein_price_20260327_145547_795487_2527,goldstein_price,"x1,x2",2,0,1,1,0.55,0.25,and,0.6,0.45,or,True,0.1,0.7,2.0,True,0.03,0.4,0.25,True,soft,0.85,0.45,True,0.7,,0.2,5,0.6,0.6,0.06,0.35,0.02,15.0
result\past\additional=True\run_goldstein_price_20260327_145624_715573_f557,goldstein_price,"x1,x2",2,0,1,1,0.55,0.25,and,0.6,0.45,or,True,0.1,0.7,2.0,True,0.03,0.4,0.25,True,soft,0.85,0.45,True,0.7,,0.2,5,0.6,0.6,0.06,0.35,0.02,15.0
result\past\additional=True\run_goldstein_price_20260327_145632_087858_770a,goldstein_price,"d2,x1,x2",3,1,0,1,0.55,0.25,and,0.6,0.45,or,True,0.1,0.7,2.0,True,0.03,0.4,0.25,True,soft,0.85,0.45,True,0.7,,0.2,5,0.6,0.6,0.06,0.35,0.02,15.0
result\past\additional=True\run_goldstein_price_20260327_145714_501561_1bdc,goldstein_price,"x1,x2",2,0,1,1,0.55,0.25,and,0.6,0.45,or,True,0.1,0.7,2.0,True,0.03,0.4,0.25,True,soft,0.85,0.45,True,0.7,,0.2,5,0.6,0.6,0.06,0.35,0.02,15.0
result\past\additional=True\run_goldstein_price_20260327_145721_202452_0258,goldstein_price,"x1,x2",2,0,1,1,0.55,0.25,and,0.6,0.45,or,True,0.1,0.7,2.0,True,0.03,0.4,0.25,True,soft,0.85,0.45,True,0.7,,0.2,5,0.6,0.6,0.06,0.35,0.02,15.0
result\past\additional=True\run_goldstein_price_20260327_145803_965208_63f4,goldstein_price,"x1,x2",2,0,1,1,0.55,0.25,and,0.6,0.45,or,True,0.1,0.7,2.0,True,0.03,0.4,0.25,True,soft,0.85,0.45,True,0.7,,0.2,5,0.6,0.6,0.06,0.35,0.02,15.0
result\past\additional=True\run_goldstein_price_20260327_145829_550622_aa79,goldstein_price,"x1,x2",2,0,1,1,0.55,0.25,and,0.6,0.45,or,True,0.1,0.7,2.0,True,0.03,0.4,0.25,True,soft,0.85,0.45,True,0.7,,0.2,5,0.6,0.6,0.06,0.35,0.02,15.0
result\past\additional=True\run_goldstein_price_20260327_145842_366776_13a6,goldstein_price,"x1,x2",2,0,1,1,0.55,0.25,and,0.6,0.45,or,True,0.1,0.7,2.0,True,0.03,0.4,0.25,True,soft,0.85,0.45,True,0.7,,0.2,5,0.6,0.6,0.06,0.35,0.02,15.0
result\past\additional=True\run_goldstein_price_20260327_145928_534228_2dc8,goldstein_price,"x1,x2",2,0,1,1,0.55,0.25,and,0.6,0.45,or,True,0.1,0.7,2.0,True,0.03,0.4,0.25,True,soft,0.85,0.45,True,0.7,,0.2,5,0.6,0.6,0.06,0.35,0.02,15.0
result\past\additional=True\run_goldstein_price_20260327_145930_164027_c9cc,goldstein_price,"x1,x2",2,0,1,1,0.55,0.25,and,0.6,0.45,or,True,0.1,0.7,2.0,True,0.03,0.4,0.25,True,soft,0.85,0.45,True,0.7,,0.2,5,0.6,0.6,0.06,0.35,0.02,15.0
result\past\additional=True\run_goldstein_price_20260327_150017_203662_58f5,goldstein_price,"x1,x2",2,0,1,1,0.55,0.25,and,0.6,0.45,or,True,0.1,0.7,2.0,True,0.03,0.4,0.25,True,soft,0.85,0.45,True,0.7,,0.2,5,0.6,0.6,0.06,0.35,0.02,15.0
result\past\additional=True\run_goldstein_price_20260327_150027_692869_15d6,goldstein_price,"x1,x2",2,0,1,1,0.55,0.25,and,0.6,0.45,or,True,0.1,0.7,2.0,True,0.03,0.4,0.25,True,soft,0.85,0.45,True,0.7,,0.2,5,0.6,0.6,0.06,0.35,0.02,15.0
result\past\additional=True\run_goldstein_price_20260327_150055_896843_4d93,goldstein_price,"x1,x2",2,0,1,1,0.55,0.25,and,0.6,0.45,or,True,0.1,0.7,2.0,True,0.03,0.4,0.25,True,soft,0.85,0.45,True,0.7,,0.2,5,0.6,0.6,0.06,0.35,0.02,15.0
result\past\additional=True\run_goldstein_price_20260327_150140_790072_9291,goldstein_price,"x1,x2",2,0,1,1,0.55,0.25,and,0.6,0.45,or,True,0.1,0.7,2.0,True,0.03,0.4,0.25,True,soft,0.85,0.45,True,0.7,,0.2,5,0.6,0.6,0.06,0.35,0.02,15.0
result\past\additional=True\run_goldstein_price_20260327_150144_543617_cdaa,goldstein_price,"x1,x2",2,0,1,1,0.55,0.25,and,0.6,0.45,or,True,0.1,0.7,2.0,True,0.03,0.4,0.25,True,soft,0.85,0.45,True,0.7,,0.2,5,0.6,0.6,0.06,0.35,0.02,15.0
result\past\additional=True\run_goldstein_price_20260327_150224_855117_2c97,goldstein_price,"x1,x2",2,0,1,1,0.55,0.25,and,0.6,0.45,or,True,0.1,0.7,2.0,True,0.03,0.4,0.25,True,soft,0.85,0.45,True,0.7,,0.2,5,0.6,0.6,0.06,0.35,0.02,15.0
result\past\additional=True\run_goldstein_price_20260327_150235_189092_06de,goldstein_price,"x1,x2",2,0,1,1,0.55,0.25,and,0.6,0.45,or,True,0.1,0.7,2.0,True,0.03,0.4,0.25,True,soft,0.85,0.45,True,0.7,,0.2,5,0.6,0.6,0.06,0.35,0.02,15.0
result\past\additional=True\run_goldstein_price_20260327_150337_937414_08fa,goldstein_price,"d3,x1,x2",3,1,0,1,0.55,0.25,and,0.6,0.45,or,True,0.1,0.7,2.0,True,0.03,0.4,0.25,True,soft,0.85,0.45,True,0.7,,0.2,5,0.6,0.6,0.06,0.35,0.02,15.0
result\past\additional=True\run_goldstein_price_20260327_150440_796337_d4ac,goldstein_price,"x1,x2",2,0,1,1,0.55,0.25,and,0.6,0.45,or,True,0.1,0.7,2.0,True,0.03,0.4,0.25,True,soft,0.85,0.45,True,0.7,,0.2,5,0.6,0.6,0.06,0.35,0.02,15.0
result\past\additional=True\run_goldstein_price_20260327_150527_982197_d34d,goldstein_price,"x1,x2",2,0,1,1,0.55,0.25,and,0.6,0.45,or,True,0.1,0.7,2.0,True,0.03,0.4,0.25,True,soft,0.85,0.45,True,0.7,,0.2,5,0.6,0.6,0.06,0.35,0.02,15.0
result\past\additional=True\run_goldstein_price_20260327_150619_878373_5d82,goldstein_price,"x1,x2",2,0,1,1,0.55,0.25,and,0.6,0.45,or,True,0.1,0.7,2.0,True,0.03,0.4,0.25,True,soft,0.85,0.45,True,0.7,,0.2,5,0.6,0.6,0.06,0.35,0.02,15.0
result\past\additional=True\run_goldstein_price_20260327_150748_859641_6436,goldstein_price,"x1,x2",2,0,1,1,0.55,0.25,and,0.6,0.45,or,True,0.1,0.7,2.0,True,0.03,0.4,0.25,True,soft,0.85,0.45,True,0.7,,0.2,5,0.6,0.6,0.06,0.35,0.02,15.0
result\past\additional=True\run_goldstein_price_20260327_150843_525270_338c,goldstein_price,"x1,x2",2,0,1,1,0.55,0.25,and,0.6,0.45,or,True,0.1,0.7,2.0,True,0.03,0.4,0.25,True,soft,0.85,0.45,True,0.7,,0.2,5,0.6,0.6,0.06,0.35,0.02,15.0
result\past\additional=True\run_goldstein_price_20260327_150957_656303_b8e0,goldstein_price,"x1,x2",2,0,1,1,0.55,0.25,and,0.6,0.45,or,True,0.1,0.7,2.0,True,0.03,0.4,0.25,True,soft,0.85,0.45,True,0.7,,0.2,5,0.6,0.6,0.06,0.35,0.02,15.0
result\past\additional=True\run_goldstein_price_20260327_151054_671393_1c85,goldstein_price,"x1,x2",2,0,1,1,0.55,0.25,and,0.6,0.45,or,True,0.1,0.7,2.0,True,0.03,0.4,0.25,True,soft,0.85,0.45,True,0.7,,0.2,5,0.6,0.6,0.06,0.35,0.02,15.0
result\past\additional=True\run_goldstein_price_20260327_151150_991236_5ab6,goldstein_price,"x1,x2",2,0,1,1,0.55,0.25,and,0.6,0.45,or,True,0.1,0.7,2.0,True,0.03,0.4,0.25,True,soft,0.85,0.45,True,0.7,,0.2,5,0.6,0.6,0.06,0.35,0.02,15.0
result\past\additional=True\run_goldstein_price_20260327_151308_236269_c12d,goldstein_price,"x1,x2",2,0,1,1,0.55,0.25,and,0.6,0.45,or,True,0.1,0.7,2.0,True,0.03,0.4,0.25,True,soft,0.85,0.45,True,0.7,,0.2,5,0.6,0.6,0.06,0.35,0.02,15.0
result\past\additional=True\run_goldstein_price_20260327_151409_390822_c184,goldstein_price,"x1,x2",2,0,1,1,0.55,0.25,and,0.6,0.45,or,True,0.1,0.7,2.0,True,0.03,0.4,0.25,True,soft,0.85,0.45,True,0.7,,0.2,5,0.6,0.6,0.06,0.35,0.02,15.0
result\past\additional=True\run_goldstein_price_20260327_151535_222788_d08e,goldstein_price,"x1,x2",2,0,1,1,0.55,0.25,and,0.6,0.45,or,True,0.1,0.7,2.0,True,0.03,0.4,0.25,True,soft,0.85,0.45,True,0.7,,0.2,5,0.6,0.6,0.06,0.35,0.02,15.0
result\past\additional=True\run_goldstein_price_20260327_151628_273645_381b,goldstein_price,"x1,x2",2,0,1,1,0.55,0.25,and,0.6,0.45,or,True,0.1,0.7,2.0,True,0.03,0.4,0.25,True,soft,0.85,0.45,True,0.7,,0.2,5,0.6,0.6,0.06,0.35,0.02,15.0
result\past\additional=True\run_goldstein_price_20260327_151716_157529_fdbb,goldstein_price,"x1,x2",2,0,1,1,0.55,0.25,and,0.6,0.45,or,True,0.1,0.7,2.0,True,0.03,0.4,0.25,True,soft,0.85,0.45,True,0.7,,0.2,5,0.6,0.6,0.06,0.35,0.02,15.0
result\past\additional=True\run_goldstein_price_20260327_151821_179193_1413,goldstein_price,"x1,x2",2,0,1,1,0.55,0.25,and,0.6,0.45,or,True,0.1,0.7,2.0,True,0.03,0.4,0.25,True,soft,0.85,0.45,True,0.7,,0.2,5,0.6,0.6,0.06,0.35,0.02,15.0
result\past\additional=True\run_goldstein_price_20260327_151913_620220_1aee,goldstein_price,"x1,x2",2,0,1,1,0.55,0.25,and,0.6,0.45,or,True,0.1,0.7,2.0,True,0.03,0.4,0.25,True,soft,0.85,0.45,True,0.7,,0.2,5,0.6,0.6,0.06,0.35,0.02,15.0
result\past\additional=True\run_goldstein_price_20260327_152013_033117_da76,goldstein_price,"x1,x2",2,0,1,1,0.55,0.25,and,0.6,0.45,or,True,0.1,0.7,2.0,True,0.03,0.4,0.25,True,soft,0.85,0.45,True,0.7,,0.2,5,0.6,0.6,0.06,0.35,0.02,15.0
result\past\additional=True\run_goldstein_price_20260327_152119_974398_addb,goldstein_price,"x1,x2",2,0,1,1,0.55,0.25,and,0.6,0.45,or,True,0.1,0.7,2.0,True,0.03,0.4,0.25,True,soft,0.85,0.45,True,0.7,,0.2,5,0.6,0.6,0.06,0.35,0.02,15.0
result\past\additional=True\run_goldstein_price_20260327_152214_822815_f7d2,goldstein_price,"x1,x2",2,0,1,1,0.55,0.25,and,0.6,0.45,or,True,0.1,0.7,2.0,True,0.03,0.4,0.25,True,soft,0.85,0.45,True,0.7,,0.2,5,0.6,0.6,0.06,0.35,0.02,15.0
result\past\additional=True\run_goldstein_price_20260327_152324_992783_7825,goldstein_price,"x1,x2",2,0,1,1,0.55,0.25,and,0.6,0.45,or,True,0.1,0.7,2.0,True,0.03,0.4,0.25,True,soft,0.85,0.45,True,0.7,,0.2,5,0.6,0.6,0.06,0.35,0.02,15.0
result\past\additional=True\run_goldstein_price_20260327_152453_291812_cbe4,goldstein_price,"x1,x2",2,0,1,1,0.55,0.25,and,0.6,0.45,or,True,0.1,0.7,2.0,True,0.03,0.4,0.25,True,soft,0.85,0.45,True,0.7,,0.2,5,0.6,0.6,0.06,0.35,0.02,15.0
result\past\additional=True\run_goldstein_price_20260327_152536_350189_b56e,goldstein_price,"x1,x2",2,0,1,1,0.55,0.25,and,0.6,0.45,or,True,0.1,0.7,2.0,True,0.03,0.4,0.25,True,soft,0.85,0.45,True,0.7,,0.2,5,0.6,0.6,0.06,0.35,0.02,15.0
result\past\additional=True\run_goldstein_price_20260327_152623_202813_6659,goldstein_price,"x1,x2",2,0,1,1,0.55,0.25,and,0.6,0.45,or,True,0.1,0.7,2.0,True,0.03,0.4,0.25,True,soft,0.85,0.45,True,0.7,,0.2,5,0.6,0.6,0.06,0.35,0.02,15.0
result\past\additional=True\run_goldstein_price_20260327_152734_078155_6326,goldstein_price,"x1,x2",2,0,1,1,0.55,0.25,and,0.6,0.45,or,True,0.1,0.7,2.0,True,0.03,0.4,0.25,True,soft,0.85,0.45,True,0.7,,0.2,5,0.6,0.6,0.06,0.35,0.02,15.0
result\past\additional=True\run_goldstein_price_20260327_152853_785048_150a,goldstein_price,"x1,x2",2,0,1,1,0.55,0.25,and,0.6,0.45,or,True,0.1,0.7,2.0,True,0.03,0.4,0.25,True,soft,0.85,0.45,True,0.7,,0.2,5,0.6,0.6,0.06,0.35,0.02,15.0
result\past\additional=True\run_goldstein_price_20260327_153028_494915_67ee,goldstein_price,"x1,x2",2,0,1,1,0.55,0.25,and,0.6,0.45,or,True,0.1,0.7,2.0,True,0.03,0.4,0.25,True,soft,0.85,0.45,True,0.7,,0.2,5,0.6,0.6,0.06,0.35,0.02,15.0
result\past\additional=True\run_goldstein_price_20260327_153135_758928_f82c,goldstein_price,"x1,x2",2,0,1,1,0.55,0.25,and,0.6,0.45,or,True,0.1,0.7,2.0,True,0.03,0.4,0.25,True,soft,0.85,0.45,True,0.7,,0.2,5,0.6,0.6,0.06,0.35,0.02,15.0
result\past\additional=True\run_goldstein_price_20260327_153246_986350_de6d,goldstein_price,"x1,x2",2,0,1,1,0.55,0.25,and,0.6,0.45,or,True,0.1,0.7,2.0,True,0.03,0.4,0.25,True,soft,0.85,0.45,True,0.7,,0.2,5,0.6,0.6,0.06,0.35,0.02,15.0
result\past\additional=True\run_goldstein_price_20260330_160016_560717_0f8b,goldstein_price,x2,1,0,0,0,0.55,0.25,and,0.6,0.42,or,True,0.1,0.65,2.0,True,0.03,0.55,0.25,True,soft,0.85,0.45,True,0.8,,0.2,5,0.6,0.6,0.06,0.35,0.02,15.0
result\past\additional=True\run_goldstein_price_20260330_160108_940642_d0ec,goldstein_price,"x1,x2",2,0,1,1,0.55,0.25,and,0.6,0.42,or,True,0.1,0.65,2.0,True,0.03,0.55,0.25,True,soft,0.85,0.45,True,0.8,,0.2,5,0.6,0.6,0.06,0.35,0.02,15.0
result\past\additional=True\run_goldstein_price_20260330_160200_980964_e9df,goldstein_price,"x1,x2",2,0,1,1,0.55,0.25,and,0.6,0.42,or,True,0.1,0.65,2.0,True,0.03,0.55,0.25,True,soft,0.85,0.45,True,0.8,,0.2,5,0.6,0.6,0.06,0.35,0.02,15.0
result\past\additional=True\run_goldstein_price_20260330_160249_599029_b391,goldstein_price,"x1,x2",2,0,1,1,0.55,0.25,and,0.6,0.42,or,True,0.1,0.65,2.0,True,0.03,0.55,0.25,True,soft,0.85,0.45,True,0.8,,0.2,5,0.6,0.6,0.06,0.35,0.02,15.0
result\past\additional=True\run_goldstein_price_20260330_160351_247969_bd29,goldstein_price,"x1,x2",2,0,1,1,0.55,0.25,and,0.6,0.42,or,True,0.1,0.65,2.0,True,0.03,0.55,0.25,True,soft,0.85,0.45,True,0.8,,0.2,5,0.6,0.6,0.06,0.35,0.02,15.0
result\past\additional=True\run_goldstein_price_20260330_160444_757814_263a,goldstein_price,"x1,x2",2,0,1,1,0.55,0.25,and,0.6,0.42,or,True,0.1,0.65,2.0,True,0.03,0.55,0.25,True,soft,0.85,0.45,True,0.8,,0.2,5,0.6,0.6,0.06,0.35,0.02,15.0
result\past\additional=True\run_goldstein_price_20260330_160526_715709_c3aa,goldstein_price,"x1,x2",2,0,1,1,0.55,0.25,and,0.6,0.42,or,True,0.1,0.65,2.0,True,0.03,0.55,0.25,True,soft,0.85,0.45,True,0.8,,0.2,5,0.6,0.6,0.06,0.35,0.02,15.0
result\past\additional=True\run_goldstein_price_20260330_160614_800121_7c80,goldstein_price,"x1,x2",2,0,1,1,0.55,0.25,and,0.6,0.42,or,True,0.1,0.65,2.0,True,0.03,0.55,0.25,True,soft,0.85,0.45,True,0.8,,0.2,5,0.6,0.6,0.06,0.35,0.02,15.0
result\past\additional=True\run_goldstein_price_20260330_160709_219312_1936,goldstein_price,"x1,x2",2,0,1,1,0.55,0.25,and,0.6,0.42,or,True,0.1,0.65,2.0,True,0.03,0.55,0.25,True,soft,0.85,0.45,True,0.8,,0.2,5,0.6,0.6,0.06,0.35,0.02,15.0
result\past\additional=True\run_goldstein_price_20260330_160800_309099_2af3,goldstein_price,"x1,x2",2,0,1,1,0.55,0.25,and,0.6,0.42,or,True,0.1,0.65,2.0,True,0.03,0.55,0.25,True,soft,0.85,0.45,True,0.8,,0.2,5,0.6,0.6,0.06,0.35,0.02,15.0
result\past\additional=True\run_goldstein_price_20260330_160846_207885_0a25,goldstein_price,"x1,x2",2,0,1,1,0.55,0.25,and,0.6,0.42,or,True,0.1,0.65,2.0,True,0.03,0.55,0.25,True,soft,0.85,0.45,True,0.8,,0.2,5,0.6,0.6,0.06,0.35,0.02,15.0
result\past\additional=True\run_goldstein_price_20260330_160928_018025_8553,goldstein_price,"x1,x2",2,0,1,1,0.55,0.25,and,0.6,0.42,or,True,0.1,0.65,2.0,True,0.03,0.55,0.25,True,soft,0.85,0.45,True,0.8,,0.2,5,0.6,0.6,0.06,0.35,0.02,15.0
result\past\additional=True\run_goldstein_price_20260330_161017_513752_e9d7,goldstein_price,"x1,x2",2,0,1,1,0.55,0.25,and,0.6,0.42,or,True,0.1,0.65,2.0,True,0.03,0.55,0.25,True,soft,0.85,0.45,True,0.8,,0.2,5,0.6,0.6,0.06,0.35,0.02,15.0
result\past\additional=True\run_goldstein_price_20260330_161056_837530_9e9f,goldstein_price,"x1,x2",2,0,1,1,0.55,0.25,and,0.6,0.42,or,True,0.1,0.65,2.0,True,0.03,0.55,0.25,True,soft,0.85,0.45,True,0.8,,0.2,5,0.6,0.6,0.06,0.35,0.02,15.0
result\past\additional=True\run_goldstein_price_20260330_161138_144789_767e,goldstein_price,"x1,x2",2,0,1,1,0.55,0.25,and,0.6,0.42,or,True,0.1,0.65,2.0,True,0.03,0.55,0.25,True,soft,0.85,0.45,True,0.8,,0.2,5,0.6,0.6,0.06,0.35,0.02,15.0
result\past\additional=True\run_goldstein_price_20260330_161228_918253_39eb,goldstein_price,"x1,x2",2,0,1,1,0.55,0.25,and,0.6,0.42,or,True,0.1,0.65,2.0,True,0.03,0.55,0.25,True,soft,0.85,0.45,True,0.8,,0.2,5,0.6,0.6,0.06,0.35,0.02,15.0
result\past\additional=True\run_goldstein_price_20260330_161308_813470_fdd5,goldstein_price,"x1,x2",2,0,1,1,0.55,0.25,and,0.6,0.42,or,True,0.1,0.65,2.0,True,0.03,0.55,0.25,True,soft,0.85,0.45,True,0.8,,0.2,5,0.6,0.6,0.06,0.35,0.02,15.0
result\past\additional=True\run_goldstein_price_20260330_161356_002799_b852,goldstein_price,"x1,x2",2,0,1,1,0.55,0.25,and,0.6,0.42,or,True,0.1,0.65,2.0,True,0.03,0.55,0.25,True,soft,0.85,0.45,True,0.8,,0.2,5,0.6,0.6,0.06,0.35,0.02,15.0
result\past\additional=True\run_goldstein_price_20260330_161438_571838_2d3a,goldstein_price,"x1,x2",2,0,1,1,0.55,0.25,and,0.6,0.42,or,True,0.1,0.65,2.0,True,0.03,0.55,0.25,True,soft,0.85,0.45,True,0.8,,0.2,5,0.6,0.6,0.06,0.35,0.02,15.0
result\past\additional=True\run_goldstein_price_20260330_161525_335719_e808,goldstein_price,"x1,x2",2,0,1,1,0.55,0.25,and,0.6,0.42,or,True,0.1,0.65,2.0,True,0.03,0.55,0.25,True,soft,0.85,0.45,True,0.8,,0.2,5,0.6,0.6,0.06,0.35,0.02,15.0
result\past\additional=True\run_goldstein_price_20260330_161606_395108_4c25,goldstein_price,"x1,x2",2,0,1,1,0.55,0.25,and,0.6,0.42,or,True,0.1,0.65,2.0,True,0.03,0.55,0.25,True,soft,0.85,0.45,True,0.8,,0.2,5,0.6,0.6,0.06,0.35,0.02,15.0
result\past\additional=True\run_goldstein_price_20260330_161646_503075_d792,goldstein_price,"x1,x2",2,0,1,1,0.55,0.25,and,0.6,0.42,or,True,0.1,0.65,2.0,True,0.03,0.55,0.25,True,soft,0.85,0.45,True,0.8,,0.2,5,0.6,0.6,0.06,0.35,0.02,15.0
result\past\additional=True\run_goldstein_price_20260330_161730_562729_0d07,goldstein_price,"x1,x2",2,0,1,1,0.55,0.25,and,0.6,0.42,or,True,0.1,0.65,2.0,True,0.03,0.55,0.25,True,soft,0.85,0.45,True,0.8,,0.2,5,0.6,0.6,0.06,0.35,0.02,15.0
result\past\additional=True\run_goldstein_price_20260330_161810_222918_1229,goldstein_price,"x1,x2",2,0,1,1,0.55,0.25,and,0.6,0.42,or,True,0.1,0.65,2.0,True,0.03,0.55,0.25,True,soft,0.85,0.45,True,0.8,,0.2,5,0.6,0.6,0.06,0.35,0.02,15.0
result\past\additional=True\run_goldstein_price_20260330_161848_693259_ac0f,goldstein_price,"x1,x2",2,0,1,1,0.55,0.25,and,0.6,0.42,or,True,0.1,0.65,2.0,True,0.03,0.55,0.25,True,soft,0.85,0.45,True,0.8,,0.2,5,0.6,0.6,0.06,0.35,0.02,15.0
result\past\additional=True\run_goldstein_price_20260330_161929_135133_9dfc,goldstein_price,"x1,x2",2,0,1,1,0.55,0.25,and,0.6,0.42,or,True,0.1,0.65,2.0,True,0.03,0.55,0.25,True,soft,0.85,0.45,True,0.8,,0.2,5,0.6,0.6,0.06,0.35,0.02,15.0
result\past\additional=True\run_goldstein_price_20260330_162025_374914_b5d7,goldstein_price,"x1,x2",2,0,1,1,0.55,0.25,and,0.6,0.42,or,True,0.1,0.65,2.0,True,0.03,0.55,0.25,True,soft,0.85,0.45,True,0.8,,0.2,5,0.6,0.6,0.06,0.35,0.02,15.0
result\past\additional=True\run_goldstein_price_20260330_162109_893438_0560,goldstein_price,"x1,x2",2,0,1,1,0.55,0.25,and,0.6,0.42,or,True,0.1,0.65,2.0,True,0.03,0.55,0.25,True,soft,0.85,0.45,True,0.8,,0.2,5,0.6,0.6,0.06,0.35,0.02,15.0
result\past\additional=True\run_goldstein_price_20260330_162204_820988_e620,goldstein_price,"x1,x2",2,0,1,1,0.55,0.25,and,0.6,0.42,or,True,0.1,0.65,2.0,True,0.03,0.55,0.25,True,soft,0.85,0.45,True,0.8,,0.2,5,0.6,0.6,0.06,0.35,0.02,15.0
result\past\additional=True\run_goldstein_price_20260330_162251_042214_ecf7,goldstein_price,"x1,x2",2,0,1,1,0.55,0.25,and,0.6,0.42,or,True,0.1,0.65,2.0,True,0.03,0.55,0.25,True,soft,0.85,0.45,True,0.8,,0.2,5,0.6,0.6,0.06,0.35,0.02,15.0
result\past\additional=True\run_goldstein_price_20260330_162333_168277_f56b,goldstein_price,"x1,x2",2,0,1,1,0.55,0.25,and,0.6,0.42,or,True,0.1,0.65,2.0,True,0.03,0.55,0.25,True,soft,0.85,0.45,True,0.8,,0.2,5,0.6,0.6,0.06,0.35,0.02,15.0
result\past\additional=True\run_goldstein_price_20260330_162428_266250_ca98,goldstein_price,"x1,x2",2,0,1,1,0.55,0.25,and,0.6,0.42,or,True,0.1,0.65,2.0,True,0.03,0.55,0.25,True,soft,0.85,0.45,True,0.8,,0.2,5,0.6,0.6,0.06,0.35,0.02,15.0
result\past\additional=True\run_goldstein_price_20260330_162515_271342_b637,goldstein_price,"x1,x2",2,0,1,1,0.55,0.25,and,0.6,0.42,or,True,0.1,0.65,2.0,True,0.03,0.55,0.25,True,soft,0.85,0.45,True,0.8,,0.2,5,0.6,0.6,0.06,0.35,0.02,15.0
result\past\additional=True\run_goldstein_price_20260330_162612_366266_c9d5,goldstein_price,"x1,x2",2,0,1,1,0.55,0.25,and,0.6,0.42,or,True,0.1,0.65,2.0,True,0.03,0.55,0.25,True,soft,0.85,0.45,True,0.8,,0.2,5,0.6,0.6,0.06,0.35,0.02,15.0
result\past\additional=True\run_goldstein_price_20260330_162652_609128_9ad2,goldstein_price,"x1,x2",2,0,1,1,0.55,0.25,and,0.6,0.42,or,True,0.1,0.65,2.0,True,0.03,0.55,0.25,True,soft,0.85,0.45,True,0.8,,0.2,5,0.6,0.6,0.06,0.35,0.02,15.0
result\past\additional=True\run_goldstein_price_20260330_162733_380036_f565,goldstein_price,"x1,x2",2,0,1,1,0.55,0.25,and,0.6,0.42,or,True,0.1,0.65,2.0,True,0.03,0.55,0.25,True,soft,0.85,0.45,True,0.8,,0.2,5,0.6,0.6,0.06,0.35,0.02,15.0
result\past\additional=True\run_goldstein_price_20260330_162818_691612_f017,goldstein_price,"x1,x2",2,0,1,1,0.55,0.25,and,0.6,0.42,or,True,0.1,0.65,2.0,True,0.03,0.55,0.25,True,soft,0.85,0.45,True,0.8,,0.2,5,0.6,0.6,0.06,0.35,0.02,15.0
result\past\additional=True\run_goldstein_price_20260330_162908_949998_d261,goldstein_price,"x1,x2",2,0,1,1,0.55,0.25,and,0.6,0.42,or,True,0.1,0.65,2.0,True,0.03,0.55,0.25,True,soft,0.85,0.45,True,0.8,,0.2,5,0.6,0.6,0.06,0.35,0.02,15.0
result\past\additional=True\run_goldstein_price_20260330_162958_442145_1a8f,goldstein_price,"x1,x2",2,0,1,1,0.55,0.25,and,0.6,0.42,or,True,0.1,0.65,2.0,True,0.03,0.55,0.25,True,soft,0.85,0.45,True,0.8,,0.2,5,0.6,0.6,0.06,0.35,0.02,15.0
result\past\additional=True\run_goldstein_price_20260330_163039_016936_7db9,goldstein_price,"x1,x2",2,0,1,1,0.55,0.25,and,0.6,0.42,or,True,0.1,0.65,2.0,True,0.03,0.55,0.25,True,soft,0.85,0.45,True,0.8,,0.2,5,0.6,0.6,0.06,0.35,0.02,15.0
result\past\additional=True\run_goldstein_price_20260330_163126_232620_1156,goldstein_price,"x1,x2",2,0,1,1,0.55,0.25,and,0.6,0.42,or,True,0.1,0.65,2.0,True,0.03,0.55,0.25,True,soft,0.85,0.45,True,0.8,,0.2,5,0.6,0.6,0.06,0.35,0.02,15.0
result\past\additional=True\run_goldstein_price_20260330_163210_066350_3c8e,goldstein_price,"x1,x2",2,0,1,1,0.55,0.25,and,0.6,0.42,or,True,0.1,0.65,2.0,True,0.03,0.55,0.25,True,soft,0.85,0.45,True,0.8,,0.2,5,0.6,0.6,0.06,0.35,0.02,15.0
result\past\additional=True\run_goldstein_price_20260330_163257_967117_3a97,goldstein_price,"x1,x2",2,0,1,1,0.55,0.25,and,0.6,0.42,or,True,0.1,0.65,2.0,True,0.03,0.55,0.25,True,soft,0.85,0.45,True,0.8,,0.2,5,0.6,0.6,0.06,0.35,0.02,15.0
result\past\additional=True\run_goldstein_price_20260330_163340_666132_e557,goldstein_price,"x1,x2",2,0,1,1,0.55,0.25,and,0.6,0.42,or,True,0.1,0.65,2.0,True,0.03,0.55,0.25,True,soft,0.85,0.45,True,0.8,,0.2,5,0.6,0.6,0.06,0.35,0.02,15.0
result\past\additional=True\run_goldstein_price_20260330_163418_797750_8569,goldstein_price,"x1,x2",2,0,1,1,0.55,0.25,and,0.6,0.42,or,True,0.1,0.65,2.0,True,0.03,0.55,0.25,True,soft,0.85,0.45,True,0.8,,0.2,5,0.6,0.6,0.06,0.35,0.02,15.0
result\past\additional=True\run_goldstein_price_20260330_163505_211308_fe76,goldstein_price,"x1,x2",2,0,1,1,0.55,0.25,and,0.6,0.42,or,True,0.1,0.65,2.0,True,0.03,0.55,0.25,True,soft,0.85,0.45,True,0.8,,0.2,5,0.6,0.6,0.06,0.35,0.02,15.0
result\past\additional=True\run_goldstein_price_20260330_163551_579312_1061,goldstein_price,"x1,x2",2,0,1,1,0.55,0.25,and,0.6,0.42,or,True,0.1,0.65,2.0,True,0.03,0.55,0.25,True,soft,0.85,0.45,True,0.8,,0.2,5,0.6,0.6,0.06,0.35,0.02,15.0
result\past\additional=True\run_goldstein_price_20260330_163630_208980_5135,goldstein_price,"x1,x2",2,0,1,1,0.55,0.25,and,0.6,0.42,or,True,0.1,0.65,2.0,True,0.03,0.55,0.25,True,soft,0.85,0.45,True,0.8,,0.2,5,0.6,0.6,0.06,0.35,0.02,15.0
result\past\additional=True\run_goldstein_price_20260330_163718_857482_0d62,goldstein_price,"x1,x2",2,0,1,1,0.55,0.25,and,0.6,0.42,or,True,0.1,0.65,2.0,True,0.03,0.55,0.25,True,soft,0.85,0.45,True,0.8,,0.2,5,0.6,0.6,0.06,0.35,0.02,15.0
result\past\additional=True\run_goldstein_price_20260330_163808_433565_5abf,goldstein_price,"x1,x2",2,0,1,1,0.55,0.25,and,0.6,0.42,or,True,0.1,0.65,2.0,True,0.03,0.55,0.25,True,soft,0.85,0.45,True,0.8,,0.2,5,0.6,0.6,0.06,0.35,0.02,15.0
result\past\additional=True\run_goldstein_price_20260331_092636_604830_a335,goldstein_price,x2,1,0,0,0,0.55,0.25,and,0.6,0.42,or,True,0.1,0.65,2.0,True,0.03,0.55,0.25,True,soft,0.85,0.45,True,0.8,,0.2,5,0.6,0.6,0.06,0.35,0.02,15.0
result\past\additional=True\run_goldstein_price_20260331_092729_252407_19f6,goldstein_price,"x1,x2",2,0,1,1,0.55,0.25,and,0.6,0.42,or,True,0.1,0.65,2.0,True,0.03,0.55,0.25,True,soft,0.85,0.45,True,0.8,,0.2,5,0.6,0.6,0.06,0.35,0.02,15.0
result\past\additional=True\run_goldstein_price_20260331_092821_359300_50b3,goldstein_price,"x1,x2",2,0,1,1,0.55,0.25,and,0.6,0.42,or,True,0.1,0.65,2.0,True,0.03,0.55,0.25,True,soft,0.85,0.45,True,0.8,,0.2,5,0.6,0.6,0.06,0.35,0.02,15.0
result\past\additional=True\run_goldstein_price_20260331_092909_730845_839f,goldstein_price,"x1,x2",2,0,1,1,0.55,0.25,and,0.6,0.42,or,True,0.1,0.65,2.0,True,0.03,0.55,0.25,True,soft,0.85,0.45,True,0.8,,0.2,5,0.6,0.6,0.06,0.35,0.02,15.0
result\past\additional=True\run_goldstein_price_20260331_093011_323651_7932,goldstein_price,"x1,x2",2,0,1,1,0.55,0.25,and,0.6,0.42,or,True,0.1,0.65,2.0,True,0.03,0.55,0.25,True,soft,0.85,0.45,True,0.8,,0.2,5,0.6,0.6,0.06,0.35,0.02,15.0
result\past\additional=True\run_goldstein_price_20260331_093105_302855_0aa5,goldstein_price,"x1,x2",2,0,1,1,0.55,0.25,and,0.6,0.42,or,True,0.1,0.65,2.0,True,0.03,0.55,0.25,True,soft,0.85,0.45,True,0.8,,0.2,5,0.6,0.6,0.06,0.35,0.02,15.0
result\past\additional=True\run_goldstein_price_20260331_093148_243802_6f8f,goldstein_price,"x1,x2",2,0,1,1,0.55,0.25,and,0.6,0.42,or,True,0.1,0.65,2.0,True,0.03,0.55,0.25,True,soft,0.85,0.45,True,0.8,,0.2,5,0.6,0.6,0.06,0.35,0.02,15.0
result\past\additional=True\run_goldstein_price_20260331_093236_405105_a0d5,goldstein_price,"x1,x2",2,0,1,1,0.55,0.25,and,0.6,0.42,or,True,0.1,0.65,2.0,True,0.03,0.55,0.25,True,soft,0.85,0.45,True,0.8,,0.2,5,0.6,0.6,0.06,0.35,0.02,15.0
result\past\additional=True\run_goldstein_price_20260331_093329_686594_0582,goldstein_price,"x1,x2",2,0,1,1,0.55,0.25,and,0.6,0.42,or,True,0.1,0.65,2.0,True,0.03,0.55,0.25,True,soft,0.85,0.45,True,0.8,,0.2,5,0.6,0.6,0.06,0.35,0.02,15.0
result\past\additional=True\run_goldstein_price_20260331_093420_767543_a544,goldstein_price,"x1,x2",2,0,1,1,0.55,0.25,and,0.6,0.42,or,True,0.1,0.65,2.0,True,0.03,0.55,0.25,True,soft,0.85,0.45,True,0.8,,0.2,5,0.6,0.6,0.06,0.35,0.02,15.0
result\past\additional=True\run_goldstein_price_20260331_093507_089961_6964,goldstein_price,"x1,x2",2,0,1,1,0.55,0.25,and,0.6,0.42,or,True,0.1,0.65,2.0,True,0.03,0.55,0.25,True,soft,0.85,0.45,True,0.8,,0.2,5,0.6,0.6,0.06,0.35,0.02,15.0
result\past\additional=True\run_goldstein_price_20260331_093549_145618_c5c2,goldstein_price,"x1,x2",2,0,1,1,0.55,0.25,and,0.6,0.42,or,True,0.1,0.65,2.0,True,0.03,0.55,0.25,True,soft,0.85,0.45,True,0.8,,0.2,5,0.6,0.6,0.06,0.35,0.02,15.0
result\past\additional=True\run_goldstein_price_20260331_093639_745289_287f,goldstein_price,"x1,x2",2,0,1,1,0.55,0.25,and,0.6,0.42,or,True,0.1,0.65,2.0,True,0.03,0.55,0.25,True,soft,0.85,0.45,True,0.8,,0.2,5,0.6,0.6,0.06,0.35,0.02,15.0
result\past\additional=True\run_goldstein_price_20260331_093719_090872_00d0,goldstein_price,"x1,x2",2,0,1,1,0.55,0.25,and,0.6,0.42,or,True,0.1,0.65,2.0,True,0.03,0.55,0.25,True,soft,0.85,0.45,True,0.8,,0.2,5,0.6,0.6,0.06,0.35,0.02,15.0
result\past\additional=True\run_goldstein_price_20260331_093800_719136_0460,goldstein_price,"x1,x2",2,0,1,1,0.55,0.25,and,0.6,0.42,or,True,0.1,0.65,2.0,True,0.03,0.55,0.25,True,soft,0.85,0.45,True,0.8,,0.2,5,0.6,0.6,0.06,0.35,0.02,15.0
result\past\additional=True\run_goldstein_price_20260331_093851_417228_0c71,goldstein_price,"x1,x2",2,0,1,1,0.55,0.25,and,0.6,0.42,or,True,0.1,0.65,2.0,True,0.03,0.55,0.25,True,soft,0.85,0.45,True,0.8,,0.2,5,0.6,0.6,0.06,0.35,0.02,15.0
result\past\additional=True\run_goldstein_price_20260331_093931_404202_a22e,goldstein_price,"x1,x2",2,0,1,1,0.55,0.25,and,0.6,0.42,or,True,0.1,0.65,2.0,True,0.03,0.55,0.25,True,soft,0.85,0.45,True,0.8,,0.2,5,0.6,0.6,0.06,0.35,0.02,15.0
result\past\additional=True\run_goldstein_price_20260331_094018_815861_64c2,goldstein_price,"x1,x2",2,0,1,1,0.55,0.25,and,0.6,0.42,or,True,0.1,0.65,2.0,True,0.03,0.55,0.25,True,soft,0.85,0.45,True,0.8,,0.2,5,0.6,0.6,0.06,0.35,0.02,15.0
result\past\additional=True\run_goldstein_price_20260331_094101_334714_e704,goldstein_price,"x1,x2",2,0,1,1,0.55,0.25,and,0.6,0.42,or,True,0.1,0.65,2.0,True,0.03,0.55,0.25,True,soft,0.85,0.45,True,0.8,,0.2,5,0.6,0.6,0.06,0.35,0.02,15.0
result\past\additional=True\run_goldstein_price_20260331_094148_190282_65e8,goldstein_price,"x1,x2",2,0,1,1,0.55,0.25,and,0.6,0.42,or,True,0.1,0.65,2.0,True,0.03,0.55,0.25,True,soft,0.85,0.45,True,0.8,,0.2,5,0.6,0.6,0.06,0.35,0.02,15.0
result\past\additional=True\run_goldstein_price_20260331_094221_079340_1272,goldstein_price,"x1,x2",2,0,1,1,0.55,0.25,and,0.6,0.42,or,True,0.1,0.65,2.0,True,0.03,0.55,0.25,True,soft,0.85,0.45,True,0.8,,0.2,5,0.6,0.6,0.06,0.35,0.02,15.0
result\past\additional=True\run_goldstein_price_20260331_094229_364690_ec58,goldstein_price,"x1,x2",2,0,1,1,0.55,0.25,and,0.6,0.42,or,True,0.1,0.65,2.0,True,0.03,0.55,0.25,True,soft,0.85,0.45,True,0.8,,0.2,5,0.6,0.6,0.06,0.35,0.02,15.0
result\past\additional=True\run_goldstein_price_20260331_094309_513410_ec81,goldstein_price,"x1,x2",2,0,1,1,0.55,0.25,and,0.6,0.42,or,True,0.1,0.65,2.0,True,0.03,0.55,0.25,True,soft,0.85,0.45,True,0.8,,0.2,5,0.6,0.6,0.06,0.35,0.02,15.0
result\past\additional=True\run_goldstein_price_20260331_094326_311025_ba9d,goldstein_price,"x1,x2",2,0,1,1,0.55,0.25,and,0.6,0.42,or,True,0.1,0.65,2.0,True,0.03,0.55,0.25,True,soft,0.85,0.45,True,0.8,,0.2,5,0.6,0.6,0.06,0.35,0.02,15.0
result\past\additional=True\run_goldstein_price_20260331_094353_933177_a09e,goldstein_price,"x1,x2",2,0,1,1,0.55,0.25,and,0.6,0.42,or,True,0.1,0.65,2.0,True,0.03,0.55,0.25,True,soft,0.85,0.45,True,0.8,,0.2,5,0.6,0.6,0.06,0.35,0.02,15.0
result\past\additional=True\run_goldstein_price_20260331_094414_469733_81c0,goldstein_price,"x1,x2",2,0,1,1,0.55,0.25,and,0.6,0.42,or,True,0.1,0.65,2.0,True,0.03,0.55,0.25,True,soft,0.85,0.45,True,0.8,,0.2,5,0.6,0.6,0.06,0.35,0.02,15.0
result\past\additional=True\run_goldstein_price_20260331_094433_615860_1961,goldstein_price,"x1,x2",2,0,1,1,0.55,0.25,and,0.6,0.42,or,True,0.1,0.65,2.0,True,0.03,0.55,0.25,True,soft,0.85,0.45,True,0.8,,0.2,5,0.6,0.6,0.06,0.35,0.02,15.0
result\past\additional=True\run_goldstein_price_20260331_094512_703091_1a7a,goldstein_price,"x1,x2",2,0,1,1,0.55,0.25,and,0.6,0.42,or,True,0.1,0.65,2.0,True,0.03,0.55,0.25,True,soft,0.85,0.45,True,0.8,,0.2,5,0.6,0.6,0.06,0.35,0.02,15.0
result\past\additional=True\run_goldstein_price_20260331_094519_474859_7148,goldstein_price,"x1,x2",2,0,1,1,0.55,0.25,and,0.6,0.42,or,True,0.1,0.65,2.0,True,0.03,0.55,0.25,True,soft,0.85,0.45,True,0.8,,0.2,5,0.6,0.6,0.06,0.35,0.02,15.0
result\past\additional=True\run_goldstein_price_20260331_094553_321270_fbca,goldstein_price,"x1,x2",2,0,1,1,0.55,0.25,and,0.6,0.42,or,True,0.1,0.65,2.0,True,0.03,0.55,0.25,True,soft,0.85,0.45,True,0.8,,0.2,5,0.6,0.6,0.06,0.35,0.02,15.0
result\past\additional=True\run_goldstein_price_20260331_094628_990709_1dec,goldstein_price,"x1,x2",2,0,1,1,0.55,0.25,and,0.6,0.42,or,True,0.1,0.65,2.0,True,0.03,0.55,0.25,True,soft,0.85,0.45,True,0.8,,0.2,5,0.6,0.6,0.06,0.35,0.02,15.0
result\past\additional=True\run_goldstein_price_20260331_094649_551012_bfdf,goldstein_price,"x1,x2",2,0,1,1,0.55,0.25,and,0.6,0.42,or,True,0.1,0.65,2.0,True,0.03,0.55,0.25,True,soft,0.85,0.45,True,0.8,,0.2,5,0.6,0.6,0.06,0.35,0.02,15.0
result\past\additional=True\run_goldstein_price_20260331_094733_158556_0844,goldstein_price,"x1,x2",2,0,1,1,0.55,0.25,and,0.6,0.42,or,True,0.1,0.65,2.0,True,0.03,0.55,0.25,True,soft,0.85,0.45,True,0.8,,0.2,5,0.6,0.6,0.06,0.35,0.02,15.0
result\past\additional=True\run_goldstein_price_20260331_094734_828667_b91b,goldstein_price,"x1,x2",2,0,1,1,0.55,0.25,and,0.6,0.42,or,True,0.1,0.65,2.0,True,0.03,0.55,0.25,True,soft,0.85,0.45,True,0.8,,0.2,5,0.6,0.6,0.06,0.35,0.02,15.0
result\past\additional=True\run_goldstein_price_20260331_094830_200590_c90b,goldstein_price,"x1,x2",2,0,1,1,0.55,0.25,and,0.6,0.42,or,True,0.1,0.65,2.0,True,0.03,0.55,0.25,True,soft,0.85,0.45,True,0.8,,0.2,5,0.6,0.6,0.06,0.35,0.02,15.0
result\past\additional=True\run_goldstein_price_20260331_094831_909017_4323,goldstein_price,"x1,x2",2,0,1,1,0.55,0.25,and,0.6,0.42,or,True,0.1,0.65,2.0,True,0.03,0.55,0.25,True,soft,0.85,0.45,True,0.8,,0.2,5,0.6,0.6,0.06,0.35,0.02,15.0
result\past\additional=True\run_goldstein_price_20260331_094918_191873_dea1,goldstein_price,"x1,x2",2,0,1,1,0.55,0.25,and,0.6,0.42,or,True,0.1,0.65,2.0,True,0.03,0.55,0.25,True,soft,0.85,0.45,True,0.8,,0.2,5,0.6,0.6,0.06,0.35,0.02,15.0
result\past\additional=True\run_goldstein_price_20260331_094932_740265_2730,goldstein_price,"x1,x2",2,0,1,1,0.55,0.25,and,0.6,0.42,or,True,0.1,0.65,2.0,True,0.03,0.55,0.25,True,soft,0.85,0.45,True,0.8,,0.2,5,0.6,0.6,0.06,0.35,0.02,15.0
result\past\additional=True\run_goldstein_price_20260331_095002_730856_c4c0,goldstein_price,"x1,x2",2,0,1,1,0.55,0.25,and,0.6,0.42,or,True,0.1,0.65,2.0,True,0.03,0.55,0.25,True,soft,0.85,0.45,True,0.8,,0.2,5,0.6,0.6,0.06,0.35,0.02,15.0
result\past\additional=True\run_goldstein_price_20260331_095052_762754_9863,goldstein_price,"x1,x2",2,0,1,1,0.55,0.25,and,0.6,0.42,or,True,0.1,0.65,2.0,True,0.03,0.55,0.25,True,soft,0.85,0.45,True,0.8,,0.2,5,0.6,0.6,0.06,0.35,0.02,15.0
result\past\additional=True\run_goldstein_price_20260331_095100_900051_eb2f,goldstein_price,"x1,x2",2,0,1,1,0.55,0.25,and,0.6,0.42,or,True,0.1,0.65,2.0,True,0.03,0.55,0.25,True,soft,0.85,0.45,True,0.8,,0.2,5,0.6,0.6,0.06,0.35,0.02,15.0
result\past\additional=True\run_goldstein_price_20260331_095148_462756_79a9,goldstein_price,"x1,x2",2,0,1,1,0.55,0.25,and,0.6,0.42,or,True,0.1,0.65,2.0,True,0.03,0.55,0.25,True,soft,0.85,0.45,True,0.8,,0.2,5,0.6,0.6,0.06,0.35,0.02,15.0
result\past\additional=True\run_goldstein_price_20260331_095149_636073_d4dd,goldstein_price,"x1,x2",2,0,1,1,0.55,0.25,and,0.6,0.42,or,True,0.1,0.65,2.0,True,0.03,0.55,0.25,True,soft,0.85,0.45,True,0.8,,0.2,5,0.6,0.6,0.06,0.35,0.02,15.0
result\past\additional=True\run_goldstein_price_20260331_095249_511510_c93a,goldstein_price,"x1,x2",2,0,1,1,0.55,0.25,and,0.6,0.42,or,True,0.1,0.65,2.0,True,0.03,0.55,0.25,True,soft,0.85,0.45,True,0.8,,0.2,5,0.6,0.6,0.06,0.35,0.02,15.0
result\past\additional=True\run_goldstein_price_20260331_095257_821475_cb85,goldstein_price,"x1,x2",2,0,1,1,0.55,0.25,and,0.6,0.42,or,True,0.1,0.65,2.0,True,0.03,0.55,0.25,True,soft,0.85,0.45,True,0.8,,0.2,5,0.6,0.6,0.06,0.35,0.02,15.0
result\past\additional=True\run_goldstein_price_20260331_095331_046213_46c2,goldstein_price,"x1,x2",2,0,1,1,0.55,0.25,and,0.6,0.42,or,True,0.1,0.65,2.0,True,0.03,0.55,0.25,True,soft,0.85,0.45,True,0.8,,0.2,5,0.6,0.6,0.06,0.35,0.02,15.0
result\past\additional=True\run_goldstein_price_20260331_095407_835899_4bdd,goldstein_price,"x1,x2",2,0,1,1,0.55,0.25,and,0.6,0.42,or,True,0.1,0.65,2.0,True,0.03,0.55,0.25,True,soft,0.85,0.45,True,0.8,,0.2,5,0.6,0.6,0.06,0.35,0.02,15.0
result\past\additional=True\run_goldstein_price_20260331_095413_565755_b930,goldstein_price,"x1,x2",2,0,1,1,0.55,0.25,and,0.6,0.42,or,True,0.1,0.65,2.0,True,0.03,0.55,0.25,True,soft,0.85,0.45,True,0.8,,0.2,5,0.6,0.6,0.06,0.35,0.02,15.0
result\past\additional=True\run_goldstein_price_20260331_095452_231406_d898,goldstein_price,"x1,x2",2,0,1,1,0.55,0.25,and,0.6,0.42,or,True,0.1,0.65,2.0,True,0.03,0.55,0.25,True,soft,0.85,0.45,True,0.8,,0.2,5,0.6,0.6,0.06,0.35,0.02,15.0
result\past\additional=True\run_goldstein_price_20260331_095500_702872_1abc,goldstein_price,"x1,x2",2,0,1,1,0.55,0.25,and,0.6,0.42,or,True,0.1,0.65,2.0,True,0.03,0.55,0.25,True,soft,0.85,0.45,True,0.8,,0.2,5,0.6,0.6,0.06,0.35,0.02,15.0
result\past\additional=True\run_goldstein_price_20260331_095548_959786_c84d,goldstein_price,"x1,x2",2,0,1,1,0.55,0.25,and,0.6,0.42,or,True,0.1,0.65,2.0,True,0.03,0.55,0.25,True,soft,0.85,0.45,True,0.8,,0.2,5,0.6,0.6,0.06,0.35,0.02,15.0
result\past\additional=True\run_goldstein_price_20260331_095553_160243_2028,goldstein_price,"x1,x2",2,0,1,1,0.55,0.25,and,0.6,0.42,or,True,0.1,0.65,2.0,True,0.03,0.55,0.25,True,soft,0.85,0.45,True,0.8,,0.2,5,0.6,0.6,0.06,0.35,0.02,15.0
result\past\additional=True\run_goldstein_price_20260331_095644_318802_84f2,goldstein_price,"x1,x2",2,0,1,1,0.55,0.25,and,0.6,0.42,or,True,0.1,0.65,2.0,True,0.03,0.55,0.25,True,soft,0.85,0.45,True,0.8,,0.2,5,0.6,0.6,0.06,0.35,0.02,15.0
result\past\additional=True\run_goldstein_price_20260331_095651_561568_5b1d,goldstein_price,"x1,x2",2,0,1,1,0.55,0.25,and,0.6,0.42,or,True,0.1,0.65,2.0,True,0.03,0.55,0.25,True,soft,0.85,0.45,True,0.8,,0.2,5,0.6,0.6,0.06,0.35,0.02,15.0
result\past\additional=True\run_goldstein_price_20260331_095726_640293_c84e,goldstein_price,"x1,x2",2,0,1,1,0.55,0.25,and,0.6,0.42,or,True,0.1,0.65,2.0,True,0.03,0.55,0.25,True,soft,0.85,0.45,True,0.8,,0.2,5,0.6,0.6,0.06,0.35,0.02,15.0
result\past\additional=True\run_goldstein_price_20260331_095743_549782_84b2,goldstein_price,"x1,x2",2,0,1,1,0.55,0.25,and,0.6,0.42,or,True,0.1,0.65,2.0,True,0.03,0.55,0.25,True,soft,0.85,0.45,True,0.8,,0.2,5,0.6,0.6,0.06,0.35,0.02,15.0
result\past\additional=True\run_goldstein_price_20260331_095816_377337_687e,goldstein_price,"x1,x2",2,0,1,1,0.55,0.25,and,0.6,0.42,or,True,0.1,0.65,2.0,True,0.03,0.55,0.25,True,soft,0.85,0.45,True,0.8,,0.2,5,0.6,0.6,0.06,0.35,0.02,15.0
result\past\additional=True\run_goldstein_price_20260331_095902_259982_642e,goldstein_price,"x1,x2",2,0,1,1,0.55,0.25,and,0.6,0.42,or,True,0.1,0.65,2.0,True,0.03,0.55,0.25,True,soft,0.85,0.45,True,0.8,,0.2,5,0.6,0.6,0.06,0.35,0.02,15.0
result\past\additional=True\run_goldstein_price_20260331_095921_191424_2854,goldstein_price,"x1,x2",2,0,1,1,0.55,0.25,and,0.6,0.42,or,True,0.1,0.65,2.0,True,0.03,0.55,0.25,True,soft,0.85,0.45,True,0.8,,0.2,5,0.6,0.6,0.06,0.35,0.02,15.0
result\past\additional=True\run_goldstein_price_20260331_095952_617683_42eb,goldstein_price,"x1,x2",2,0,1,1,0.55,0.25,and,0.6,0.42,or,True,0.1,0.65,2.0,True,0.03,0.55,0.25,True,soft,0.85,0.45,True,0.8,,0.2,5,0.6,0.6,0.06,0.35,0.02,15.0
result\past\additional=True\run_goldstein_price_20260331_100037_047105_7082,goldstein_price,"x1,x2",2,0,1,1,0.55,0.25,and,0.6,0.42,or,True,0.1,0.65,2.0,True,0.03,0.55,0.25,True,soft,0.85,0.45,True,0.8,,0.2,5,0.6,0.6,0.06,0.35,0.02,15.0
result\past\additional=True\run_goldstein_price_20260331_100056_807497_756a,goldstein_price,"x1,x2",2,0,1,1,0.55,0.25,and,0.6,0.42,or,True,0.1,0.65,2.0,True,0.03,0.55,0.25,True,soft,0.85,0.45,True,0.8,,0.2,5,0.6,0.6,0.06,0.35,0.02,15.0
result\past\additional=True\run_goldstein_price_20260331_100117_466114_9744,goldstein_price,"x1,x2",2,0,1,1,0.55,0.25,and,0.6,0.42,or,True,0.1,0.65,2.0,True,0.03,0.55,0.25,True,soft,0.85,0.45,True,0.8,,0.2,5,0.6,0.6,0.06,0.35,0.02,15.0
result\past\additional=True\run_goldstein_price_20260331_100142_327438_8103,goldstein_price,"x1,x2",2,0,1,1,0.55,0.25,and,0.6,0.42,or,True,0.1,0.65,2.0,True,0.03,0.55,0.25,True,soft,0.85,0.45,True,0.8,,0.2,5,0.6,0.6,0.06,0.35,0.02,15.0
result\past\additional=True\run_goldstein_price_20260331_100205_936714_3e00,goldstein_price,"x1,x2",2,0,1,1,0.55,0.25,and,0.6,0.42,or,True,0.1,0.65,2.0,True,0.03,0.55,0.25,True,soft,0.85,0.45,True,0.8,,0.2,5,0.6,0.6,0.06,0.35,0.02,15.0
result\past\additional=True\run_goldstein_price_20260331_100244_323370_f59a,goldstein_price,"x1,x2",2,0,1,1,0.55,0.25,and,0.6,0.42,or,True,0.1,0.65,2.0,True,0.03,0.55,0.25,True,soft,0.85,0.45,True,0.8,,0.2,5,0.6,0.6,0.06,0.35,0.02,15.0
result\past\additional=True\run_goldstein_price_20260331_100254_425264_0fff,goldstein_price,"x1,x2",2,0,1,1,0.55,0.25,and,0.6,0.42,or,True,0.1,0.65,2.0,True,0.03,0.55,0.25,True,soft,0.85,0.45,True,0.8,,0.2,5,0.6,0.6,0.06,0.35,0.02,15.0
result\past\additional=True\run_goldstein_price_20260331_100335_073377_eb1f,goldstein_price,"x1,x2",2,0,1,1,0.55,0.25,and,0.6,0.42,or,True,0.1,0.65,2.0,True,0.03,0.55,0.25,True,soft,0.85,0.45,True,0.8,,0.2,5,0.6,0.6,0.06,0.35,0.02,15.0
result\past\additional=True\run_goldstein_price_20260331_100352_854084_8a97,goldstein_price,"x1,x2",2,0,1,1,0.55,0.25,and,0.6,0.42,or,True,0.1,0.65,2.0,True,0.03,0.55,0.25,True,soft,0.85,0.45,True,0.8,,0.2,5,0.6,0.6,0.06,0.35,0.02,15.0
result\past\additional=True\run_goldstein_price_20260331_100425_631493_aa72,goldstein_price,"x1,x2",2,0,1,1,0.55,0.25,and,0.6,0.42,or,True,0.1,0.65,2.0,True,0.03,0.55,0.25,True,soft,0.85,0.45,True,0.8,,0.2,5,0.6,0.6,0.06,0.35,0.02,15.0
result\past\additional=True\run_goldstein_price_20260331_100433_667614_77c1,goldstein_price,"x1,x2",2,0,1,1,0.55,0.25,and,0.6,0.42,or,True,0.1,0.65,2.0,True,0.03,0.55,0.25,True,soft,0.85,0.45,True,0.8,,0.2,5,0.6,0.6,0.06,0.35,0.02,15.0
result\past\additional=True\run_goldstein_price_20260331_100517_855709_8db8,goldstein_price,"x1,x2",2,0,1,1,0.55,0.25,and,0.6,0.42,or,True,0.1,0.65,2.0,True,0.03,0.55,0.25,True,soft,0.85,0.45,True,0.8,,0.2,5,0.6,0.6,0.06,0.35,0.02,15.0
result\past\additional=True\run_goldstein_price_20260331_100542_859043_3128,goldstein_price,"x1,x2",2,0,1,1,0.55,0.25,and,0.6,0.42,or,True,0.1,0.65,2.0,True,0.03,0.55,0.25,True,soft,0.85,0.45,True,0.8,,0.2,5,0.6,0.6,0.06,0.35,0.02,15.0
result\past\additional=True\run_goldstein_price_20260331_100646_416280_b678,goldstein_price,"x1,x2",2,0,1,1,0.55,0.25,and,0.6,0.42,or,True,0.1,0.65,2.0,True,0.03,0.55,0.25,True,soft,0.85,0.45,True,0.8,,0.2,5,0.6,0.6,0.06,0.35,0.02,15.0
result\past\additional=True\run_goldstein_price_20260331_100732_105910_8280,goldstein_price,"x1,x2",2,0,1,1,0.55,0.25,and,0.6,0.42,or,True,0.1,0.65,2.0,True,0.03,0.55,0.25,True,soft,0.85,0.45,True,0.8,,0.2,5,0.6,0.6,0.06,0.35,0.02,15.0
result\past\additional=True\run_goldstein_price_20260331_100819_827295_a6c8,goldstein_price,"x1,x2",2,0,1,1,0.55,0.25,and,0.6,0.42,or,True,0.1,0.65,2.0,True,0.03,0.55,0.25,True,soft,0.85,0.45,True,0.8,,0.2,5,0.6,0.6,0.06,0.35,0.02,15.0
result\past\additional=True\run_goldstein_price_20260331_100947_310481_ddd2,goldstein_price,"x1,x2",2,0,1,1,0.55,0.25,and,0.6,0.42,or,True,0.1,0.65,2.0,True,0.03,0.55,0.25,True,soft,0.85,0.45,True,0.8,,0.2,5,0.6,0.6,0.06,0.35,0.02,15.0
result\past\additional=True\run_goldstein_price_20260331_101054_267774_c770,goldstein_price,"x1,x2",2,0,1,1,0.55,0.25,and,0.6,0.42,or,True,0.1,0.65,2.0,True,0.03,0.55,0.25,True,soft,0.85,0.45,True,0.8,,0.2,5,0.6,0.6,0.06,0.35,0.02,15.0
result\past\additional=True\run_goldstein_price_20260331_101206_017363_5007,goldstein_price,"x1,x2",2,0,1,1,0.55,0.25,and,0.6,0.42,or,True,0.1,0.65,2.0,True,0.03,0.55,0.25,True,soft,0.85,0.45,True,0.8,,0.2,5,0.6,0.6,0.06,0.35,0.02,15.0
result\past\additional=True\run_goldstein_price_20260331_101306_851498_906f,goldstein_price,"x1,x2",2,0,1,1,0.55,0.25,and,0.6,0.42,or,True,0.1,0.65,2.0,True,0.03,0.55,0.25,True,soft,0.85,0.45,True,0.8,,0.2,5,0.6,0.6,0.06,0.35,0.02,15.0
result\past\additional=True\run_goldstein_price_20260331_101359_431540_6852,goldstein_price,"x1,x2",2,0,1,1,0.55,0.25,and,0.6,0.42,or,True,0.1,0.65,2.0,True,0.03,0.55,0.25,True,soft,0.85,0.45,True,0.8,,0.2,5,0.6,0.6,0.06,0.35,0.02,15.0
result\past\additional=True\run_goldstein_price_20260331_101518_273987_982a,goldstein_price,"x1,x2",2,0,1,1,0.55,0.25,and,0.6,0.42,or,True,0.1,0.65,2.0,True,0.03,0.55,0.25,True,soft,0.85,0.45,True,0.8,,0.2,5,0.6,0.6,0.06,0.35,0.02,15.0
result\past\additional=True\run_goldstein_price_20260331_101630_059717_36b2,goldstein_price,"x1,x2",2,0,1,1,0.55,0.25,and,0.6,0.42,or,True,0.1,0.65,2.0,True,0.03,0.55,0.25,True,soft,0.85,0.45,True,0.8,,0.2,5,0.6,0.6,0.06,0.35,0.02,15.0
result\past\additional=True\run_goldstein_price_20260331_101754_028120_9916,goldstein_price,"x1,x2",2,0,1,1,0.55,0.25,and,0.6,0.42,or,True,0.1,0.65,2.0,True,0.03,0.55,0.25,True,soft,0.85,0.45,True,0.8,,0.2,5,0.6,0.6,0.06,0.35,0.02,15.0
result\past\additional=True\run_goldstein_price_20260331_101845_153732_db39,goldstein_price,"x1,x2",2,0,1,1,0.55,0.25,and,0.6,0.42,or,True,0.1,0.65,2.0,True,0.03,0.55,0.25,True,soft,0.85,0.45,True,0.8,,0.2,5,0.6,0.6,0.06,0.35,0.02,15.0
result\past\additional=True\run_goldstein_price_20260331_101930_383758_b593,goldstein_price,"x1,x2",2,0,1,1,0.55,0.25,and,0.6,0.42,or,True,0.1,0.65,2.0,True,0.03,0.55,0.25,True,soft,0.85,0.45,True,0.8,,0.2,5,0.6,0.6,0.06,0.35,0.02,15.0
result\past\additional=True\run_goldstein_price_20260331_102036_361456_545f,goldstein_price,"x1,x2",2,0,1,1,0.55,0.25,and,0.6,0.42,or,True,0.1,0.65,2.0,True,0.03,0.55,0.25,True,soft,0.85,0.45,True,0.8,,0.2,5,0.6,0.6,0.06,0.35,0.02,15.0
result\past\additional=True\run_goldstein_price_20260331_102220_630571_a0f1,goldstein_price,"x1,x2",2,0,1,1,0.55,0.25,and,0.6,0.42,or,True,0.1,0.65,2.0,True,0.03,0.55,0.25,True,soft,0.85,0.45,True,0.8,,0.2,5,0.6,0.6,0.06,0.35,0.02,15.0
result\past\additional=True\run_goldstein_price_20260331_102332_944141_2744,goldstein_price,"x1,x2",2,0,1,1,0.55,0.25,and,0.6,0.42,or,True,0.1,0.65,2.0,True,0.03,0.55,0.25,True,soft,0.85,0.45,True,0.8,,0.2,5,0.6,0.6,0.06,0.35,0.02,15.0
result\past\additional=True\run_goldstein_price_20260331_102419_514657_288c,goldstein_price,"x1,x2",2,0,1,1,0.55,0.25,and,0.6,0.42,or,True,0.1,0.65,2.0,True,0.03,0.55,0.25,True,soft,0.85,0.45,True,0.8,,0.2,5,0.6,0.6,0.06,0.35,0.02,15.0
result\past\additional=True\run_goldstein_price_20260331_102524_156666_d4af,goldstein_price,"x1,x2",2,0,1,1,0.55,0.25,and,0.6,0.42,or,True,0.1,0.65,2.0,True,0.03,0.55,0.25,True,soft,0.85,0.45,True,0.8,,0.2,5,0.6,0.6,0.06,0.35,0.02,15.0
result\past\additional=True\run_goldstein_price_20260331_102619_538199_91d1,goldstein_price,"x1,x2",2,0,1,1,0.55,0.25,and,0.6,0.42,or,True,0.1,0.65,2.0,True,0.03,0.55,0.25,True,soft,0.85,0.45,True,0.8,,0.2,5,0.6,0.6,0.06,0.35,0.02,15.0
result\past\additional=True\run_goldstein_price_20260331_102730_587929_dcc3,goldstein_price,"x1,x2",2,0,1,1,0.55,0.25,and,0.6,0.42,or,True,0.1,0.65,2.0,True,0.03,0.55,0.25,True,soft,0.85,0.45,True,0.8,,0.2,5,0.6,0.6,0.06,0.35,0.02,15.0
result\past\additional=True\run_goldstein_price_20260331_102919_395341_d416,goldstein_price,"x1,x2",2,0,1,1,0.55,0.25,and,0.6,0.42,or,True,0.1,0.65,2.0,True,0.03,0.55,0.25,True,soft,0.85,0.45,True,0.8,,0.2,5,0.6,0.6,0.06,0.35,0.02,15.0
result\past\additional=True\run_goldstein_price_20260331_103107_655892_97be,goldstein_price,"x1,x2",2,0,1,1,0.55,0.25,and,0.6,0.42,or,True,0.1,0.65,2.0,True,0.03,0.55,0.25,True,soft,0.85,0.45,True,0.8,,0.2,5,0.6,0.6,0.06,0.35,0.02,15.0
result\past\additional=True\run_goldstein_price_20260331_103214_229446_7968,goldstein_price,"x1,x2",2,0,1,1,0.55,0.25,and,0.6,0.42,or,True,0.1,0.65,2.0,True,0.03,0.55,0.25,True,soft,0.85,0.45,True,0.8,,0.2,5,0.6,0.6,0.06,0.35,0.02,15.0
result\past\additional=True\run_goldstein_price_20260331_103356_835718_b8ac,goldstein_price,"x1,x2",2,0,1,1,0.55,0.25,and,0.6,0.42,or,True,0.1,0.65,2.0,True,0.03,0.55,0.25,True,soft,0.85,0.45,True,0.8,,0.2,5,0.6,0.6,0.06,0.35,0.02,15.0
result\past\additional=True\run_goldstein_price_20260331_103559_347786_c102,goldstein_price,"x1,x2",2,0,1,1,0.55,0.25,and,0.6,0.42,or,True,0.1,0.65,2.0,True,0.03,0.55,0.25,True,soft,0.85,0.45,True,0.8,,0.2,5,0.6,0.6,0.06,0.35,0.02,15.0
result\past\additional=True\run_goldstein_price_20260331_103831_923403_15fa,goldstein_price,"x1,x2",2,0,1,1,0.55,0.25,and,0.6,0.42,or,True,0.1,0.65,2.0,True,0.03,0.55,0.25,True,soft,0.85,0.45,True,0.8,,0.2,5,0.6,0.6,0.06,0.35,0.02,15.0
result\past\additional=True\run_goldstein_price_20260331_104113_965123_d26f,goldstein_price,"x1,x2",2,0,1,1,0.55,0.25,and,0.6,0.42,or,True,0.1,0.65,2.0,True,0.03,0.55,0.25,True,soft,0.85,0.45,True,0.8,,0.2,5,0.6,0.6,0.06,0.35,0.02,15.0
result\past\additional=True\run_goldstein_price_20260331_144738_373804_08e3,goldstein_price,x2,1,0,0,0,0.55,0.25,and,0.6,0.42,or,True,0.1,0.65,2.0,True,0.03,0.55,0.25,True,soft,0.85,0.45,True,0.87,,0.2,5,0.6,0.6,0.06,0.35,0.02,15.0
result\past\additional=True\run_goldstein_price_20260331_144833_602826_a18c,goldstein_price,"x1,x2",2,0,1,1,0.55,0.25,and,0.6,0.42,or,True,0.1,0.65,2.0,True,0.03,0.55,0.25,True,soft,0.85,0.45,True,0.87,,0.2,5,0.6,0.6,0.06,0.35,0.02,15.0
result\past\additional=True\run_goldstein_price_20260331_144936_999755_ac89,goldstein_price,"x1,x2",2,0,1,1,0.55,0.25,and,0.6,0.42,or,True,0.1,0.65,2.0,True,0.03,0.55,0.25,True,soft,0.85,0.45,True,0.87,,0.2,5,0.6,0.6,0.06,0.35,0.02,15.0
result\past\additional=True\run_goldstein_price_20260331_145036_870832_8450,goldstein_price,"x1,x2",2,0,1,1,0.55,0.25,and,0.6,0.42,or,True,0.1,0.65,2.0,True,0.03,0.55,0.25,True,soft,0.85,0.45,True,0.87,,0.2,5,0.6,0.6,0.06,0.35,0.02,15.0
result\past\additional=True\run_goldstein_price_20260331_145150_310613_6433,goldstein_price,"x1,x2",2,0,1,1,0.55,0.25,and,0.6,0.42,or,True,0.1,0.65,2.0,True,0.03,0.55,0.25,True,soft,0.85,0.45,True,0.87,,0.2,5,0.6,0.6,0.06,0.35,0.02,15.0
result\past\additional=True\run_goldstein_price_20260331_145255_730145_0611,goldstein_price,"x1,x2",2,0,1,1,0.55,0.25,and,0.6,0.42,or,True,0.1,0.65,2.0,True,0.03,0.55,0.25,True,soft,0.85,0.45,True,0.87,,0.2,5,0.6,0.6,0.06,0.35,0.02,15.0
result\past\additional=True\run_goldstein_price_20260331_145349_170746_7523,goldstein_price,"x1,x2",2,0,1,1,0.55,0.25,and,0.6,0.42,or,True,0.1,0.65,2.0,True,0.03,0.55,0.25,True,soft,0.85,0.45,True,0.87,,0.2,5,0.6,0.6,0.06,0.35,0.02,15.0
result\past\additional=True\run_goldstein_price_20260331_145448_599011_1d4c,goldstein_price,"x1,x2",2,0,1,1,0.55,0.25,and,0.6,0.42,or,True,0.1,0.65,2.0,True,0.03,0.55,0.25,True,soft,0.85,0.45,True,0.87,,0.2,5,0.6,0.6,0.06,0.35,0.02,15.0
result\past\additional=True\run_goldstein_price_20260331_145553_412241_dfae,goldstein_price,"x1,x2",2,0,1,1,0.55,0.25,and,0.6,0.42,or,True,0.1,0.65,2.0,True,0.03,0.55,0.25,True,soft,0.85,0.45,True,0.87,,0.2,5,0.6,0.6,0.06,0.35,0.02,15.0
result\past\additional=True\run_goldstein_price_20260331_145655_219571_ea52,goldstein_price,"x1,x2",2,0,1,1,0.55,0.25,and,0.6,0.42,or,True,0.1,0.65,2.0,True,0.03,0.55,0.25,True,soft,0.85,0.45,True,0.87,,0.2,5,0.6,0.6,0.06,0.35,0.02,15.0
result\past\additional=True\run_goldstein_price_20260331_145753_121699_e2a8,goldstein_price,"x1,x2",2,0,1,1,0.55,0.25,and,0.6,0.42,or,True,0.1,0.65,2.0,True,0.03,0.55,0.25,True,soft,0.85,0.45,True,0.87,,0.2,5,0.6,0.6,0.06,0.35,0.02,15.0
result\past\additional=True\run_goldstein_price_20260331_145845_400564_5fd4,goldstein_price,"x1,x2",2,0,1,1,0.55,0.25,and,0.6,0.42,or,True,0.1,0.65,2.0,True,0.03,0.55,0.25,True,soft,0.85,0.45,True,0.87,,0.2,5,0.6,0.6,0.06,0.35,0.02,15.0
result\past\additional=True\run_goldstein_price_20260331_145947_917104_8106,goldstein_price,"x1,x2",2,0,1,1,0.55,0.25,and,0.6,0.42,or,True,0.1,0.65,2.0,True,0.03,0.55,0.25,True,soft,0.85,0.45,True,0.87,,0.2,5,0.6,0.6,0.06,0.35,0.02,15.0
result\past\additional=True\run_goldstein_price_20260331_150038_630233_b206,goldstein_price,"x1,x2",2,0,1,1,0.55,0.25,and,0.6,0.42,or,True,0.1,0.65,2.0,True,0.03,0.55,0.25,True,soft,0.85,0.45,True,0.87,,0.2,5,0.6,0.6,0.06,0.35,0.02,15.0
result\past\additional=True\run_goldstein_price_20260331_150133_604958_f84b,goldstein_price,"x1,x2",2,0,1,1,0.55,0.25,and,0.6,0.42,or,True,0.1,0.65,2.0,True,0.03,0.55,0.25,True,soft,0.85,0.45,True,0.87,,0.2,5,0.6,0.6,0.06,0.35,0.02,15.0
result\past\additional=True\run_goldstein_price_20260331_150235_571371_9432,goldstein_price,"x1,x2",2,0,1,1,0.55,0.25,and,0.6,0.42,or,True,0.1,0.65,2.0,True,0.03,0.55,0.25,True,soft,0.85,0.45,True,0.87,,0.2,5,0.6,0.6,0.06,0.35,0.02,15.0
result\past\additional=True\run_goldstein_price_20260331_150326_372388_73a8,goldstein_price,"x1,x2",2,0,1,1,0.55,0.25,and,0.6,0.42,or,True,0.1,0.65,2.0,True,0.03,0.55,0.25,True,soft,0.85,0.45,True,0.87,,0.2,5,0.6,0.6,0.06,0.35,0.02,15.0
result\past\additional=True\run_goldstein_price_20260331_150425_191779_aa1d,goldstein_price,"x1,x2",2,0,1,1,0.55,0.25,and,0.6,0.42,or,True,0.1,0.65,2.0,True,0.03,0.55,0.25,True,soft,0.85,0.45,True,0.87,,0.2,5,0.6,0.6,0.06,0.35,0.02,15.0
result\past\additional=True\run_goldstein_price_20260331_150517_686560_18fe,goldstein_price,"x1,x2",2,0,1,1,0.55,0.25,and,0.6,0.42,or,True,0.1,0.65,2.0,True,0.03,0.55,0.25,True,soft,0.85,0.45,True,0.87,,0.2,5,0.6,0.6,0.06,0.35,0.02,15.0
result\past\additional=True\run_goldstein_price_20260331_150615_204748_e6c7,goldstein_price,"x1,x2",2,0,1,1,0.55,0.25,and,0.6,0.42,or,True,0.1,0.65,2.0,True,0.03,0.55,0.25,True,soft,0.85,0.45,True,0.87,,0.2,5,0.6,0.6,0.06,0.35,0.02,15.0
result\past\additional=True\run_goldstein_price_20260331_150707_057498_c0d7,goldstein_price,"x1,x2",2,0,1,1,0.55,0.25,and,0.6,0.42,or,True,0.1,0.65,2.0,True,0.03,0.55,0.25,True,soft,0.85,0.45,True,0.87,,0.2,5,0.6,0.6,0.06,0.35,0.02,15.0
result\past\additional=True\run_goldstein_price_20260331_150801_089375_49cd,goldstein_price,"x1,x2",2,0,1,1,0.55,0.25,and,0.6,0.42,or,True,0.1,0.65,2.0,True,0.03,0.55,0.25,True,soft,0.85,0.45,True,0.87,,0.2,5,0.6,0.6,0.06,0.35,0.02,15.0
result\past\additional=True\run_goldstein_price_20260331_150857_200261_c7f9,goldstein_price,"x1,x2",2,0,1,1,0.55,0.25,and,0.6,0.42,or,True,0.1,0.65,2.0,True,0.03,0.55,0.25,True,soft,0.85,0.45,True,0.87,,0.2,5,0.6,0.6,0.06,0.35,0.02,15.0
result\past\additional=True\run_goldstein_price_20260331_150948_364693_03b3,goldstein_price,"x1,x2",2,0,1,1,0.55,0.25,and,0.6,0.42,or,True,0.1,0.65,2.0,True,0.03,0.55,0.25,True,soft,0.85,0.45,True,0.87,,0.2,5,0.6,0.6,0.06,0.35,0.02,15.0
result\past\additional=True\run_goldstein_price_20260331_151038_250624_2ac9,goldstein_price,"x1,x2",2,0,1,1,0.55,0.25,and,0.6,0.42,or,True,0.1,0.65,2.0,True,0.03,0.55,0.25,True,soft,0.85,0.45,True,0.87,,0.2,5,0.6,0.6,0.06,0.35,0.02,15.0
result\past\additional=True\run_goldstein_price_20260331_151131_358004_db67,goldstein_price,"x1,x2",2,0,1,1,0.55,0.25,and,0.6,0.42,or,True,0.1,0.65,2.0,True,0.03,0.55,0.25,True,soft,0.85,0.45,True,0.87,,0.2,5,0.6,0.6,0.06,0.35,0.02,15.0
result\past\additional=True\run_goldstein_price_20260331_151240_074500_b33a,goldstein_price,"x1,x2",2,0,1,1,0.55,0.25,and,0.6,0.42,or,True,0.1,0.65,2.0,True,0.03,0.55,0.25,True,soft,0.85,0.45,True,0.87,,0.2,5,0.6,0.6,0.06,0.35,0.02,15.0
result\past\additional=True\run_goldstein_price_20260331_151335_816722_1d53,goldstein_price,"x1,x2",2,0,1,1,0.55,0.25,and,0.6,0.42,or,True,0.1,0.65,2.0,True,0.03,0.55,0.25,True,soft,0.85,0.45,True,0.87,,0.2,5,0.6,0.6,0.06,0.35,0.02,15.0
result\past\additional=True\run_goldstein_price_20260331_151442_727933_2a85,goldstein_price,"x1,x2",2,0,1,1,0.55,0.25,and,0.6,0.42,or,True,0.1,0.65,2.0,True,0.03,0.55,0.25,True,soft,0.85,0.45,True,0.87,,0.2,5,0.6,0.6,0.06,0.35,0.02,15.0
result\past\additional=True\run_goldstein_price_20260331_151540_502247_b088,goldstein_price,"x1,x2",2,0,1,1,0.55,0.25,and,0.6,0.42,or,True,0.1,0.65,2.0,True,0.03,0.55,0.25,True,soft,0.85,0.45,True,0.87,,0.2,5,0.6,0.6,0.06,0.35,0.02,15.0
result\past\additional=True\run_goldstein_price_20260331_151634_422110_d632,goldstein_price,"x1,x2",2,0,1,1,0.55,0.25,and,0.6,0.42,or,True,0.1,0.65,2.0,True,0.03,0.55,0.25,True,soft,0.85,0.45,True,0.87,,0.2,5,0.6,0.6,0.06,0.35,0.02,15.0
result\past\additional=True\run_goldstein_price_20260331_151743_980263_012b,goldstein_price,"x1,x2",2,0,1,1,0.55,0.25,and,0.6,0.42,or,True,0.1,0.65,2.0,True,0.03,0.55,0.25,True,soft,0.85,0.45,True,0.87,,0.2,5,0.6,0.6,0.06,0.35,0.02,15.0
result\past\additional=True\run_goldstein_price_20260331_151841_980219_cbf7,goldstein_price,"x1,x2",2,0,1,1,0.55,0.25,and,0.6,0.42,or,True,0.1,0.65,2.0,True,0.03,0.55,0.25,True,soft,0.85,0.45,True,0.87,,0.2,5,0.6,0.6,0.06,0.35,0.02,15.0
result\past\additional=True\run_goldstein_price_20260331_151951_165378_cf43,goldstein_price,"x1,x2",2,0,1,1,0.55,0.25,and,0.6,0.42,or,True,0.1,0.65,2.0,True,0.03,0.55,0.25,True,soft,0.85,0.45,True,0.87,,0.2,5,0.6,0.6,0.06,0.35,0.02,15.0
result\past\additional=True\run_goldstein_price_20260331_152042_180404_8549,goldstein_price,"x1,x2",2,0,1,1,0.55,0.25,and,0.6,0.42,or,True,0.1,0.65,2.0,True,0.03,0.55,0.25,True,soft,0.85,0.45,True,0.87,,0.2,5,0.6,0.6,0.06,0.35,0.02,15.0
result\past\additional=True\run_goldstein_price_20260331_152133_574608_717d,goldstein_price,"x1,x2",2,0,1,1,0.55,0.25,and,0.6,0.42,or,True,0.1,0.65,2.0,True,0.03,0.55,0.25,True,soft,0.85,0.45,True,0.87,,0.2,5,0.6,0.6,0.06,0.35,0.02,15.0
result\past\additional=True\run_goldstein_price_20260331_152230_530666_8ba5,goldstein_price,"x1,x2",2,0,1,1,0.55,0.25,and,0.6,0.42,or,True,0.1,0.65,2.0,True,0.03,0.55,0.25,True,soft,0.85,0.45,True,0.87,,0.2,5,0.6,0.6,0.06,0.35,0.02,15.0
result\past\additional=True\run_goldstein_price_20260331_152332_778126_94bf,goldstein_price,"x1,x2",2,0,1,1,0.55,0.25,and,0.6,0.42,or,True,0.1,0.65,2.0,True,0.03,0.55,0.25,True,soft,0.85,0.45,True,0.87,,0.2,5,0.6,0.6,0.06,0.35,0.02,15.0
result\past\additional=True\run_goldstein_price_20260331_152434_006031_1310,goldstein_price,"x1,x2",2,0,1,1,0.55,0.25,and,0.6,0.42,or,True,0.1,0.65,2.0,True,0.03,0.55,0.25,True,soft,0.85,0.45,True,0.87,,0.2,5,0.6,0.6,0.06,0.35,0.02,15.0
result\past\additional=True\run_goldstein_price_20260331_152525_713373_688e,goldstein_price,"x1,x2",2,0,1,1,0.55,0.25,and,0.6,0.42,or,True,0.1,0.65,2.0,True,0.03,0.55,0.25,True,soft,0.85,0.45,True,0.87,,0.2,5,0.6,0.6,0.06,0.35,0.02,15.0
result\past\additional=True\run_goldstein_price_20260331_152624_437178_2501,goldstein_price,"x1,x2",2,0,1,1,0.55,0.25,and,0.6,0.42,or,True,0.1,0.65,2.0,True,0.03,0.55,0.25,True,soft,0.85,0.45,True,0.87,,0.2,5,0.6,0.6,0.06,0.35,0.02,15.0
result\past\additional=True\run_goldstein_price_20260331_152719_684217_b7eb,goldstein_price,"x1,x2",2,0,1,1,0.55,0.25,and,0.6,0.42,or,True,0.1,0.65,2.0,True,0.03,0.55,0.25,True,soft,0.85,0.45,True,0.87,,0.2,5,0.6,0.6,0.06,0.35,0.02,15.0
result\past\additional=True\run_goldstein_price_20260331_152819_978098_0426,goldstein_price,"x1,x2",2,0,1,1,0.55,0.25,and,0.6,0.42,or,True,0.1,0.65,2.0,True,0.03,0.55,0.25,True,soft,0.85,0.45,True,0.87,,0.2,5,0.6,0.6,0.06,0.35,0.02,15.0
result\past\additional=True\run_goldstein_price_20260331_152914_122293_b52b,goldstein_price,"x1,x2",2,0,1,1,0.55,0.25,and,0.6,0.42,or,True,0.1,0.65,2.0,True,0.03,0.55,0.25,True,soft,0.85,0.45,True,0.87,,0.2,5,0.6,0.6,0.06,0.35,0.02,15.0
result\past\additional=True\run_goldstein_price_20260331_153002_922164_3a93,goldstein_price,"x1,x2",2,0,1,1,0.55,0.25,and,0.6,0.42,or,True,0.1,0.65,2.0,True,0.03,0.55,0.25,True,soft,0.85,0.45,True,0.87,,0.2,5,0.6,0.6,0.06,0.35,0.02,15.0
result\past\additional=True\run_goldstein_price_20260331_153100_450472_f361,goldstein_price,"x1,x2",2,0,1,1,0.55,0.25,and,0.6,0.42,or,True,0.1,0.65,2.0,True,0.03,0.55,0.25,True,soft,0.85,0.45,True,0.87,,0.2,5,0.6,0.6,0.06,0.35,0.02,15.0
result\past\additional=True\run_goldstein_price_20260331_153204_746342_18e0,goldstein_price,"x1,x2",2,0,1,1,0.55,0.25,and,0.6,0.42,or,True,0.1,0.65,2.0,True,0.03,0.55,0.25,True,soft,0.85,0.45,True,0.87,,0.2,5,0.6,0.6,0.06,0.35,0.02,15.0
result\past\additional=True\run_goldstein_price_20260331_153254_332026_0fbf,goldstein_price,"x1,x2",2,0,1,1,0.55,0.25,and,0.6,0.42,or,True,0.1,0.65,2.0,True,0.03,0.55,0.25,True,soft,0.85,0.45,True,0.87,,0.2,5,0.6,0.6,0.06,0.35,0.02,15.0
result\past\additional=True\run_goldstein_price_20260331_153355_171319_40d1,goldstein_price,"x1,x2",2,0,1,1,0.55,0.25,and,0.6,0.42,or,True,0.1,0.65,2.0,True,0.03,0.55,0.25,True,soft,0.85,0.45,True,0.87,,0.2,5,0.6,0.6,0.06,0.35,0.02,15.0
result\past\additional=True\run_goldstein_price_20260331_153455_063594_28f8,goldstein_price,"x1,x2",2,0,1,1,0.55,0.25,and,0.6,0.42,or,True,0.1,0.65,2.0,True,0.03,0.55,0.25,True,soft,0.85,0.45,True,0.87,,0.2,5,0.6,0.6,0.06,0.35,0.02,15.0
result\past\additional=True\run_goldstein_price_20260331_184756_676256_ebf4,goldstein_price,x2,1,0,0,0,0.55,0.25,and,0.6,0.42,or,True,0.1,0.65,2.0,True,0.03,0.55,0.25,True,soft,0.85,0.45,True,0.87,,0.2,5,0.6,0.6,0.06,0.35,0.02,15.0
result\past\additional=True\run_goldstein_price_20260331_184851_337973_d324,goldstein_price,"x1,x2",2,0,1,1,0.55,0.25,and,0.6,0.42,or,True,0.1,0.65,2.0,True,0.03,0.55,0.25,True,soft,0.85,0.45,True,0.87,,0.2,5,0.6,0.6,0.06,0.35,0.02,15.0
result\past\additional=True\run_goldstein_price_20260331_184954_626381_88ba,goldstein_price,"x1,x2",2,0,1,1,0.55,0.25,and,0.6,0.42,or,True,0.1,0.65,2.0,True,0.03,0.55,0.25,True,soft,0.85,0.45,True,0.87,,0.2,5,0.6,0.6,0.06,0.35,0.02,15.0
result\past\additional=True\run_goldstein_price_20260331_185054_075013_9608,goldstein_price,"x1,x2",2,0,1,1,0.55,0.25,and,0.6,0.42,or,True,0.1,0.65,2.0,True,0.03,0.55,0.25,True,soft,0.85,0.45,True,0.87,,0.2,5,0.6,0.6,0.06,0.35,0.02,15.0
result\past\additional=True\run_goldstein_price_20260331_185206_900799_4c87,goldstein_price,"x1,x2",2,0,1,1,0.55,0.25,and,0.6,0.42,or,True,0.1,0.65,2.0,True,0.03,0.55,0.25,True,soft,0.85,0.45,True,0.87,,0.2,5,0.6,0.6,0.06,0.35,0.02,15.0
result\past\additional=True\run_goldstein_price_20260331_185311_442099_777e,goldstein_price,"x1,x2",2,0,1,1,0.55,0.25,and,0.6,0.42,or,True,0.1,0.65,2.0,True,0.03,0.55,0.25,True,soft,0.85,0.45,True,0.87,,0.2,5,0.6,0.6,0.06,0.35,0.02,15.0
result\past\additional=True\run_goldstein_price_20260331_185404_808761_bf16,goldstein_price,"x1,x2",2,0,1,1,0.55,0.25,and,0.6,0.42,or,True,0.1,0.65,2.0,True,0.03,0.55,0.25,True,soft,0.85,0.45,True,0.87,,0.2,5,0.6,0.6,0.06,0.35,0.02,15.0
result\past\additional=True\run_goldstein_price_20260331_185504_118918_5a64,goldstein_price,"x1,x2",2,0,1,1,0.55,0.25,and,0.6,0.42,or,True,0.1,0.65,2.0,True,0.03,0.55,0.25,True,soft,0.85,0.45,True,0.87,,0.2,5,0.6,0.6,0.06,0.35,0.02,15.0
result\past\additional=True\run_goldstein_price_20260331_185608_865550_4630,goldstein_price,"x1,x2",2,0,1,1,0.55,0.25,and,0.6,0.42,or,True,0.1,0.65,2.0,True,0.03,0.55,0.25,True,soft,0.85,0.45,True,0.87,,0.2,5,0.6,0.6,0.06,0.35,0.02,15.0
result\past\additional=True\run_goldstein_price_20260331_185710_516635_611c,goldstein_price,"x1,x2",2,0,1,1,0.55,0.25,and,0.6,0.42,or,True,0.1,0.65,2.0,True,0.03,0.55,0.25,True,soft,0.85,0.45,True,0.87,,0.2,5,0.6,0.6,0.06,0.35,0.02,15.0
result\past\additional=True\run_goldstein_price_20260331_185807_618023_7627,goldstein_price,"x1,x2",2,0,1,1,0.55,0.25,and,0.6,0.42,or,True,0.1,0.65,2.0,True,0.03,0.55,0.25,True,soft,0.85,0.45,True,0.87,,0.2,5,0.6,0.6,0.06,0.35,0.02,15.0
result\past\additional=True\run_goldstein_price_20260331_185859_883762_ddeb,goldstein_price,"x1,x2",2,0,1,1,0.55,0.25,and,0.6,0.42,or,True,0.1,0.65,2.0,True,0.03,0.55,0.25,True,soft,0.85,0.45,True,0.87,,0.2,5,0.6,0.6,0.06,0.35,0.02,15.0
result\past\additional=True\run_goldstein_price_20260331_190001_432955_0475,goldstein_price,"x1,x2",2,0,1,1,0.55,0.25,and,0.6,0.42,or,True,0.1,0.65,2.0,True,0.03,0.55,0.25,True,soft,0.85,0.45,True,0.87,,0.2,5,0.6,0.6,0.06,0.35,0.02,15.0
result\past\additional=True\run_goldstein_price_20260331_190051_744944_632b,goldstein_price,"x1,x2",2,0,1,1,0.55,0.25,and,0.6,0.42,or,True,0.1,0.65,2.0,True,0.03,0.55,0.25,True,soft,0.85,0.45,True,0.87,,0.2,5,0.6,0.6,0.06,0.35,0.02,15.0
result\past\additional=True\run_goldstein_price_20260331_190146_192694_39cf,goldstein_price,"x1,x2",2,0,1,1,0.55,0.25,and,0.6,0.42,or,True,0.1,0.65,2.0,True,0.03,0.55,0.25,True,soft,0.85,0.45,True,0.87,,0.2,5,0.6,0.6,0.06,0.35,0.02,15.0
result\past\additional=True\run_goldstein_price_20260331_190247_754285_def4,goldstein_price,"x1,x2",2,0,1,1,0.55,0.25,and,0.6,0.42,or,True,0.1,0.65,2.0,True,0.03,0.55,0.25,True,soft,0.85,0.45,True,0.87,,0.2,5,0.6,0.6,0.06,0.35,0.02,15.0
result\past\additional=True\run_goldstein_price_20260331_190338_018417_6c59,goldstein_price,"x1,x2",2,0,1,1,0.55,0.25,and,0.6,0.42,or,True,0.1,0.65,2.0,True,0.03,0.55,0.25,True,soft,0.85,0.45,True,0.87,,0.2,5,0.6,0.6,0.06,0.35,0.02,15.0
result\past\additional=True\run_goldstein_price_20260331_190436_042340_4410,goldstein_price,"x1,x2",2,0,1,1,0.55,0.25,and,0.6,0.42,or,True,0.1,0.65,2.0,True,0.03,0.55,0.25,True,soft,0.85,0.45,True,0.87,,0.2,5,0.6,0.6,0.06,0.35,0.02,15.0
result\past\additional=True\run_goldstein_price_20260331_190528_190540_ba36,goldstein_price,"x1,x2",2,0,1,1,0.55,0.25,and,0.6,0.42,or,True,0.1,0.65,2.0,True,0.03,0.55,0.25,True,soft,0.85,0.45,True,0.87,,0.2,5,0.6,0.6,0.06,0.35,0.02,15.0
result\past\additional=True\run_goldstein_price_20260331_190625_312007_6f16,goldstein_price,"x1,x2",2,0,1,1,0.55,0.25,and,0.6,0.42,or,True,0.1,0.65,2.0,True,0.03,0.55,0.25,True,soft,0.85,0.45,True,0.87,,0.2,5,0.6,0.6,0.06,0.35,0.02,15.0
result\past\additional=True\run_goldstein_price_20260331_190716_092932_6492,goldstein_price,"x1,x2",2,0,1,1,0.55,0.25,and,0.6,0.42,or,True,0.1,0.65,2.0,True,0.03,0.55,0.25,True,soft,0.85,0.45,True,0.87,,0.2,5,0.6,0.6,0.06,0.35,0.02,15.0
result\past\additional=True\run_goldstein_price_20260331_190809_180612_9fbd,goldstein_price,"x1,x2",2,0,1,1,0.55,0.25,and,0.6,0.42,or,True,0.1,0.65,2.0,True,0.03,0.55,0.25,True,soft,0.85,0.45,True,0.87,,0.2,5,0.6,0.6,0.06,0.35,0.02,15.0
result\past\additional=True\run_goldstein_price_20260331_190904_354261_edb0,goldstein_price,"x1,x2",2,0,1,1,0.55,0.25,and,0.6,0.42,or,True,0.1,0.65,2.0,True,0.03,0.55,0.25,True,soft,0.85,0.45,True,0.87,,0.2,5,0.6,0.6,0.06,0.35,0.02,15.0
result\past\additional=True\run_goldstein_price_20260331_190954_961858_b2d1,goldstein_price,"x1,x2",2,0,1,1,0.55,0.25,and,0.6,0.42,or,True,0.1,0.65,2.0,True,0.03,0.55,0.25,True,soft,0.85,0.45,True,0.87,,0.2,5,0.6,0.6,0.06,0.35,0.02,15.0
result\past\additional=True\run_goldstein_price_20260331_191045_340850_7cca,goldstein_price,"x1,x2",2,0,1,1,0.55,0.25,and,0.6,0.42,or,True,0.1,0.65,2.0,True,0.03,0.55,0.25,True,soft,0.85,0.45,True,0.87,,0.2,5,0.6,0.6,0.06,0.35,0.02,15.0
result\past\additional=True\run_goldstein_price_20260331_191138_368320_d7d1,goldstein_price,"x1,x2",2,0,1,1,0.55,0.25,and,0.6,0.42,or,True,0.1,0.65,2.0,True,0.03,0.55,0.25,True,soft,0.85,0.45,True,0.87,,0.2,5,0.6,0.6,0.06,0.35,0.02,15.0
result\past\additional=True\run_goldstein_price_20260331_191246_468365_8ba1,goldstein_price,"x1,x2",2,0,1,1,0.55,0.25,and,0.6,0.42,or,True,0.1,0.65,2.0,True,0.03,0.55,0.25,True,soft,0.85,0.45,True,0.87,,0.2,5,0.6,0.6,0.06,0.35,0.02,15.0
result\past\additional=True\run_goldstein_price_20260331_191341_849435_12c1,goldstein_price,"x1,x2",2,0,1,1,0.55,0.25,and,0.6,0.42,or,True,0.1,0.65,2.0,True,0.03,0.55,0.25,True,soft,0.85,0.45,True,0.87,,0.2,5,0.6,0.6,0.06,0.35,0.02,15.0
result\past\additional=True\run_goldstein_price_20260331_191448_217670_695b,goldstein_price,"x1,x2",2,0,1,1,0.55,0.25,and,0.6,0.42,or,True,0.1,0.65,2.0,True,0.03,0.55,0.25,True,soft,0.85,0.45,True,0.87,,0.2,5,0.6,0.6,0.06,0.35,0.02,15.0
result\past\additional=True\run_goldstein_price_20260331_191545_679121_093b,goldstein_price,"x1,x2",2,0,1,1,0.55,0.25,and,0.6,0.42,or,True,0.1,0.65,2.0,True,0.03,0.55,0.25,True,soft,0.85,0.45,True,0.87,,0.2,5,0.6,0.6,0.06,0.35,0.02,15.0
result\past\additional=True\run_goldstein_price_20260331_191639_357213_4f67,goldstein_price,"x1,x2",2,0,1,1,0.55,0.25,and,0.6,0.42,or,True,0.1,0.65,2.0,True,0.03,0.55,0.25,True,soft,0.85,0.45,True,0.87,,0.2,5,0.6,0.6,0.06,0.35,0.02,15.0
result\past\additional=True\run_goldstein_price_20260331_191749_174531_9ab9,goldstein_price,"x1,x2",2,0,1,1,0.55,0.25,and,0.6,0.42,or,True,0.1,0.65,2.0,True,0.03,0.55,0.25,True,soft,0.85,0.45,True,0.87,,0.2,5,0.6,0.6,0.06,0.35,0.02,15.0
result\past\additional=True\run_goldstein_price_20260331_191846_809182_21d9,goldstein_price,"x1,x2",2,0,1,1,0.55,0.25,and,0.6,0.42,or,True,0.1,0.65,2.0,True,0.03,0.55,0.25,True,soft,0.85,0.45,True,0.87,,0.2,5,0.6,0.6,0.06,0.35,0.02,15.0
result\past\additional=True\run_goldstein_price_20260331_191955_469787_fa35,goldstein_price,"x1,x2",2,0,1,1,0.55,0.25,and,0.6,0.42,or,True,0.1,0.65,2.0,True,0.03,0.55,0.25,True,soft,0.85,0.45,True,0.87,,0.2,5,0.6,0.6,0.06,0.35,0.02,15.0
result\past\additional=True\run_goldstein_price_20260331_192046_532285_ca94,goldstein_price,"x1,x2",2,0,1,1,0.55,0.25,and,0.6,0.42,or,True,0.1,0.65,2.0,True,0.03,0.55,0.25,True,soft,0.85,0.45,True,0.87,,0.2,5,0.6,0.6,0.06,0.35,0.02,15.0
result\past\additional=True\run_goldstein_price_20260331_192137_696164_b88b,goldstein_price,"x1,x2",2,0,1,1,0.55,0.25,and,0.6,0.42,or,True,0.1,0.65,2.0,True,0.03,0.55,0.25,True,soft,0.85,0.45,True,0.87,,0.2,5,0.6,0.6,0.06,0.35,0.02,15.0
result\past\additional=True\run_goldstein_price_20260331_192234_362444_f780,goldstein_price,"x1,x2",2,0,1,1,0.55,0.25,and,0.6,0.42,or,True,0.1,0.65,2.0,True,0.03,0.55,0.25,True,soft,0.85,0.45,True,0.87,,0.2,5,0.6,0.6,0.06,0.35,0.02,15.0
result\past\additional=True\run_goldstein_price_20260331_192335_849580_efaf,goldstein_price,"x1,x2",2,0,1,1,0.55,0.25,and,0.6,0.42,or,True,0.1,0.65,2.0,True,0.03,0.55,0.25,True,soft,0.85,0.45,True,0.87,,0.2,5,0.6,0.6,0.06,0.35,0.02,15.0
result\past\additional=True\run_goldstein_price_20260331_192436_393397_d19e,goldstein_price,"x1,x2",2,0,1,1,0.55,0.25,and,0.6,0.42,or,True,0.1,0.65,2.0,True,0.03,0.55,0.25,True,soft,0.85,0.45,True,0.87,,0.2,5,0.6,0.6,0.06,0.35,0.02,15.0
result\past\additional=True\run_goldstein_price_20260331_192527_915121_0f15,goldstein_price,"x1,x2",2,0,1,1,0.55,0.25,and,0.6,0.42,or,True,0.1,0.65,2.0,True,0.03,0.55,0.25,True,soft,0.85,0.45,True,0.87,,0.2,5,0.6,0.6,0.06,0.35,0.02,15.0
result\past\additional=True\run_goldstein_price_20260331_192626_024511_6076,goldstein_price,"x1,x2",2,0,1,1,0.55,0.25,and,0.6,0.42,or,True,0.1,0.65,2.0,True,0.03,0.55,0.25,True,soft,0.85,0.45,True,0.87,,0.2,5,0.6,0.6,0.06,0.35,0.02,15.0
result\past\additional=True\run_goldstein_price_20260331_192720_958012_7afc,goldstein_price,"x1,x2",2,0,1,1,0.55,0.25,and,0.6,0.42,or,True,0.1,0.65,2.0,True,0.03,0.55,0.25,True,soft,0.85,0.45,True,0.87,,0.2,5,0.6,0.6,0.06,0.35,0.02,15.0
result\past\additional=True\run_goldstein_price_20260331_192820_833861_c494,goldstein_price,"x1,x2",2,0,1,1,0.55,0.25,and,0.6,0.42,or,True,0.1,0.65,2.0,True,0.03,0.55,0.25,True,soft,0.85,0.45,True,0.87,,0.2,5,0.6,0.6,0.06,0.35,0.02,15.0
result\past\additional=True\run_goldstein_price_20260331_192914_541017_6522,goldstein_price,"x1,x2",2,0,1,1,0.55,0.25,and,0.6,0.42,or,True,0.1,0.65,2.0,True,0.03,0.55,0.25,True,soft,0.85,0.45,True,0.87,,0.2,5,0.6,0.6,0.06,0.35,0.02,15.0
result\past\additional=True\run_goldstein_price_20260331_193003_497002_04ae,goldstein_price,"x1,x2",2,0,1,1,0.55,0.25,and,0.6,0.42,or,True,0.1,0.65,2.0,True,0.03,0.55,0.25,True,soft,0.85,0.45,True,0.87,,0.2,5,0.6,0.6,0.06,0.35,0.02,15.0
result\past\additional=True\run_goldstein_price_20260331_193100_683330_1ed1,goldstein_price,"x1,x2",2,0,1,1,0.55,0.25,and,0.6,0.42,or,True,0.1,0.65,2.0,True,0.03,0.55,0.25,True,soft,0.85,0.45,True,0.87,,0.2,5,0.6,0.6,0.06,0.35,0.02,15.0
result\past\additional=True\run_goldstein_price_20260331_193204_707268_8b38,goldstein_price,"x1,x2",2,0,1,1,0.55,0.25,and,0.6,0.42,or,True,0.1,0.65,2.0,True,0.03,0.55,0.25,True,soft,0.85,0.45,True,0.87,,0.2,5,0.6,0.6,0.06,0.35,0.02,15.0
result\past\additional=True\run_goldstein_price_20260331_193254_311941_49a1,goldstein_price,"x1,x2",2,0,1,1,0.55,0.25,and,0.6,0.42,or,True,0.1,0.65,2.0,True,0.03,0.55,0.25,True,soft,0.85,0.45,True,0.87,,0.2,5,0.6,0.6,0.06,0.35,0.02,15.0
result\past\additional=True\run_goldstein_price_20260331_193353_850299_086b,goldstein_price,"x1,x2",2,0,1,1,0.55,0.25,and,0.6,0.42,or,True,0.1,0.65,2.0,True,0.03,0.55,0.25,True,soft,0.85,0.45,True,0.87,,0.2,5,0.6,0.6,0.06,0.35,0.02,15.0
result\past\additional=True\run_goldstein_price_20260331_193453_585868_fef8,goldstein_price,"x1,x2",2,0,1,1,0.55,0.25,and,0.6,0.42,or,True,0.1,0.65,2.0,True,0.03,0.55,0.25,True,soft,0.85,0.45,True,0.87,,0.2,5,0.6,0.6,0.06,0.35,0.02,15.0
result\past\additional=True\run_goldstein_price_20260401_094851_100633_e099,goldstein_price,x2,1,0,0,0,0.55,0.25,and,0.6,0.42,or,True,0.08,0.75,2.0,True,0.03,0.55,0.25,True,soft,0.85,0.45,True,0.8,,0.2,5,0.6,0.6,0.06,0.35,0.02,15.0
result\past\additional=True\run_goldstein_price_20260401_094943_797409_74e3,goldstein_price,"x1,x2",2,0,1,1,0.55,0.25,and,0.6,0.42,or,True,0.08,0.75,2.0,True,0.03,0.55,0.25,True,soft,0.85,0.45,True,0.8,,0.2,5,0.6,0.6,0.06,0.35,0.02,15.0
result\past\additional=True\run_goldstein_price_20260401_095033_637270_c411,goldstein_price,"x1,x2",2,0,1,1,0.55,0.25,and,0.6,0.42,or,True,0.08,0.75,2.0,True,0.03,0.55,0.25,True,soft,0.85,0.45,True,0.8,,0.2,5,0.6,0.6,0.06,0.35,0.02,15.0
result\past\additional=True\run_goldstein_price_20260401_095120_812910_8539,goldstein_price,"x1,x2",2,0,1,1,0.55,0.25,and,0.6,0.42,or,True,0.08,0.75,2.0,True,0.03,0.55,0.25,True,soft,0.85,0.45,True,0.8,,0.2,5,0.6,0.6,0.06,0.35,0.02,15.0
result\past\additional=True\run_goldstein_price_20260401_095220_324343_27c5,goldstein_price,"x1,x2",2,0,1,1,0.55,0.25,and,0.6,0.42,or,True,0.08,0.75,2.0,True,0.03,0.55,0.25,True,soft,0.85,0.45,True,0.8,,0.2,5,0.6,0.6,0.06,0.35,0.02,15.0
result\past\additional=True\run_goldstein_price_20260401_095312_192635_c41a,goldstein_price,"x1,x2",2,0,1,1,0.55,0.25,and,0.6,0.42,or,True,0.08,0.75,2.0,True,0.03,0.55,0.25,True,soft,0.85,0.45,True,0.8,,0.2,5,0.6,0.6,0.06,0.35,0.02,15.0
result\past\additional=True\run_goldstein_price_20260401_095353_648496_7535,goldstein_price,"x1,x2",2,0,1,1,0.55,0.25,and,0.6,0.42,or,True,0.08,0.75,2.0,True,0.03,0.55,0.25,True,soft,0.85,0.45,True,0.8,,0.2,5,0.6,0.6,0.06,0.35,0.02,15.0
result\past\additional=True\run_goldstein_price_20260401_095441_286132_b847,goldstein_price,"x1,x2",2,0,1,1,0.55,0.25,and,0.6,0.42,or,True,0.08,0.75,2.0,True,0.03,0.55,0.25,True,soft,0.85,0.45,True,0.8,,0.2,5,0.6,0.6,0.06,0.35,0.02,15.0
result\past\additional=True\run_goldstein_price_20260401_095533_422719_12d0,goldstein_price,"x1,x2",2,0,1,1,0.55,0.25,and,0.6,0.42,or,True,0.08,0.75,2.0,True,0.03,0.55,0.25,True,soft,0.85,0.45,True,0.8,,0.2,5,0.6,0.6,0.06,0.35,0.02,15.0
result\past\additional=True\run_goldstein_price_20260401_095623_694417_cc58,goldstein_price,"x1,x2",2,0,1,1,0.55,0.25,and,0.6,0.42,or,True,0.08,0.75,2.0,True,0.03,0.55,0.25,True,soft,0.85,0.45,True,0.8,,0.2,5,0.6,0.6,0.06,0.35,0.02,15.0
result\past\additional=True\run_goldstein_price_20260401_095710_293879_b1ae,goldstein_price,"x1,x2",2,0,1,1,0.55,0.25,and,0.6,0.42,or,True,0.08,0.75,2.0,True,0.03,0.55,0.25,True,soft,0.85,0.45,True,0.8,,0.2,5,0.6,0.6,0.06,0.35,0.02,15.0
result\past\additional=True\run_goldstein_price_20260401_095751_646754_85df,goldstein_price,"x1,x2",2,0,1,1,0.55,0.25,and,0.6,0.42,or,True,0.08,0.75,2.0,True,0.03,0.55,0.25,True,soft,0.85,0.45,True,0.8,,0.2,5,0.6,0.6,0.06,0.35,0.02,15.0
result\past\additional=True\run_goldstein_price_20260401_095840_971628_683c,goldstein_price,"x1,x2",2,0,1,1,0.55,0.25,and,0.6,0.42,or,True,0.08,0.75,2.0,True,0.03,0.55,0.25,True,soft,0.85,0.45,True,0.8,,0.2,5,0.6,0.6,0.06,0.35,0.02,15.0
result\past\additional=True\run_goldstein_price_20260401_095919_334739_00b9,goldstein_price,"x1,x2",2,0,1,1,0.55,0.25,and,0.6,0.42,or,True,0.08,0.75,2.0,True,0.03,0.55,0.25,True,soft,0.85,0.45,True,0.8,,0.2,5,0.6,0.6,0.06,0.35,0.02,15.0
result\past\additional=True\run_goldstein_price_20260401_095959_108847_42c2,goldstein_price,"x1,x2",2,0,1,1,0.55,0.25,and,0.6,0.42,or,True,0.08,0.75,2.0,True,0.03,0.55,0.25,True,soft,0.85,0.45,True,0.8,,0.2,5,0.6,0.6,0.06,0.35,0.02,15.0
result\past\additional=True\run_goldstein_price_20260401_100049_296756_15cd,goldstein_price,"x1,x2",2,0,1,1,0.55,0.25,and,0.6,0.42,or,True,0.08,0.75,2.0,True,0.03,0.55,0.25,True,soft,0.85,0.45,True,0.8,,0.2,5,0.6,0.6,0.06,0.35,0.02,15.0
result\past\additional=True\run_goldstein_price_20260401_100127_836138_b6d9,goldstein_price,"x1,x2",2,0,1,1,0.55,0.25,and,0.6,0.42,or,True,0.08,0.75,2.0,True,0.03,0.55,0.25,True,soft,0.85,0.45,True,0.8,,0.2,5,0.6,0.6,0.06,0.35,0.02,15.0
result\past\additional=True\run_goldstein_price_20260401_100213_596541_9bbe,goldstein_price,"x1,x2",2,0,1,1,0.55,0.25,and,0.6,0.42,or,True,0.08,0.75,2.0,True,0.03,0.55,0.25,True,soft,0.85,0.45,True,0.8,,0.2,5,0.6,0.6,0.06,0.35,0.02,15.0
result\past\additional=True\run_goldstein_price_20260401_100255_013459_7098,goldstein_price,"x1,x2",2,0,1,1,0.55,0.25,and,0.6,0.42,or,True,0.08,0.75,2.0,True,0.03,0.55,0.25,True,soft,0.85,0.45,True,0.8,,0.2,5,0.6,0.6,0.06,0.35,0.02,15.0
result\past\additional=True\run_goldstein_price_20260401_100340_635515_088a,goldstein_price,"x1,x2",2,0,1,1,0.55,0.25,and,0.6,0.42,or,True,0.08,0.75,2.0,True,0.03,0.55,0.25,True,soft,0.85,0.45,True,0.8,,0.2,5,0.6,0.6,0.06,0.35,0.02,15.0
result\past\additional=True\run_goldstein_price_20260401_100421_039545_154b,goldstein_price,"x1,x2",2,0,1,1,0.55,0.25,and,0.6,0.42,or,True,0.08,0.75,2.0,True,0.03,0.55,0.25,True,soft,0.85,0.45,True,0.8,,0.2,5,0.6,0.6,0.06,0.35,0.02,15.0
result\past\additional=True\run_goldstein_price_20260401_100500_262975_fe99,goldstein_price,"x1,x2",2,0,1,1,0.55,0.25,and,0.6,0.42,or,True,0.08,0.75,2.0,True,0.03,0.55,0.25,True,soft,0.85,0.45,True,0.8,,0.2,5,0.6,0.6,0.06,0.35,0.02,15.0
result\past\additional=True\run_goldstein_price_20260401_100543_432479_58d7,goldstein_price,"x1,x2",2,0,1,1,0.55,0.25,and,0.6,0.42,or,True,0.08,0.75,2.0,True,0.03,0.55,0.25,True,soft,0.85,0.45,True,0.8,,0.2,5,0.6,0.6,0.06,0.35,0.02,15.0
result\past\additional=True\run_goldstein_price_20260401_100621_611103_cbd5,goldstein_price,"x1,x2",2,0,1,1,0.55,0.25,and,0.6,0.42,or,True,0.08,0.75,2.0,True,0.03,0.55,0.25,True,soft,0.85,0.45,True,0.8,,0.2,5,0.6,0.6,0.06,0.35,0.02,15.0
result\past\additional=True\run_goldstein_price_20260401_100659_349448_a463,goldstein_price,"x1,x2",2,0,1,1,0.55,0.25,and,0.6,0.42,or,True,0.08,0.75,2.0,True,0.03,0.55,0.25,True,soft,0.85,0.45,True,0.8,,0.2,5,0.6,0.6,0.06,0.35,0.02,15.0
result\past\additional=True\run_goldstein_price_20260401_100738_469105_4104,goldstein_price,"x1,x2",2,0,1,1,0.55,0.25,and,0.6,0.42,or,True,0.08,0.75,2.0,True,0.03,0.55,0.25,True,soft,0.85,0.45,True,0.8,,0.2,5,0.6,0.6,0.06,0.35,0.02,15.0
result\past\additional=True\run_goldstein_price_20260401_100832_532306_0093,goldstein_price,"x1,x2",2,0,1,1,0.55,0.25,and,0.6,0.42,or,True,0.08,0.75,2.0,True,0.03,0.55,0.25,True,soft,0.85,0.45,True,0.8,,0.2,5,0.6,0.6,0.06,0.35,0.02,15.0
result\past\additional=True\run_goldstein_price_20260401_100914_688587_a329,goldstein_price,"x1,x2",2,0,1,1,0.55,0.25,and,0.6,0.42,or,True,0.08,0.75,2.0,True,0.03,0.55,0.25,True,soft,0.85,0.45,True,0.8,,0.2,5,0.6,0.6,0.06,0.35,0.02,15.0
result\past\additional=True\run_goldstein_price_20260401_101008_861920_dd61,goldstein_price,"x1,x2",2,0,1,1,0.55,0.25,and,0.6,0.42,or,True,0.08,0.75,2.0,True,0.03,0.55,0.25,True,soft,0.85,0.45,True,0.8,,0.2,5,0.6,0.6,0.06,0.35,0.02,15.0
result\past\additional=True\run_goldstein_price_20260401_101053_774384_8dee,goldstein_price,"x1,x2",2,0,1,1,0.55,0.25,and,0.6,0.42,or,True,0.08,0.75,2.0,True,0.03,0.55,0.25,True,soft,0.85,0.45,True,0.8,,0.2,5,0.6,0.6,0.06,0.35,0.02,15.0
result\past\additional=True\run_goldstein_price_20260401_101134_095766_7bbf,goldstein_price,"x1,x2",2,0,1,1,0.55,0.25,and,0.6,0.42,or,True,0.08,0.75,2.0,True,0.03,0.55,0.25,True,soft,0.85,0.45,True,0.8,,0.2,5,0.6,0.6,0.06,0.35,0.02,15.0
result\past\additional=True\run_goldstein_price_20260401_101228_321986_2919,goldstein_price,"x1,x2",2,0,1,1,0.55,0.25,and,0.6,0.42,or,True,0.08,0.75,2.0,True,0.03,0.55,0.25,True,soft,0.85,0.45,True,0.8,,0.2,5,0.6,0.6,0.06,0.35,0.02,15.0
result\past\additional=True\run_goldstein_price_20260401_101313_659941_0483,goldstein_price,"x1,x2",2,0,1,1,0.55,0.25,and,0.6,0.42,or,True,0.08,0.75,2.0,True,0.03,0.55,0.25,True,soft,0.85,0.45,True,0.8,,0.2,5,0.6,0.6,0.06,0.35,0.02,15.0
result\past\additional=True\run_goldstein_price_20260401_101409_219519_e18f,goldstein_price,"x1,x2",2,0,1,1,0.55,0.25,and,0.6,0.42,or,True,0.08,0.75,2.0,True,0.03,0.55,0.25,True,soft,0.85,0.45,True,0.8,,0.2,5,0.6,0.6,0.06,0.35,0.02,15.0
result\past\additional=True\run_goldstein_price_20260401_101448_419901_e0db,goldstein_price,"x1,x2",2,0,1,1,0.55,0.25,and,0.6,0.42,or,True,0.08,0.75,2.0,True,0.03,0.55,0.25,True,soft,0.85,0.45,True,0.8,,0.2,5,0.6,0.6,0.06,0.35,0.02,15.0
result\past\additional=True\run_goldstein_price_20260401_101527_815230_6b13,goldstein_price,"x1,x2",2,0,1,1,0.55,0.25,and,0.6,0.42,or,True,0.08,0.75,2.0,True,0.03,0.55,0.25,True,soft,0.85,0.45,True,0.8,,0.2,5,0.6,0.6,0.06,0.35,0.02,15.0
result\past\additional=True\run_goldstein_price_20260401_101611_259881_38b2,goldstein_price,"x1,x2",2,0,1,1,0.55,0.25,and,0.6,0.42,or,True,0.08,0.75,2.0,True,0.03,0.55,0.25,True,soft,0.85,0.45,True,0.8,,0.2,5,0.6,0.6,0.06,0.35,0.02,15.0
result\past\additional=True\run_goldstein_price_20260401_101659_781136_fe1d,goldstein_price,"x1,x2",2,0,1,1,0.55,0.25,and,0.6,0.42,or,True,0.08,0.75,2.0,True,0.03,0.55,0.25,True,soft,0.85,0.45,True,0.8,,0.2,5,0.6,0.6,0.06,0.35,0.02,15.0
result\past\additional=True\run_goldstein_price_20260401_101747_688206_11ce,goldstein_price,"x1,x2",2,0,1,1,0.55,0.25,and,0.6,0.42,or,True,0.08,0.75,2.0,True,0.03,0.55,0.25,True,soft,0.85,0.45,True,0.8,,0.2,5,0.6,0.6,0.06,0.35,0.02,15.0
result\past\additional=True\run_goldstein_price_20260401_101827_283653_2dd3,goldstein_price,"x1,x2",2,0,1,1,0.55,0.25,and,0.6,0.42,or,True,0.08,0.75,2.0,True,0.03,0.55,0.25,True,soft,0.85,0.45,True,0.8,,0.2,5,0.6,0.6,0.06,0.35,0.02,15.0
result\past\additional=True\run_goldstein_price_20260401_101914_035254_b21b,goldstein_price,"x1,x2",2,0,1,1,0.55,0.25,and,0.6,0.42,or,True,0.08,0.75,2.0,True,0.03,0.55,0.25,True,soft,0.85,0.45,True,0.8,,0.2,5,0.6,0.6,0.06,0.35,0.02,15.0
result\past\additional=True\run_goldstein_price_20260401_101956_351230_b0d7,goldstein_price,"x1,x2",2,0,1,1,0.55,0.25,and,0.6,0.42,or,True,0.08,0.75,2.0,True,0.03,0.55,0.25,True,soft,0.85,0.45,True,0.8,,0.2,5,0.6,0.6,0.06,0.35,0.02,15.0
result\past\additional=True\run_goldstein_price_20260401_102043_341794_6132,goldstein_price,"x1,x2",2,0,1,1,0.55,0.25,and,0.6,0.42,or,True,0.08,0.75,2.0,True,0.03,0.55,0.25,True,soft,0.85,0.45,True,0.8,,0.2,5,0.6,0.6,0.06,0.35,0.02,15.0
result\past\additional=True\run_goldstein_price_20260401_102124_619040_0510,goldstein_price,"x1,x2",2,0,1,1,0.55,0.25,and,0.6,0.42,or,True,0.08,0.75,2.0,True,0.03,0.55,0.25,True,soft,0.85,0.45,True,0.8,,0.2,5,0.6,0.6,0.06,0.35,0.02,15.0
result\past\additional=True\run_goldstein_price_20260401_102201_707068_de20,goldstein_price,"x1,x2",2,0,1,1,0.55,0.25,and,0.6,0.42,or,True,0.08,0.75,2.0,True,0.03,0.55,0.25,True,soft,0.85,0.45,True,0.8,,0.2,5,0.6,0.6,0.06,0.35,0.02,15.0
result\past\additional=True\run_goldstein_price_20260401_102247_020875_7b64,goldstein_price,"x1,x2",2,0,1,1,0.55,0.25,and,0.6,0.42,or,True,0.08,0.75,2.0,True,0.03,0.55,0.25,True,soft,0.85,0.45,True,0.8,,0.2,5,0.6,0.6,0.06,0.35,0.02,15.0
result\past\additional=True\run_goldstein_price_20260401_102332_214131_79c4,goldstein_price,"x1,x2",2,0,1,1,0.55,0.25,and,0.6,0.42,or,True,0.08,0.75,2.0,True,0.03,0.55,0.25,True,soft,0.85,0.45,True,0.8,,0.2,5,0.6,0.6,0.06,0.35,0.02,15.0
result\past\additional=True\run_goldstein_price_20260401_102409_167931_1532,goldstein_price,"x1,x2",2,0,1,1,0.55,0.25,and,0.6,0.42,or,True,0.08,0.75,2.0,True,0.03,0.55,0.25,True,soft,0.85,0.45,True,0.8,,0.2,5,0.6,0.6,0.06,0.35,0.02,15.0
result\past\additional=True\run_goldstein_price_20260401_102456_210785_d41a,goldstein_price,"x1,x2",2,0,1,1,0.55,0.25,and,0.6,0.42,or,True,0.08,0.75,2.0,True,0.03,0.55,0.25,True,soft,0.85,0.45,True,0.8,,0.2,5,0.6,0.6,0.06,0.35,0.02,15.0
result\past\additional=True\run_goldstein_price_20260401_102544_794227_5d40,goldstein_price,"x1,x2",2,0,1,1,0.55,0.25,and,0.6,0.42,or,True,0.08,0.75,2.0,True,0.03,0.55,0.25,True,soft,0.85,0.45,True,0.8,,0.2,5,0.6,0.6,0.06,0.35,0.02,15.0
result\past\additional=True\run_goldstein_price_20260401_124414_942052_69e6,goldstein_price,x2,1,0,0,0,0.55,0.25,and,0.6,0.42,or,True,0.08,0.8,2.0,True,0.03,0.55,0.25,True,soft,0.85,0.45,True,0.73,,0.2,5,0.6,0.6,0.06,0.35,0.02,15.0
result\past\additional=True\run_goldstein_price_20260401_124505_292791_1990,goldstein_price,"x1,x2",2,0,1,1,0.55,0.25,and,0.6,0.42,or,True,0.08,0.8,2.0,True,0.03,0.55,0.25,True,soft,0.85,0.45,True,0.73,,0.2,5,0.6,0.6,0.06,0.35,0.02,15.0
result\past\additional=True\run_goldstein_price_20260401_124555_504099_4e57,goldstein_price,"x1,x2",2,0,1,1,0.55,0.25,and,0.6,0.42,or,True,0.08,0.8,2.0,True,0.03,0.55,0.25,True,soft,0.85,0.45,True,0.73,,0.2,5,0.6,0.6,0.06,0.35,0.02,15.0
result\past\additional=True\run_goldstein_price_20260401_124642_456315_4ac6,goldstein_price,"x1,x2",2,0,1,1,0.55,0.25,and,0.6,0.42,or,True,0.08,0.8,2.0,True,0.03,0.55,0.25,True,soft,0.85,0.45,True,0.73,,0.2,5,0.6,0.6,0.06,0.35,0.02,15.0
result\past\additional=True\run_goldstein_price_20260401_124741_347585_180f,goldstein_price,"x1,x2",2,0,1,1,0.55,0.25,and,0.6,0.42,or,True,0.08,0.8,2.0,True,0.03,0.55,0.25,True,soft,0.85,0.45,True,0.73,,0.2,5,0.6,0.6,0.06,0.35,0.02,15.0
result\past\additional=True\run_goldstein_price_20260401_124832_772621_4cc4,goldstein_price,"x1,x2",2,0,1,1,0.55,0.25,and,0.6,0.42,or,True,0.08,0.8,2.0,True,0.03,0.55,0.25,True,soft,0.85,0.45,True,0.73,,0.2,5,0.6,0.6,0.06,0.35,0.02,15.0
result\past\additional=True\run_goldstein_price_20260401_124913_330363_c259,goldstein_price,"x1,x2",2,0,1,1,0.55,0.25,and,0.6,0.42,or,True,0.08,0.8,2.0,True,0.03,0.55,0.25,True,soft,0.85,0.45,True,0.73,,0.2,5,0.6,0.6,0.06,0.35,0.02,15.0
result\past\additional=True\run_goldstein_price_20260401_124959_594165_0064,goldstein_price,"x1,x2",2,0,1,1,0.55,0.25,and,0.6,0.42,or,True,0.08,0.8,2.0,True,0.03,0.55,0.25,True,soft,0.85,0.45,True,0.73,,0.2,5,0.6,0.6,0.06,0.35,0.02,15.0
result\past\additional=True\run_goldstein_price_20260401_125051_602030_ab09,goldstein_price,"x1,x2",2,0,1,1,0.55,0.25,and,0.6,0.42,or,True,0.08,0.8,2.0,True,0.03,0.55,0.25,True,soft,0.85,0.45,True,0.73,,0.2,5,0.6,0.6,0.06,0.35,0.02,15.0
result\past\additional=True\run_goldstein_price_20260401_125140_382927_18d5,goldstein_price,"x1,x2",2,0,1,1,0.55,0.25,and,0.6,0.42,or,True,0.08,0.8,2.0,True,0.03,0.55,0.25,True,soft,0.85,0.45,True,0.73,,0.2,5,0.6,0.6,0.06,0.35,0.02,15.0
result\past\additional=True\run_goldstein_price_20260401_125225_253704_ef4b,goldstein_price,"x1,x2",2,0,1,1,0.55,0.25,and,0.6,0.42,or,True,0.08,0.8,2.0,True,0.03,0.55,0.25,True,soft,0.85,0.45,True,0.73,,0.2,5,0.6,0.6,0.06,0.35,0.02,15.0
result\past\additional=True\run_goldstein_price_20260401_125305_396308_8a74,goldstein_price,"x1,x2",2,0,1,1,0.55,0.25,and,0.6,0.42,or,True,0.08,0.8,2.0,True,0.03,0.55,0.25,True,soft,0.85,0.45,True,0.73,,0.2,5,0.6,0.6,0.06,0.35,0.02,15.0
result\past\additional=True\run_goldstein_price_20260401_125353_230944_b32a,goldstein_price,"x1,x2",2,0,1,1,0.55,0.25,and,0.6,0.42,or,True,0.08,0.8,2.0,True,0.03,0.55,0.25,True,soft,0.85,0.45,True,0.73,,0.2,5,0.6,0.6,0.06,0.35,0.02,15.0
result\past\additional=True\run_goldstein_price_20260401_125431_447055_9ac7,goldstein_price,"x1,x2",2,0,1,1,0.55,0.25,and,0.6,0.42,or,True,0.08,0.8,2.0,True,0.03,0.55,0.25,True,soft,0.85,0.45,True,0.73,,0.2,5,0.6,0.6,0.06,0.35,0.02,15.0
result\past\additional=True\run_goldstein_price_20260401_125510_869692_345f,goldstein_price,"x1,x2",2,0,1,1,0.55,0.25,and,0.6,0.42,or,True,0.08,0.8,2.0,True,0.03,0.55,0.25,True,soft,0.85,0.45,True,0.73,,0.2,5,0.6,0.6,0.06,0.35,0.02,15.0
result\past\additional=True\run_goldstein_price_20260401_125600_128479_e565,goldstein_price,"x1,x2",2,0,1,1,0.55,0.25,and,0.6,0.42,or,True,0.08,0.8,2.0,True,0.03,0.55,0.25,True,soft,0.85,0.45,True,0.73,,0.2,5,0.6,0.6,0.06,0.35,0.02,15.0
result\past\additional=True\run_goldstein_price_20260401_125638_510604_b106,goldstein_price,"x1,x2",2,0,1,1,0.55,0.25,and,0.6,0.42,or,True,0.08,0.8,2.0,True,0.03,0.55,0.25,True,soft,0.85,0.45,True,0.73,,0.2,5,0.6,0.6,0.06,0.35,0.02,15.0
result\past\additional=True\run_goldstein_price_20260401_125723_902927_956d,goldstein_price,"x1,x2",2,0,1,1,0.55,0.25,and,0.6,0.42,or,True,0.08,0.8,2.0,True,0.03,0.55,0.25,True,soft,0.85,0.45,True,0.73,,0.2,5,0.6,0.6,0.06,0.35,0.02,15.0
result\past\additional=True\run_goldstein_price_20260401_125804_397737_740e,goldstein_price,"x1,x2",2,0,1,1,0.55,0.25,and,0.6,0.42,or,True,0.08,0.8,2.0,True,0.03,0.55,0.25,True,soft,0.85,0.45,True,0.73,,0.2,5,0.6,0.6,0.06,0.35,0.02,15.0
result\past\additional=True\run_goldstein_price_20260401_125849_773576_180f,goldstein_price,"x1,x2",2,0,1,1,0.55,0.25,and,0.6,0.42,or,True,0.08,0.8,2.0,True,0.03,0.55,0.25,True,soft,0.85,0.45,True,0.73,,0.2,5,0.6,0.6,0.06,0.35,0.02,15.0
result\past\additional=True\run_goldstein_price_20260401_125929_048548_5b09,goldstein_price,"x1,x2",2,0,1,1,0.55,0.25,and,0.6,0.42,or,True,0.08,0.8,2.0,True,0.03,0.55,0.25,True,soft,0.85,0.45,True,0.73,,0.2,5,0.6,0.6,0.06,0.35,0.02,15.0
result\past\additional=True\run_goldstein_price_20260401_130007_201576_f176,goldstein_price,"x1,x2",2,0,1,1,0.55,0.25,and,0.6,0.42,or,True,0.08,0.8,2.0,True,0.03,0.55,0.25,True,soft,0.85,0.45,True,0.73,,0.2,5,0.6,0.6,0.06,0.35,0.02,15.0
result\past\additional=True\run_goldstein_price_20260401_130049_878999_091c,goldstein_price,"x1,x2",2,0,1,1,0.55,0.25,and,0.6,0.42,or,True,0.08,0.8,2.0,True,0.03,0.55,0.25,True,soft,0.85,0.45,True,0.73,,0.2,5,0.6,0.6,0.06,0.35,0.02,15.0
result\past\additional=True\run_goldstein_price_20260401_130128_089132_74d8,goldstein_price,"x1,x2",2,0,1,1,0.55,0.25,and,0.6,0.42,or,True,0.08,0.8,2.0,True,0.03,0.55,0.25,True,soft,0.85,0.45,True,0.73,,0.2,5,0.6,0.6,0.06,0.35,0.02,15.0
result\past\additional=True\run_goldstein_price_20260401_130205_344537_e992,goldstein_price,"x1,x2",2,0,1,1,0.55,0.25,and,0.6,0.42,or,True,0.08,0.8,2.0,True,0.03,0.55,0.25,True,soft,0.85,0.45,True,0.73,,0.2,5,0.6,0.6,0.06,0.35,0.02,15.0
result\past\additional=True\run_goldstein_price_20260401_130244_743643_9138,goldstein_price,"x1,x2",2,0,1,1,0.55,0.25,and,0.6,0.42,or,True,0.08,0.8,2.0,True,0.03,0.55,0.25,True,soft,0.85,0.45,True,0.73,,0.2,5,0.6,0.6,0.06,0.35,0.02,15.0
result\past\additional=True\run_goldstein_price_20260401_130338_187133_c0de,goldstein_price,"x1,x2",2,0,1,1,0.55,0.25,and,0.6,0.42,or,True,0.08,0.8,2.0,True,0.03,0.55,0.25,True,soft,0.85,0.45,True,0.73,,0.2,5,0.6,0.6,0.06,0.35,0.02,15.0
result\past\additional=True\run_goldstein_price_20260401_130420_403603_16bc,goldstein_price,"x1,x2",2,0,1,1,0.55,0.25,and,0.6,0.42,or,True,0.08,0.8,2.0,True,0.03,0.55,0.25,True,soft,0.85,0.45,True,0.73,,0.2,5,0.6,0.6,0.06,0.35,0.02,15.0
result\past\additional=True\run_goldstein_price_20260401_130513_850994_66fc,goldstein_price,"x1,x2",2,0,1,1,0.55,0.25,and,0.6,0.42,or,True,0.08,0.8,2.0,True,0.03,0.55,0.25,True,soft,0.85,0.45,True,0.73,,0.2,5,0.6,0.6,0.06,0.35,0.02,15.0
result\past\additional=True\run_goldstein_price_20260401_130558_306439_25c6,goldstein_price,"x1,x2",2,0,1,1,0.55,0.25,and,0.6,0.42,or,True,0.08,0.8,2.0,True,0.03,0.55,0.25,True,soft,0.85,0.45,True,0.73,,0.2,5,0.6,0.6,0.06,0.35,0.02,15.0
result\past\additional=True\run_goldstein_price_20260401_130638_595779_2d56,goldstein_price,"x1,x2",2,0,1,1,0.55,0.25,and,0.6,0.42,or,True,0.08,0.8,2.0,True,0.03,0.55,0.25,True,soft,0.85,0.45,True,0.73,,0.2,5,0.6,0.6,0.06,0.35,0.02,15.0
result\past\additional=True\run_goldstein_price_20260401_130732_315413_31b1,goldstein_price,"x1,x2",2,0,1,1,0.55,0.25,and,0.6,0.42,or,True,0.08,0.8,2.0,True,0.03,0.55,0.25,True,soft,0.85,0.45,True,0.73,,0.2,5,0.6,0.6,0.06,0.35,0.02,15.0
result\past\additional=True\run_goldstein_price_20260401_130817_186777_05d5,goldstein_price,"x1,x2",2,0,1,1,0.55,0.25,and,0.6,0.42,or,True,0.08,0.8,2.0,True,0.03,0.55,0.25,True,soft,0.85,0.45,True,0.73,,0.2,5,0.6,0.6,0.06,0.35,0.02,15.0
result\past\additional=True\run_goldstein_price_20260401_130912_165757_555a,goldstein_price,"x1,x2",2,0,1,1,0.55,0.25,and,0.6,0.42,or,True,0.08,0.8,2.0,True,0.03,0.55,0.25,True,soft,0.85,0.45,True,0.73,,0.2,5,0.6,0.6,0.06,0.35,0.02,15.0
result\past\additional=True\run_goldstein_price_20260401_130951_152002_c1cc,goldstein_price,"x1,x2",2,0,1,1,0.55,0.25,and,0.6,0.42,or,True,0.08,0.8,2.0,True,0.03,0.55,0.25,True,soft,0.85,0.45,True,0.73,,0.2,5,0.6,0.6,0.06,0.35,0.02,15.0
result\past\additional=True\run_goldstein_price_20260401_131030_528973_f7b4,goldstein_price,"x1,x2",2,0,1,1,0.55,0.25,and,0.6,0.42,or,True,0.08,0.8,2.0,True,0.03,0.55,0.25,True,soft,0.85,0.45,True,0.73,,0.2,5,0.6,0.6,0.06,0.35,0.02,15.0
result\past\additional=True\run_goldstein_price_20260401_131113_511173_0357,goldstein_price,"x1,x2",2,0,1,1,0.55,0.25,and,0.6,0.42,or,True,0.08,0.8,2.0,True,0.03,0.55,0.25,True,soft,0.85,0.45,True,0.73,,0.2,5,0.6,0.6,0.06,0.35,0.02,15.0
result\past\additional=True\run_goldstein_price_20260401_131201_688586_5e09,goldstein_price,"x1,x2",2,0,1,1,0.55,0.25,and,0.6,0.42,or,True,0.08,0.8,2.0,True,0.03,0.55,0.25,True,soft,0.85,0.45,True,0.73,,0.2,5,0.6,0.6,0.06,0.35,0.02,15.0
result\past\additional=True\run_goldstein_price_20260401_131249_768046_12bf,goldstein_price,"x1,x2",2,0,1,1,0.55,0.25,and,0.6,0.42,or,True,0.08,0.8,2.0,True,0.03,0.55,0.25,True,soft,0.85,0.45,True,0.73,,0.2,5,0.6,0.6,0.06,0.35,0.02,15.0
result\past\additional=True\run_goldstein_price_20260401_131328_935089_3111,goldstein_price,"x1,x2",2,0,1,1,0.55,0.25,and,0.6,0.42,or,True,0.08,0.8,2.0,True,0.03,0.55,0.25,True,soft,0.85,0.45,True,0.73,,0.2,5,0.6,0.6,0.06,0.35,0.02,15.0
result\past\additional=True\run_goldstein_price_20260401_131414_402916_34a1,goldstein_price,"x1,x2",2,0,1,1,0.55,0.25,and,0.6,0.42,or,True,0.08,0.8,2.0,True,0.03,0.55,0.25,True,soft,0.85,0.45,True,0.73,,0.2,5,0.6,0.6,0.06,0.35,0.02,15.0
result\past\additional=True\run_goldstein_price_20260401_131456_246046_abf8,goldstein_price,"x1,x2",2,0,1,1,0.55,0.25,and,0.6,0.42,or,True,0.08,0.8,2.0,True,0.03,0.55,0.25,True,soft,0.85,0.45,True,0.73,,0.2,5,0.6,0.6,0.06,0.35,0.02,15.0
result\past\additional=True\run_goldstein_price_20260401_131543_016574_500b,goldstein_price,"x1,x2",2,0,1,1,0.55,0.25,and,0.6,0.42,or,True,0.08,0.8,2.0,True,0.03,0.55,0.25,True,soft,0.85,0.45,True,0.73,,0.2,5,0.6,0.6,0.06,0.35,0.02,15.0
result\past\additional=True\run_goldstein_price_20260401_131624_120915_14fd,goldstein_price,"x1,x2",2,0,1,1,0.55,0.25,and,0.6,0.42,or,True,0.08,0.8,2.0,True,0.03,0.55,0.25,True,soft,0.85,0.45,True,0.73,,0.2,5,0.6,0.6,0.06,0.35,0.02,15.0
result\past\additional=True\run_goldstein_price_20260401_131700_638418_2a4d,goldstein_price,"x1,x2",2,0,1,1,0.55,0.25,and,0.6,0.42,or,True,0.08,0.8,2.0,True,0.03,0.55,0.25,True,soft,0.85,0.45,True,0.73,,0.2,5,0.6,0.6,0.06,0.35,0.02,15.0
result\past\additional=True\run_goldstein_price_20260401_131746_439276_2617,goldstein_price,"x1,x2",2,0,1,1,0.55,0.25,and,0.6,0.42,or,True,0.08,0.8,2.0,True,0.03,0.55,0.25,True,soft,0.85,0.45,True,0.73,,0.2,5,0.6,0.6,0.06,0.35,0.02,15.0
result\past\additional=True\run_goldstein_price_20260401_131832_329123_ee86,goldstein_price,"x1,x2",2,0,1,1,0.55,0.25,and,0.6,0.42,or,True,0.08,0.8,2.0,True,0.03,0.55,0.25,True,soft,0.85,0.45,True,0.73,,0.2,5,0.6,0.6,0.06,0.35,0.02,15.0
result\past\additional=True\run_goldstein_price_20260401_131909_382849_c720,goldstein_price,"x1,x2",2,0,1,1,0.55,0.25,and,0.6,0.42,or,True,0.08,0.8,2.0,True,0.03,0.55,0.25,True,soft,0.85,0.45,True,0.73,,0.2,5,0.6,0.6,0.06,0.35,0.02,15.0
result\past\additional=True\run_goldstein_price_20260401_131956_032233_0ee7,goldstein_price,"x1,x2",2,0,1,1,0.55,0.25,and,0.6,0.42,or,True,0.08,0.8,2.0,True,0.03,0.55,0.25,True,soft,0.85,0.45,True,0.73,,0.2,5,0.6,0.6,0.06,0.35,0.02,15.0
result\past\additional=True\run_goldstein_price_20260401_132044_130593_7ed2,goldstein_price,"x1,x2",2,0,1,1,0.55,0.25,and,0.6,0.42,or,True,0.08,0.8,2.0,True,0.03,0.55,0.25,True,soft,0.85,0.45,True,0.73,,0.2,5,0.6,0.6,0.06,0.35,0.02,15.0
result\past\additional=True\run_goldstein_price_20260401_174418_211463_3a55,goldstein_price,"x1,x2",2,0,1,1,0.55,0.25,and,0.6,0.42,or,True,0.08,0.79,2.0,True,0.03,0.55,0.25,True,soft,0.85,0.45,True,0.73,,0.2,5,0.6,0.6,0.06,0.35,0.02,15.0
result\past\additional=True\run_goldstein_price_20260401_174508_641498_db99,goldstein_price,"x1,x2",2,0,1,1,0.55,0.25,and,0.6,0.42,or,True,0.08,0.79,2.0,True,0.03,0.55,0.25,True,soft,0.85,0.45,True,0.73,,0.2,5,0.6,0.6,0.06,0.35,0.02,15.0
result\past\additional=True\run_goldstein_price_20260401_174552_777429_6c12,goldstein_price,"x1,x2",2,0,1,1,0.55,0.25,and,0.6,0.42,or,True,0.08,0.79,2.0,True,0.03,0.55,0.25,True,soft,0.85,0.45,True,0.73,,0.2,5,0.6,0.6,0.06,0.35,0.02,15.0
result\past\additional=True\run_goldstein_price_20260401_174644_859993_4040,goldstein_price,"x1,x2",2,0,1,1,0.55,0.25,and,0.6,0.42,or,True,0.08,0.79,2.0,True,0.03,0.55,0.25,True,soft,0.85,0.45,True,0.73,,0.2,5,0.6,0.6,0.06,0.35,0.02,15.0
result\past\additional=True\run_goldstein_price_20260401_174728_741528_d7ad,goldstein_price,"x1,x2",2,0,1,1,0.55,0.25,and,0.6,0.42,or,True,0.08,0.79,2.0,True,0.03,0.55,0.25,True,soft,0.85,0.45,True,0.73,,0.2,5,0.6,0.6,0.06,0.35,0.02,15.0
result\past\additional=True\run_goldstein_price_20260401_174821_794480_2b7b,goldstein_price,"x1,x2",2,0,1,1,0.55,0.25,and,0.6,0.42,or,True,0.08,0.79,2.0,True,0.03,0.55,0.25,True,soft,0.85,0.45,True,0.73,,0.2,5,0.6,0.6,0.06,0.35,0.02,15.0
result\past\additional=True\run_goldstein_price_20260401_174904_646290_576e,goldstein_price,"x1,x2",2,0,1,1,0.55,0.25,and,0.6,0.42,or,True,0.08,0.79,2.0,True,0.03,0.55,0.25,True,soft,0.85,0.45,True,0.73,,0.2,5,0.6,0.6,0.06,0.35,0.02,15.0
result\past\additional=True\run_goldstein_price_20260401_174950_931991_a2ad,goldstein_price,"x1,x2",2,0,1,1,0.55,0.25,and,0.6,0.42,or,True,0.08,0.79,2.0,True,0.03,0.55,0.25,True,soft,0.85,0.45,True,0.73,,0.2,5,0.6,0.6,0.06,0.35,0.02,15.0
result\past\additional=True\run_goldstein_price_20260401_175041_372639_580b,goldstein_price,"x1,x2",2,0,1,1,0.55,0.25,and,0.6,0.42,or,True,0.08,0.79,2.0,True,0.03,0.55,0.25,True,soft,0.85,0.45,True,0.73,,0.2,5,0.6,0.6,0.06,0.35,0.02,15.0
result\past\additional=True\run_goldstein_price_20260401_175128_339894_cb18,goldstein_price,"x1,x2",2,0,1,1,0.55,0.25,and,0.6,0.42,or,True,0.08,0.79,2.0,True,0.03,0.55,0.25,True,soft,0.85,0.45,True,0.73,,0.2,5,0.6,0.6,0.06,0.35,0.02,15.0
result\past\additional=True\run_goldstein_price_20260401_175213_631354_ea34,goldstein_price,"x1,x2",2,0,1,1,0.55,0.25,and,0.6,0.42,or,True,0.08,0.79,2.0,True,0.03,0.55,0.25,True,soft,0.85,0.45,True,0.73,,0.2,5,0.6,0.6,0.06,0.35,0.02,15.0
result\past\additional=True\run_goldstein_price_20260401_175305_420922_3cd8,goldstein_price,"x1,x2",2,0,1,1,0.55,0.25,and,0.6,0.42,or,True,0.08,0.79,2.0,True,0.03,0.55,0.25,True,soft,0.85,0.45,True,0.73,,0.2,5,0.6,0.6,0.06,0.35,0.02,15.0
result\past\additional=True\run_goldstein_price_20260401_175404_450368_a45b,goldstein_price,"x1,x2",2,0,1,1,0.55,0.25,and,0.6,0.42,or,True,0.08,0.79,2.0,True,0.03,0.55,0.25,True,soft,0.85,0.45,True,0.73,,0.2,5,0.6,0.6,0.06,0.35,0.02,15.0
result\past\additional=True\run_goldstein_price_20260401_175450_941620_a3fa,goldstein_price,"x1,x2",2,0,1,1,0.55,0.25,and,0.6,0.42,or,True,0.08,0.79,2.0,True,0.03,0.55,0.25,True,soft,0.85,0.45,True,0.73,,0.2,5,0.6,0.6,0.06,0.35,0.02,15.0
result\past\additional=True\run_goldstein_price_20260401_175545_653286_7c88,goldstein_price,"x1,x2",2,0,1,1,0.55,0.25,and,0.6,0.42,or,True,0.08,0.79,2.0,True,0.03,0.55,0.25,True,soft,0.85,0.45,True,0.73,,0.2,5,0.6,0.6,0.06,0.35,0.02,15.0
result\past\additional=True\run_goldstein_price_20260401_175629_783231_6728,goldstein_price,"x1,x2",2,0,1,1,0.55,0.25,and,0.6,0.42,or,True,0.08,0.79,2.0,True,0.03,0.55,0.25,True,soft,0.85,0.45,True,0.73,,0.2,5,0.6,0.6,0.06,0.35,0.02,15.0
result\past\additional=True\run_goldstein_price_20260401_175718_070159_4658,goldstein_price,"x1,x2",2,0,1,1,0.55,0.25,and,0.6,0.42,or,True,0.08,0.79,2.0,True,0.03,0.55,0.25,True,soft,0.85,0.45,True,0.73,,0.2,5,0.6,0.6,0.06,0.35,0.02,15.0
result\past\additional=True\run_goldstein_price_20260401_175815_047141_14ae,goldstein_price,"x1,x2",2,0,1,1,0.55,0.25,and,0.6,0.42,or,True,0.08,0.79,2.0,True,0.03,0.55,0.25,True,soft,0.85,0.45,True,0.73,,0.2,5,0.6,0.6,0.06,0.35,0.02,15.0
result\past\additional=True\run_goldstein_price_20260401_175858_307601_c621,goldstein_price,"x1,x2",2,0,1,1,0.55,0.25,and,0.6,0.42,or,True,0.08,0.79,2.0,True,0.03,0.55,0.25,True,soft,0.85,0.45,True,0.73,,0.2,5,0.6,0.6,0.06,0.35,0.02,15.0
result\past\additional=True\run_goldstein_price_20260401_175948_716348_c558,goldstein_price,"x1,x2",2,0,1,1,0.55,0.25,and,0.6,0.42,or,True,0.08,0.79,2.0,True,0.03,0.55,0.25,True,soft,0.85,0.45,True,0.73,,0.2,5,0.6,0.6,0.06,0.35,0.02,15.0
result\past\additional=True\run_goldstein_price_20260401_180031_122285_e858,goldstein_price,"x1,x2",2,0,1,1,0.55,0.25,and,0.6,0.42,or,True,0.08,0.79,2.0,True,0.03,0.55,0.25,True,soft,0.85,0.45,True,0.73,,0.2,5,0.6,0.6,0.06,0.35,0.02,15.0
result\past\additional=True\run_goldstein_price_20260401_180118_745621_c852,goldstein_price,"x1,x2",2,0,1,1,0.55,0.25,and,0.6,0.42,or,True,0.08,0.79,2.0,True,0.03,0.55,0.25,True,soft,0.85,0.45,True,0.73,,0.2,5,0.6,0.6,0.06,0.35,0.02,15.0
result\past\additional=True\run_goldstein_price_20260401_180200_584969_b665,goldstein_price,"x1,x2",2,0,1,1,0.55,0.25,and,0.6,0.42,or,True,0.08,0.79,2.0,True,0.03,0.55,0.25,True,soft,0.85,0.45,True,0.73,,0.2,5,0.6,0.6,0.06,0.35,0.02,15.0
result\past\additional=True\run_goldstein_price_20260401_180245_848206_0698,goldstein_price,"x1,x2",2,0,1,1,0.55,0.25,and,0.6,0.42,or,True,0.08,0.79,2.0,True,0.03,0.55,0.25,True,soft,0.85,0.45,True,0.73,,0.2,5,0.6,0.6,0.06,0.35,0.02,15.0
result\past\additional=True\run_goldstein_price_20260401_180324_726785_5c6d,goldstein_price,"x1,x2",2,0,1,1,0.55,0.25,and,0.6,0.42,or,True,0.08,0.79,2.0,True,0.03,0.55,0.25,True,soft,0.85,0.45,True,0.73,,0.2,5,0.6,0.6,0.06,0.35,0.02,15.0
result\past\additional=True\run_goldstein_price_20260401_180410_414301_1aa8,goldstein_price,"x1,x2",2,0,1,1,0.55,0.25,and,0.6,0.42,or,True,0.08,0.79,2.0,True,0.03,0.55,0.25,True,soft,0.85,0.45,True,0.73,,0.2,5,0.6,0.6,0.06,0.35,0.02,15.0
result\past\additional=True\run_goldstein_price_20260401_180455_968425_ac5d,goldstein_price,"x1,x2",2,0,1,1,0.55,0.25,and,0.6,0.42,or,True,0.08,0.79,2.0,True,0.03,0.55,0.25,True,soft,0.85,0.45,True,0.73,,0.2,5,0.6,0.6,0.06,0.35,0.02,15.0
result\past\additional=True\run_goldstein_price_20260401_180548_165622_a02f,goldstein_price,"x1,x2",2,0,1,1,0.55,0.25,and,0.6,0.42,or,True,0.08,0.79,2.0,True,0.03,0.55,0.25,True,soft,0.85,0.45,True,0.73,,0.2,5,0.6,0.6,0.06,0.35,0.02,15.0
result\past\additional=True\run_goldstein_price_20260401_180639_134524_9eee,goldstein_price,"x1,x2",2,0,1,1,0.55,0.25,and,0.6,0.42,or,True,0.08,0.79,2.0,True,0.03,0.55,0.25,True,soft,0.85,0.45,True,0.73,,0.2,5,0.6,0.6,0.06,0.35,0.02,15.0
result\past\additional=True\run_goldstein_price_20260401_180733_345033_0bc3,goldstein_price,"x1,x2",2,0,1,1,0.55,0.25,and,0.6,0.42,or,True,0.08,0.79,2.0,True,0.03,0.55,0.25,True,soft,0.85,0.45,True,0.73,,0.2,5,0.6,0.6,0.06,0.35,0.02,15.0
result\past\additional=True\run_goldstein_price_20260401_180816_584401_8c6e,goldstein_price,"x1,x2",2,0,1,1,0.55,0.25,and,0.6,0.42,or,True,0.08,0.79,2.0,True,0.03,0.55,0.25,True,soft,0.85,0.45,True,0.73,,0.2,5,0.6,0.6,0.06,0.35,0.02,15.0
result\past\additional=True\run_goldstein_price_20260401_180911_747727_6ba2,goldstein_price,"x1,x2",2,0,1,1,0.55,0.25,and,0.6,0.42,or,True,0.08,0.79,2.0,True,0.03,0.55,0.25,True,soft,0.85,0.45,True,0.73,,0.2,5,0.6,0.6,0.06,0.35,0.02,15.0
result\past\additional=True\run_goldstein_price_20260401_181002_200259_75e4,goldstein_price,"x1,x2",2,0,1,1,0.55,0.25,and,0.6,0.42,or,True,0.08,0.79,2.0,True,0.03,0.55,0.25,True,soft,0.85,0.45,True,0.73,,0.2,5,0.6,0.6,0.06,0.35,0.02,15.0
result\past\additional=True\run_goldstein_price_20260401_181047_802295_50f8,goldstein_price,"x1,x2",2,0,1,1,0.55,0.25,and,0.6,0.42,or,True,0.08,0.79,2.0,True,0.03,0.55,0.25,True,soft,0.85,0.45,True,0.73,,0.2,5,0.6,0.6,0.06,0.35,0.02,15.0
result\past\additional=True\run_goldstein_price_20260401_181131_573630_5f25,goldstein_price,"x1,x2",2,0,1,1,0.55,0.25,and,0.6,0.42,or,True,0.08,0.79,2.0,True,0.03,0.55,0.25,True,soft,0.85,0.45,True,0.73,,0.2,5,0.6,0.6,0.06,0.35,0.02,15.0
result\past\additional=True\run_goldstein_price_20260401_181212_353453_196a,goldstein_price,"x1,x2",2,0,1,1,0.55,0.25,and,0.6,0.42,or,True,0.08,0.79,2.0,True,0.03,0.55,0.25,True,soft,0.85,0.45,True,0.73,,0.2,5,0.6,0.6,0.06,0.35,0.02,15.0
result\past\additional=True\run_goldstein_price_20260401_181301_615393_b681,goldstein_price,"x1,x2",2,0,1,1,0.55,0.25,and,0.6,0.42,or,True,0.08,0.79,2.0,True,0.03,0.55,0.25,True,soft,0.85,0.45,True,0.73,,0.2,5,0.6,0.6,0.06,0.35,0.02,15.0
result\past\additional=True\run_goldstein_price_20260401_181405_359676_2088,goldstein_price,"x1,x2",2,0,1,1,0.55,0.25,and,0.6,0.42,or,True,0.08,0.79,2.0,True,0.03,0.55,0.25,True,soft,0.85,0.45,True,0.73,,0.2,5,0.6,0.6,0.06,0.35,0.02,15.0
result\past\additional=True\run_goldstein_price_20260401_181502_342657_131c,goldstein_price,"x1,x2",2,0,1,1,0.55,0.25,and,0.6,0.42,or,True,0.08,0.79,2.0,True,0.03,0.55,0.25,True,soft,0.85,0.45,True,0.73,,0.2,5,0.6,0.6,0.06,0.35,0.02,15.0
result\past\additional=True\run_goldstein_price_20260401_181554_926285_a419,goldstein_price,"x1,x2",2,0,1,1,0.55,0.25,and,0.6,0.42,or,True,0.08,0.79,2.0,True,0.03,0.55,0.25,True,soft,0.85,0.45,True,0.73,,0.2,5,0.6,0.6,0.06,0.35,0.02,15.0
result\past\additional=True\run_goldstein_price_20260401_181634_714436_0bed,goldstein_price,"x1,x2",2,0,1,1,0.55,0.25,and,0.6,0.42,or,True,0.08,0.79,2.0,True,0.03,0.55,0.25,True,soft,0.85,0.45,True,0.73,,0.2,5,0.6,0.6,0.06,0.35,0.02,15.0
result\past\additional=True\run_goldstein_price_20260401_181718_023856_9632,goldstein_price,"x1,x2",2,0,1,1,0.55,0.25,and,0.6,0.42,or,True,0.08,0.79,2.0,True,0.03,0.55,0.25,True,soft,0.85,0.45,True,0.73,,0.2,5,0.6,0.6,0.06,0.35,0.02,15.0
result\past\additional=True\run_goldstein_price_20260401_181807_209346_85ce,goldstein_price,"x1,x2",2,0,1,1,0.55,0.25,and,0.6,0.42,or,True,0.08,0.79,2.0,True,0.03,0.55,0.25,True,soft,0.85,0.45,True,0.73,,0.2,5,0.6,0.6,0.06,0.35,0.02,15.0
result\past\additional=True\run_goldstein_price_20260401_181848_122177_99ef,goldstein_price,"x1,x2",2,0,1,1,0.55,0.25,and,0.6,0.42,or,True,0.08,0.79,2.0,True,0.03,0.55,0.25,True,soft,0.85,0.45,True,0.73,,0.2,5,0.6,0.6,0.06,0.35,0.02,15.0
result\past\additional=True\run_goldstein_price_20260401_181930_888364_474c,goldstein_price,"x1,x2",2,0,1,1,0.55,0.25,and,0.6,0.42,or,True,0.08,0.79,2.0,True,0.03,0.55,0.25,True,soft,0.85,0.45,True,0.73,,0.2,5,0.6,0.6,0.06,0.35,0.02,15.0
result\past\additional=True\run_goldstein_price_20260401_182014_584925_e4e9,goldstein_price,"x1,x2",2,0,1,1,0.55,0.25,and,0.6,0.42,or,True,0.08,0.79,2.0,True,0.03,0.55,0.25,True,soft,0.85,0.45,True,0.73,,0.2,5,0.6,0.6,0.06,0.35,0.02,15.0
result\past\additional=True\run_goldstein_price_20260401_182101_077729_0f51,goldstein_price,"x1,x2",2,0,1,1,0.55,0.25,and,0.6,0.42,or,True,0.08,0.79,2.0,True,0.03,0.55,0.25,True,soft,0.85,0.45,True,0.73,,0.2,5,0.6,0.6,0.06,0.35,0.02,15.0
result\past\additional=True\run_goldstein_price_20260401_182147_958897_269a,goldstein_price,"x1,x2",2,0,1,1,0.55,0.25,and,0.6,0.42,or,True,0.08,0.79,2.0,True,0.03,0.55,0.25,True,soft,0.85,0.45,True,0.73,,0.2,5,0.6,0.6,0.06,0.35,0.02,15.0
result\past\additional=True\run_goldstein_price_20260401_182233_266030_d465,goldstein_price,"x1,x2",2,0,1,1,0.55,0.25,and,0.6,0.42,or,True,0.08,0.79,2.0,True,0.03,0.55,0.25,True,soft,0.85,0.45,True,0.73,,0.2,5,0.6,0.6,0.06,0.35,0.02,15.0
result\past\additional=True\run_goldstein_price_20260401_182319_423971_2cb1,goldstein_price,"x1,x2",2,0,1,1,0.55,0.25,and,0.6,0.42,or,True,0.08,0.79,2.0,True,0.03,0.55,0.25,True,soft,0.85,0.45,True,0.73,,0.2,5,0.6,0.6,0.06,0.35,0.02,15.0
result\past\additional=True\run_rosenbrock_20260326_171031_560352_8b9b,rosenbrock,"x1,x2,x3,x4,x5",5,0,1,1,0.55,0.25,and,0.6,0.3,or,,,,,True,0.03,0.55,0.25,True,soft,0.85,0.3,True,0.7,,0.2,5,0.6,0.6,0.06,0.35,0.02,15.0
result\past\additional=True\run_rosenbrock_20260326_171142_863131_43e5,rosenbrock,"x1,x2,x3,x4,x5",5,0,1,1,0.55,0.25,and,0.6,0.3,or,,,,,True,0.03,0.55,0.25,True,soft,0.85,0.3,True,0.7,,0.2,5,0.6,0.6,0.06,0.35,0.02,15.0
result\past\additional=True\run_rosenbrock_20260326_171251_084906_ef45,rosenbrock,"x1,x2,x3,x4,x5",5,0,1,1,0.55,0.25,and,0.6,0.3,or,,,,,True,0.03,0.55,0.25,True,soft,0.85,0.3,True,0.7,,0.2,5,0.6,0.6,0.06,0.35,0.02,15.0
result\past\additional=True\run_rosenbrock_20260326_171400_891146_6b55,rosenbrock,"x1,x2,x3,x4,x5",5,0,1,1,0.55,0.25,and,0.6,0.3,or,,,,,True,0.03,0.55,0.25,True,soft,0.85,0.3,True,0.7,,0.2,5,0.6,0.6,0.06,0.35,0.02,15.0
result\past\additional=True\run_rosenbrock_20260326_171526_326831_a85e,rosenbrock,"x1,x2,x3,x4,x5",5,0,1,1,0.55,0.25,and,0.6,0.3,or,,,,,True,0.03,0.55,0.25,True,soft,0.85,0.3,True,0.7,,0.2,5,0.6,0.6,0.06,0.35,0.02,15.0
result\past\additional=True\run_rosenbrock_20260326_171640_399285_73cb,rosenbrock,"x1,x2,x3,x4,x5",5,0,1,1,0.55,0.25,and,0.6,0.3,or,,,,,True,0.03,0.55,0.25,True,soft,0.85,0.3,True,0.7,,0.2,5,0.6,0.6,0.06,0.35,0.02,15.0
result\past\additional=True\run_rosenbrock_20260326_171753_582176_5689,rosenbrock,"x1,x2,x3,x4,x5",5,0,1,1,0.55,0.25,and,0.6,0.3,or,,,,,True,0.03,0.55,0.25,True,soft,0.85,0.3,True,0.7,,0.2,5,0.6,0.6,0.06,0.35,0.02,15.0
result\past\additional=True\run_rosenbrock_20260326_171941_117578_4f5c,rosenbrock,"x1,x2,x3,x4,x5",5,0,1,1,0.55,0.25,and,0.6,0.3,or,,,,,True,0.03,0.55,0.25,True,soft,0.85,0.3,True,0.7,,0.2,5,0.6,0.6,0.06,0.35,0.02,15.0
result\past\additional=True\run_rosenbrock_20260326_172108_681437_0fd6,rosenbrock,"x1,x2,x3,x4,x5",5,0,1,1,0.55,0.25,and,0.6,0.3,or,,,,,True,0.03,0.55,0.25,True,soft,0.85,0.3,True,0.7,,0.2,5,0.6,0.6,0.06,0.35,0.02,15.0
result\past\additional=True\run_rosenbrock_20260326_172219_558837_36ef,rosenbrock,"x1,x2,x3,x4,x5",5,0,1,1,0.55,0.25,and,0.6,0.3,or,,,,,True,0.03,0.55,0.25,True,soft,0.85,0.3,True,0.7,,0.2,5,0.6,0.6,0.06,0.35,0.02,15.0
result\past\additional=True\run_rosenbrock_20260327_082227_917444_461e,rosenbrock,"x1,x2,x3,x4,x5",5,0,1,1,0.55,0.25,and,0.6,0.3,or,,,,,True,0.03,0.55,0.25,True,soft,0.85,0.3,True,0.7,,0.2,5,0.6,0.6,0.06,0.35,0.02,15.0
result\past\additional=True\run_rosenbrock_20260327_082442_915524_f076,rosenbrock,"x2,x3,x4,x5",4,0,0,0,0.55,0.25,and,0.6,0.3,or,,,,,True,0.03,0.55,0.25,True,soft,0.85,0.3,True,0.7,,0.2,5,0.6,0.6,0.06,0.35,0.02,15.0
result\past\additional=True\run_rosenbrock_20260327_082637_557214_e487,rosenbrock,"x1,x2,x3,x4,x5",5,0,1,1,0.55,0.25,and,0.6,0.3,or,,,,,True,0.03,0.55,0.25,True,soft,0.85,0.3,True,0.7,,0.2,5,0.6,0.6,0.06,0.35,0.02,15.0
result\past\additional=True\run_rosenbrock_20260327_082841_833703_7a09,rosenbrock,"x1,x2,x3,x4,x5",5,0,1,1,0.55,0.25,and,0.6,0.3,or,,,,,True,0.03,0.55,0.25,True,soft,0.85,0.3,True,0.7,,0.2,5,0.6,0.6,0.06,0.35,0.02,15.0
result\past\additional=True\run_rosenbrock_20260327_083042_396171_496b,rosenbrock,"x1,x2,x3,x4,x5",5,0,1,1,0.55,0.25,and,0.6,0.3,or,,,,,True,0.03,0.55,0.25,True,soft,0.85,0.3,True,0.7,,0.2,5,0.6,0.6,0.06,0.35,0.02,15.0
result\past\additional=True\run_rosenbrock_20260327_083214_677225_9a63,rosenbrock,"x1,x2,x3,x4,x5",5,0,1,1,0.55,0.25,and,0.6,0.3,or,,,,,True,0.03,0.55,0.25,True,soft,0.85,0.3,True,0.7,,0.2,5,0.6,0.6,0.06,0.35,0.02,15.0
result\past\additional=True\run_rosenbrock_20260327_083344_299120_f80f,rosenbrock,"x1,x2,x3,x4,x5",5,0,1,1,0.55,0.25,and,0.6,0.3,or,,,,,True,0.03,0.55,0.25,True,soft,0.85,0.3,True,0.7,,0.2,5,0.6,0.6,0.06,0.35,0.02,15.0
result\past\additional=True\run_rosenbrock_20260327_083543_793692_5cc8,rosenbrock,"x2,x3,x4,x5",4,0,0,0,0.55,0.25,and,0.6,0.3,or,,,,,True,0.03,0.55,0.25,True,soft,0.85,0.3,True,0.7,,0.2,5,0.6,0.6,0.06,0.35,0.02,15.0
result\past\additional=True\run_rosenbrock_20260327_083711_948075_626a,rosenbrock,"x1,x2,x3,x4,x5",5,0,1,1,0.55,0.25,and,0.6,0.3,or,,,,,True,0.03,0.55,0.25,True,soft,0.85,0.3,True,0.7,,0.2,5,0.6,0.6,0.06,0.35,0.02,15.0
result\past\additional=True\run_rosenbrock_20260327_083930_608930_524d,rosenbrock,"x2,x3,x4,x5",4,0,0,0,0.55,0.25,and,0.6,0.3,or,,,,,True,0.03,0.55,0.25,True,soft,0.85,0.3,True,0.7,,0.2,5,0.6,0.6,0.06,0.35,0.02,15.0
result\past\additional=True\run_rosenbrock_20260327_132012_347999_b096,rosenbrock,"x1,x2,x3,x4,x5",5,0,1,1,0.55,0.25,and,0.6,0.45,or,True,0.1,0.7,2.0,True,0.03,0.4,0.25,True,soft,0.85,0.45,True,0.7,,0.2,5,0.6,0.6,0.06,0.35,0.02,15.0
result\past\additional=True\run_rosenbrock_20260327_132153_155399_5c7b,rosenbrock,"x1,x2,x3,x4,x5",5,0,1,1,0.55,0.25,and,0.6,0.45,or,True,0.1,0.7,2.0,True,0.03,0.4,0.25,True,soft,0.85,0.45,True,0.7,,0.2,5,0.6,0.6,0.06,0.35,0.02,15.0
result\past\additional=True\run_rosenbrock_20260327_132302_734210_ce3b,rosenbrock,"x1,x2,x3,x4,x5",5,0,1,1,0.55,0.25,and,0.6,0.45,or,True,0.1,0.7,2.0,True,0.03,0.4,0.25,True,soft,0.85,0.45,True,0.7,,0.2,5,0.6,0.6,0.06,0.35,0.02,15.0
result\past\additional=True\run_rosenbrock_20260327_132346_108471_1976,rosenbrock,"x1,x2,x3,x4,x5",5,0,1,1,0.55,0.25,and,0.6,0.45,or,True,0.1,0.7,2.0,True,0.03,0.4,0.25,True,soft,0.85,0.45,True,0.7,,0.2,5,0.6,0.6,0.06,0.35,0.02,15.0
result\past\additional=True\run_rosenbrock_20260327_132413_632121_fefa,rosenbrock,"x1,x2,x3,x4,x5",5,0,1,1,0.55,0.25,and,0.6,0.45,or,True,0.1,0.7,2.0,True,0.03,0.4,0.25,True,soft,0.85,0.45,True,0.7,,0.2,5,0.6,0.6,0.06,0.35,0.02,15.0
result\past\additional=True\run_rosenbrock_20260327_132454_926664_ac0f,rosenbrock,"x1,x2,x3,x4,x5",5,0,1,1,0.55,0.25,and,0.6,0.45,or,True,0.1,0.7,2.0,True,0.03,0.4,0.25,True,soft,0.85,0.45,True,0.7,,0.2,5,0.6,0.6,0.06,0.35,0.02,15.0
result\past\additional=True\run_rosenbrock_20260327_132522_029353_dddb,rosenbrock,"x1,x2,x3,x4,x5",5,0,1,1,0.55,0.25,and,0.6,0.45,or,True,0.1,0.7,2.0,True,0.03,0.4,0.25,True,soft,0.85,0.45,True,0.7,,0.2,5,0.6,0.6,0.06,0.35,0.02,15.0
result\past\additional=True\run_rosenbrock_20260327_132632_133751_5b39,rosenbrock,"x1,x2,x3,x4,x5",5,0,1,1,0.55,0.25,and,0.6,0.45,or,True,0.1,0.7,2.0,True,0.03,0.4,0.25,True,soft,0.85,0.45,True,0.7,,0.2,5,0.6,0.6,0.06,0.35,0.02,15.0
result\past\additional=True\run_rosenbrock_20260327_132634_604215_1d4c,rosenbrock,"x1,x2,x3,x4,x5",5,0,1,1,0.55,0.25,and,0.6,0.45,or,True,0.1,0.7,2.0,True,0.03,0.4,0.25,True,soft,0.85,0.45,True,0.7,,0.2,5,0.6,0.6,0.06,0.35,0.02,15.0
result\past\additional=True\run_rosenbrock_20260327_132756_797796_a13e,rosenbrock,"x1,x2,x3,x4,x5",5,0,1,1,0.55,0.25,and,0.6,0.45,or,True,0.1,0.7,2.0,True,0.03,0.4,0.25,True,soft,0.85,0.45,True,0.7,,0.2,5,0.6,0.6,0.06,0.35,0.02,15.0
result\past\additional=True\run_rosenbrock_20260327_132757_925359_4031,rosenbrock,"x1,x2,x3,x4,x5",5,0,1,1,0.55,0.25,and,0.6,0.45,or,True,0.1,0.7,2.0,True,0.03,0.4,0.25,True,soft,0.85,0.45,True,0.7,,0.2,5,0.6,0.6,0.06,0.35,0.02,15.0
result\past\additional=True\run_rosenbrock_20260327_132909_765767_00de,rosenbrock,"x1,x2,x3,x4,x5",5,0,1,1,0.55,0.25,and,0.6,0.45,or,True,0.1,0.7,2.0,True,0.03,0.4,0.25,True,soft,0.85,0.45,True,0.7,,0.2,5,0.6,0.6,0.06,0.35,0.02,15.0
result\past\additional=True\run_rosenbrock_20260327_132932_924231_0b66,rosenbrock,"x1,x2,x3,x4,x5",5,0,1,1,0.55,0.25,and,0.6,0.45,or,True,0.1,0.7,2.0,True,0.03,0.4,0.25,True,soft,0.85,0.45,True,0.7,,0.2,5,0.6,0.6,0.06,0.35,0.02,15.0
result\past\additional=True\run_rosenbrock_20260327_133023_628470_7225,rosenbrock,"x1,x2,x3,x4,x5",5,0,1,1,0.55,0.25,and,0.6,0.45,or,True,0.1,0.7,2.0,True,0.03,0.4,0.25,True,soft,0.85,0.45,True,0.7,,0.2,5,0.6,0.6,0.06,0.35,0.02,15.0
result\past\additional=True\run_rosenbrock_20260327_133115_120109_2a02,rosenbrock,"x1,x2,x3,x4,x5",5,0,1,1,0.55,0.25,and,0.6,0.45,or,True,0.1,0.7,2.0,True,0.03,0.4,0.25,True,soft,0.85,0.45,True,0.7,,0.2,5,0.6,0.6,0.06,0.35,0.02,15.0
result\past\additional=True\run_rosenbrock_20260327_133211_367901_69fc,rosenbrock,"x1,x2,x3,x4,x5",5,0,1,1,0.55,0.25,and,0.6,0.45,or,True,0.1,0.7,2.0,True,0.03,0.4,0.25,True,soft,0.85,0.45,True,0.7,,0.2,5,0.6,0.6,0.06,0.35,0.02,15.0
result\past\additional=True\run_rosenbrock_20260327_133303_095597_e303,rosenbrock,"x1,x2,x3,x4,x5",5,0,1,1,0.55,0.25,and,0.6,0.45,or,True,0.1,0.7,2.0,True,0.03,0.4,0.25,True,soft,0.85,0.45,True,0.7,,0.2,5,0.6,0.6,0.06,0.35,0.02,15.0
result\past\additional=True\run_rosenbrock_20260327_133338_295395_bfda,rosenbrock,"x1,x2,x3,x4,x5",5,0,1,1,0.55,0.25,and,0.6,0.45,or,True,0.1,0.7,2.0,True,0.03,0.4,0.25,True,soft,0.85,0.45,True,0.7,,0.2,5,0.6,0.6,0.06,0.35,0.02,15.0
result\past\additional=True\run_rosenbrock_20260327_133448_880619_df11,rosenbrock,"x1,x2,x3,x4,x5",5,0,1,1,0.55,0.25,and,0.6,0.45,or,True,0.1,0.7,2.0,True,0.03,0.4,0.25,True,soft,0.85,0.45,True,0.7,,0.2,5,0.6,0.6,0.06,0.35,0.02,15.0
result\past\additional=True\run_rosenbrock_20260327_133505_823244_86f9,rosenbrock,"x1,x2,x3,x4,x5",5,0,1,1,0.55,0.25,and,0.6,0.45,or,True,0.1,0.7,2.0,True,0.03,0.4,0.25,True,soft,0.85,0.45,True,0.7,,0.2,5,0.6,0.6,0.06,0.35,0.02,15.0
result\past\additional=True\run_rosenbrock_20260330_144239_782340_2138,rosenbrock,"x1,x2,x3,x4,x5",5,0,1,1,0.55,0.25,and,0.6,0.42,or,True,0.1,0.65,2.0,True,0.03,0.55,0.25,True,soft,0.85,0.45,True,0.8,,0.2,5,0.6,0.6,0.06,0.35,0.02,15.0
result\past\additional=True\run_rosenbrock_20260330_144348_802021_85bd,rosenbrock,"x1,x2,x3,x4,x5",5,0,1,1,0.55,0.25,and,0.6,0.42,or,True,0.1,0.65,2.0,True,0.03,0.55,0.25,True,soft,0.85,0.45,True,0.8,,0.2,5,0.6,0.6,0.06,0.35,0.02,15.0
result\past\additional=True\run_rosenbrock_20260330_144454_452248_718e,rosenbrock,"x1,x2,x3,x4,x5",5,0,1,1,0.55,0.25,and,0.6,0.42,or,True,0.1,0.65,2.0,True,0.03,0.55,0.25,True,soft,0.85,0.45,True,0.8,,0.2,5,0.6,0.6,0.06,0.35,0.02,15.0
result\past\additional=True\run_rosenbrock_20260330_144601_961492_4166,rosenbrock,"x1,x2,x3,x4,x5",5,0,1,1,0.55,0.25,and,0.6,0.42,or,True,0.1,0.65,2.0,True,0.03,0.55,0.25,True,soft,0.85,0.45,True,0.8,,0.2,5,0.6,0.6,0.06,0.35,0.02,15.0
result\past\additional=True\run_rosenbrock_20260330_144724_269563_c567,rosenbrock,"x1,x2,x3,x4,x5",5,0,1,1,0.55,0.25,and,0.6,0.42,or,True,0.1,0.65,2.0,True,0.03,0.55,0.25,True,soft,0.85,0.45,True,0.8,,0.2,5,0.6,0.6,0.06,0.35,0.02,15.0
result\past\additional=True\run_rosenbrock_20260330_144835_372439_b889,rosenbrock,"x1,x2,x3,x4,x5",5,0,1,1,0.55,0.25,and,0.6,0.42,or,True,0.1,0.65,2.0,True,0.03,0.55,0.25,True,soft,0.85,0.45,True,0.8,,0.2,5,0.6,0.6,0.06,0.35,0.02,15.0
result\past\additional=True\run_rosenbrock_20260330_144945_669483_2200,rosenbrock,"x1,x2,x3,x4,x5",5,0,1,1,0.55,0.25,and,0.6,0.42,or,True,0.1,0.65,2.0,True,0.03,0.55,0.25,True,soft,0.85,0.45,True,0.8,,0.2,5,0.6,0.6,0.06,0.35,0.02,15.0
result\past\additional=True\run_rosenbrock_20260330_145130_074371_9f51,rosenbrock,"x1,x2,x3,x4,x5",5,0,1,1,0.55,0.25,and,0.6,0.42,or,True,0.1,0.65,2.0,True,0.03,0.55,0.25,True,soft,0.85,0.45,True,0.8,,0.2,5,0.6,0.6,0.06,0.35,0.02,15.0
result\past\additional=True\run_rosenbrock_20260330_145255_152218_4339,rosenbrock,"x1,x2,x3,x4,x5",5,0,1,1,0.55,0.25,and,0.6,0.42,or,True,0.1,0.65,2.0,True,0.03,0.55,0.25,True,soft,0.85,0.45,True,0.8,,0.2,5,0.6,0.6,0.06,0.35,0.02,15.0
result\past\additional=True\run_rosenbrock_20260330_145403_122332_1e60,rosenbrock,"x1,x2,x3,x4,x5",5,0,1,1,0.55,0.25,and,0.6,0.42,or,True,0.1,0.65,2.0,True,0.03,0.55,0.25,True,soft,0.85,0.45,True,0.8,,0.2,5,0.6,0.6,0.06,0.35,0.02,15.0
result\past\additional=True\run_rosenbrock_20260331_080600_195096_8640,rosenbrock,"x1,x2,x3,x4,x5",5,0,1,1,0.55,0.25,and,0.6,0.42,or,True,0.1,0.65,2.0,True,0.03,0.55,0.25,True,soft,0.85,0.45,True,0.8,,0.2,5,0.6,0.6,0.06,0.35,0.02,15.0
result\past\additional=True\run_rosenbrock_20260331_080751_143229_a09d,rosenbrock,"x1,x2,x3,x4,x5",5,0,1,1,0.55,0.25,and,0.6,0.42,or,True,0.1,0.65,2.0,True,0.03,0.55,0.25,True,soft,0.85,0.45,True,0.8,,0.2,5,0.6,0.6,0.06,0.35,0.02,15.0
result\past\additional=True\run_rosenbrock_20260331_080807_047920_6525,rosenbrock,"x1,x2,x3,x4,x5",5,0,1,1,0.55,0.25,and,0.6,0.42,or,True,0.1,0.65,2.0,True,0.03,0.55,0.25,True,soft,0.85,0.45,True,0.8,,0.2,5,0.6,0.6,0.06,0.35,0.02,15.0
result\past\additional=True\run_rosenbrock_20260331_080932_540881_b4e6,rosenbrock,"x1,x2,x3,x4,x5",5,0,1,1,0.55,0.25,and,0.6,0.42,or,True,0.1,0.65,2.0,True,0.03,0.55,0.25,True,soft,0.85,0.45,True,0.8,,0.2,5,0.6,0.6,0.06,0.35,0.02,15.0
result\past\additional=True\run_rosenbrock_20260331_081012_749382_2f01,rosenbrock,"x1,x2,x3,x4,x5",5,0,1,1,0.55,0.25,and,0.6,0.42,or,True,0.1,0.65,2.0,True,0.03,0.55,0.25,True,soft,0.85,0.45,True,0.8,,0.2,5,0.6,0.6,0.06,0.35,0.02,15.0
result\past\additional=True\run_rosenbrock_20260331_081040_648746_2c23,rosenbrock,"x1,x2,x3,x4,x5",5,0,1,1,0.55,0.25,and,0.6,0.42,or,True,0.1,0.65,2.0,True,0.03,0.55,0.25,True,soft,0.85,0.45,True,0.8,,0.2,5,0.6,0.6,0.06,0.35,0.02,15.0
result\past\additional=True\run_rosenbrock_20260331_081129_645022_d530,rosenbrock,"x1,x2,x3,x4,x5",5,0,1,1,0.55,0.25,and,0.6,0.42,or,True,0.1,0.65,2.0,True,0.03,0.55,0.25,True,soft,0.85,0.45,True,0.8,,0.2,5,0.6,0.6,0.06,0.35,0.02,15.0
result\past\additional=True\run_rosenbrock_20260331_081149_591482_8e58,rosenbrock,"x1,x2,x3,x4,x5",5,0,1,1,0.55,0.25,and,0.6,0.42,or,True,0.1,0.65,2.0,True,0.03,0.55,0.25,True,soft,0.85,0.45,True,0.8,,0.2,5,0.6,0.6,0.06,0.35,0.02,15.0
result\past\additional=True\run_rosenbrock_20260331_081247_495751_a1b2,rosenbrock,"x1,x2,x3,x4,x5",5,0,1,1,0.55,0.25,and,0.6,0.42,or,True,0.1,0.65,2.0,True,0.03,0.55,0.25,True,soft,0.85,0.45,True,0.8,,0.2,5,0.6,0.6,0.06,0.35,0.02,15.0
result\past\additional=True\run_rosenbrock_20260331_081314_443282_8112,rosenbrock,"x1,x2,x3,x4,x5",5,0,1,1,0.55,0.25,and,0.6,0.42,or,True,0.1,0.65,2.0,True,0.03,0.55,0.25,True,soft,0.85,0.45,True,0.8,,0.2,5,0.6,0.6,0.06,0.35,0.02,15.0
result\past\additional=True\run_rosenbrock_20260331_081413_035042_e032,rosenbrock,"x1,x2,x3,x4,x5",5,0,1,1,0.55,0.25,and,0.6,0.42,or,True,0.1,0.65,2.0,True,0.03,0.55,0.25,True,soft,0.85,0.45,True,0.8,,0.2,5,0.6,0.6,0.06,0.35,0.02,15.0
result\past\additional=True\run_rosenbrock_20260331_081426_437039_4804,rosenbrock,"x1,x2,x3,x4,x5",5,0,1,1,0.55,0.25,and,0.6,0.42,or,True,0.1,0.65,2.0,True,0.03,0.55,0.25,True,soft,0.85,0.45,True,0.8,,0.2,5,0.6,0.6,0.06,0.35,0.02,15.0
result\past\additional=True\run_rosenbrock_20260331_081521_635385_8518,rosenbrock,"x1,x2,x3,x4,x5",5,0,1,1,0.55,0.25,and,0.6,0.42,or,True,0.1,0.65,2.0,True,0.03,0.55,0.25,True,soft,0.85,0.45,True,0.8,,0.2,5,0.6,0.6,0.06,0.35,0.02,15.0
result\past\additional=True\run_rosenbrock_20260331_081539_788710_1201,rosenbrock,"x1,x2,x3,x4,x5",5,0,1,1,0.55,0.25,and,0.6,0.42,or,True,0.1,0.65,2.0,True,0.03,0.55,0.25,True,soft,0.85,0.45,True,0.8,,0.2,5,0.6,0.6,0.06,0.35,0.02,15.0
result\past\additional=True\run_rosenbrock_20260331_081646_240854_018b,rosenbrock,"x1,x2,x3,x4,x5",5,0,1,1,0.55,0.25,and,0.6,0.42,or,True,0.1,0.65,2.0,True,0.03,0.55,0.25,True,soft,0.85,0.45,True,0.8,,0.2,5,0.6,0.6,0.06,0.35,0.02,15.0
result\past\additional=True\run_rosenbrock_20260331_081726_006028_eb8f,rosenbrock,"x1,x2,x3,x4,x5",5,0,1,1,0.55,0.25,and,0.6,0.42,or,True,0.1,0.65,2.0,True,0.03,0.55,0.25,True,soft,0.85,0.45,True,0.8,,0.2,5,0.6,0.6,0.06,0.35,0.02,15.0
result\past\additional=True\run_rosenbrock_20260331_081813_640823_176d,rosenbrock,"x1,x2,x3,x4,x5",5,0,1,1,0.55,0.25,and,0.6,0.42,or,True,0.1,0.65,2.0,True,0.03,0.55,0.25,True,soft,0.85,0.45,True,0.8,,0.2,5,0.6,0.6,0.06,0.35,0.02,15.0
result\past\additional=True\run_rosenbrock_20260331_081852_791824_1336,rosenbrock,"x1,x2,x3,x4,x5",5,0,1,1,0.55,0.25,and,0.6,0.42,or,True,0.1,0.65,2.0,True,0.03,0.55,0.25,True,soft,0.85,0.45,True,0.8,,0.2,5,0.6,0.6,0.06,0.35,0.02,15.0
result\past\additional=True\run_rosenbrock_20260331_081938_574164_8fc2,rosenbrock,"x1,x2,x3,x4,x5",5,0,1,1,0.55,0.25,and,0.6,0.42,or,True,0.1,0.65,2.0,True,0.03,0.55,0.25,True,soft,0.85,0.45,True,0.8,,0.2,5,0.6,0.6,0.06,0.35,0.02,15.0
result\past\additional=True\run_rosenbrock_20260331_082003_179938_678f,rosenbrock,"x1,x2,x3,x4,x5",5,0,1,1,0.55,0.25,and,0.6,0.42,or,True,0.1,0.65,2.0,True,0.03,0.55,0.25,True,soft,0.85,0.45,True,0.8,,0.2,5,0.6,0.6,0.06,0.35,0.02,15.0
result\past\additional=True\run_rosenbrock_20260331_130652_611054_b27f,rosenbrock,"x1,x2,x3,x4,x5",5,0,1,1,0.55,0.25,and,0.6,0.42,or,True,0.1,0.65,2.0,True,0.03,0.55,0.25,True,soft,0.85,0.45,True,0.87,,0.2,5,0.6,0.6,0.06,0.35,0.02,15.0
result\past\additional=True\run_rosenbrock_20260331_130920_811918_d92c,rosenbrock,"x1,x2,x3,x4,x5",5,0,1,1,0.55,0.25,and,0.6,0.42,or,True,0.1,0.65,2.0,True,0.03,0.55,0.25,True,soft,0.85,0.45,True,0.87,,0.2,5,0.6,0.6,0.06,0.35,0.02,15.0
result\past\additional=True\run_rosenbrock_20260331_131139_325649_81d8,rosenbrock,"x1,x2,x3,x4,x5",5,0,1,1,0.55,0.25,and,0.6,0.42,or,True,0.1,0.65,2.0,True,0.03,0.55,0.25,True,soft,0.85,0.45,True,0.87,,0.2,5,0.6,0.6,0.06,0.35,0.02,15.0
result\past\additional=True\run_rosenbrock_20260331_131351_239449_6121,rosenbrock,"x1,x2,x3,x4,x5",5,0,1,1,0.55,0.25,and,0.6,0.42,or,True,0.1,0.65,2.0,True,0.03,0.55,0.25,True,soft,0.85,0.45,True,0.87,,0.2,5,0.6,0.6,0.06,0.35,0.02,15.0
result\past\additional=True\run_rosenbrock_20260331_131622_034678_0298,rosenbrock,"x1,x2,x3,x4,x5",5,0,1,1,0.55,0.25,and,0.6,0.42,or,True,0.1,0.65,2.0,True,0.03,0.55,0.25,True,soft,0.85,0.45,True,0.87,,0.2,5,0.6,0.6,0.06,0.35,0.02,15.0
result\past\additional=True\run_rosenbrock_20260331_131838_713630_8628,rosenbrock,"x1,x2,x3,x4,x5",5,0,1,1,0.55,0.25,and,0.6,0.42,or,True,0.1,0.65,2.0,True,0.03,0.55,0.25,True,soft,0.85,0.45,True,0.87,,0.2,5,0.6,0.6,0.06,0.35,0.02,15.0
result\past\additional=True\run_rosenbrock_20260331_132048_898514_e1e5,rosenbrock,"x1,x2,x3,x4,x5",5,0,1,1,0.55,0.25,and,0.6,0.42,or,True,0.1,0.65,2.0,True,0.03,0.55,0.25,True,soft,0.85,0.45,True,0.87,,0.2,5,0.6,0.6,0.06,0.35,0.02,15.0
result\past\additional=True\run_rosenbrock_20260331_132339_148680_8fdf,rosenbrock,"x1,x2,x3,x4,x5",5,0,1,1,0.55,0.25,and,0.6,0.42,or,True,0.1,0.65,2.0,True,0.03,0.55,0.25,True,soft,0.85,0.45,True,0.87,,0.2,5,0.6,0.6,0.06,0.35,0.02,15.0
result\past\additional=True\run_rosenbrock_20260331_132609_127368_5a86,rosenbrock,"x1,x2,x3,x4,x5",5,0,1,1,0.55,0.25,and,0.6,0.42,or,True,0.1,0.65,2.0,True,0.03,0.55,0.25,True,soft,0.85,0.45,True,0.87,,0.2,5,0.6,0.6,0.06,0.35,0.02,15.0
result\past\additional=True\run_rosenbrock_20260331_132828_667670_9602,rosenbrock,"x1,x2,x3,x4,x5",5,0,1,1,0.55,0.25,and,0.6,0.42,or,True,0.1,0.65,2.0,True,0.03,0.55,0.25,True,soft,0.85,0.45,True,0.87,,0.2,5,0.6,0.6,0.06,0.35,0.02,15.0
result\past\additional=True\run_rosenbrock_20260331_170555_371826_5f3b,rosenbrock,"x1,x2,x3,x4,x5",5,0,1,1,0.55,0.25,and,0.6,0.42,or,True,0.1,0.65,2.0,True,0.03,0.55,0.25,True,soft,0.85,0.45,True,0.87,,0.2,5,0.6,0.6,0.06,0.35,0.02,15.0
result\past\additional=True\run_rosenbrock_20260331_170823_925360_9ace,rosenbrock,"x1,x2,x3,x4,x5",5,0,1,1,0.55,0.25,and,0.6,0.42,or,True,0.1,0.65,2.0,True,0.03,0.55,0.25,True,soft,0.85,0.45,True,0.87,,0.2,5,0.6,0.6,0.06,0.35,0.02,15.0
result\past\additional=True\run_rosenbrock_20260331_171044_558524_c1c7,rosenbrock,"x1,x2,x3,x4,x5",5,0,1,1,0.55,0.25,and,0.6,0.42,or,True,0.1,0.65,2.0,True,0.03,0.55,0.25,True,soft,0.85,0.45,True,0.87,,0.2,5,0.6,0.6,0.06,0.35,0.02,15.0
result\past\additional=True\run_rosenbrock_20260331_171300_920371_37c0,rosenbrock,"x1,x2,x3,x4,x5",5,0,1,1,0.55,0.25,and,0.6,0.42,or,True,0.1,0.65,2.0,True,0.03,0.55,0.25,True,soft,0.85,0.45,True,0.87,,0.2,5,0.6,0.6,0.06,0.35,0.02,15.0
result\past\additional=True\run_rosenbrock_20260331_171536_534798_9591,rosenbrock,"x1,x2,x3,x4,x5",5,0,1,1,0.55,0.25,and,0.6,0.42,or,True,0.1,0.65,2.0,True,0.03,0.55,0.25,True,soft,0.85,0.45,True,0.87,,0.2,5,0.6,0.6,0.06,0.35,0.02,15.0
result\past\additional=True\run_rosenbrock_20260331_171754_985654_0d9d,rosenbrock,"x1,x2,x3,x4,x5",5,0,1,1,0.55,0.25,and,0.6,0.42,or,True,0.1,0.65,2.0,True,0.03,0.55,0.25,True,soft,0.85,0.45,True,0.87,,0.2,5,0.6,0.6,0.06,0.35,0.02,15.0
result\past\additional=True\run_rosenbrock_20260331_172010_711576_4eaa,rosenbrock,"x1,x2,x3,x4,x5",5,0,1,1,0.55,0.25,and,0.6,0.42,or,True,0.1,0.65,2.0,True,0.03,0.55,0.25,True,soft,0.85,0.45,True,0.87,,0.2,5,0.6,0.6,0.06,0.35,0.02,15.0
result\past\additional=True\run_rosenbrock_20260331_172309_807976_5012,rosenbrock,"x1,x2,x3,x4,x5",5,0,1,1,0.55,0.25,and,0.6,0.42,or,True,0.1,0.65,2.0,True,0.03,0.55,0.25,True,soft,0.85,0.45,True,0.87,,0.2,5,0.6,0.6,0.06,0.35,0.02,15.0
result\past\additional=True\run_rosenbrock_20260331_172541_064379_e8c1,rosenbrock,"x1,x2,x3,x4,x5",5,0,1,1,0.55,0.25,and,0.6,0.42,or,True,0.1,0.65,2.0,True,0.03,0.55,0.25,True,soft,0.85,0.45,True,0.87,,0.2,5,0.6,0.6,0.06,0.35,0.02,15.0
result\past\additional=True\run_rosenbrock_20260331_172802_091977_7771,rosenbrock,"x1,x2,x3,x4,x5",5,0,1,1,0.55,0.25,and,0.6,0.42,or,True,0.1,0.65,2.0,True,0.03,0.55,0.25,True,soft,0.85,0.45,True,0.87,,0.2,5,0.6,0.6,0.06,0.35,0.02,15.0
result\past\additional=True\run_rosenbrock_20260401_083132_858245_3d1f,rosenbrock,"x1,x2,x3,x4,x5",5,0,1,1,0.55,0.25,and,0.6,0.42,or,True,0.08,0.75,2.0,True,0.03,0.55,0.25,True,soft,0.85,0.45,True,0.8,,0.2,5,0.6,0.6,0.06,0.35,0.02,15.0
result\past\additional=True\run_rosenbrock_20260401_083242_211322_71e7,rosenbrock,"x1,x2,x3,x4,x5",5,0,1,1,0.55,0.25,and,0.6,0.42,or,True,0.08,0.75,2.0,True,0.03,0.55,0.25,True,soft,0.85,0.45,True,0.8,,0.2,5,0.6,0.6,0.06,0.35,0.02,15.0
result\past\additional=True\run_rosenbrock_20260401_083348_605386_335a,rosenbrock,"x1,x2,x3,x4,x5",5,0,1,1,0.55,0.25,and,0.6,0.42,or,True,0.08,0.75,2.0,True,0.03,0.55,0.25,True,soft,0.85,0.45,True,0.8,,0.2,5,0.6,0.6,0.06,0.35,0.02,15.0
result\past\additional=True\run_rosenbrock_20260401_083457_375847_b87c,rosenbrock,"x1,x2,x3,x4,x5",5,0,1,1,0.55,0.25,and,0.6,0.42,or,True,0.08,0.75,2.0,True,0.03,0.55,0.25,True,soft,0.85,0.45,True,0.8,,0.2,5,0.6,0.6,0.06,0.35,0.02,15.0
result\past\additional=True\run_rosenbrock_20260401_083621_298445_b3e5,rosenbrock,"x1,x2,x3,x4,x5",5,0,1,1,0.55,0.25,and,0.6,0.42,or,True,0.08,0.75,2.0,True,0.03,0.55,0.25,True,soft,0.85,0.45,True,0.8,,0.2,5,0.6,0.6,0.06,0.35,0.02,15.0
result\past\additional=True\run_rosenbrock_20260401_083732_974192_da55,rosenbrock,"x1,x2,x3,x4,x5",5,0,1,1,0.55,0.25,and,0.6,0.42,or,True,0.08,0.75,2.0,True,0.03,0.55,0.25,True,soft,0.85,0.45,True,0.8,,0.2,5,0.6,0.6,0.06,0.35,0.02,15.0
result\past\additional=True\run_rosenbrock_20260401_083844_577251_6798,rosenbrock,"x1,x2,x3,x4,x5",5,0,1,1,0.55,0.25,and,0.6,0.42,or,True,0.08,0.75,2.0,True,0.03,0.55,0.25,True,soft,0.85,0.45,True,0.8,,0.2,5,0.6,0.6,0.06,0.35,0.02,15.0
result\past\additional=True\run_rosenbrock_20260401_084029_775168_a77e,rosenbrock,"x1,x2,x3,x4,x5",5,0,1,1,0.55,0.25,and,0.6,0.42,or,True,0.08,0.75,2.0,True,0.03,0.55,0.25,True,soft,0.85,0.45,True,0.8,,0.2,5,0.6,0.6,0.06,0.35,0.02,15.0
result\past\additional=True\run_rosenbrock_20260401_084155_990573_8b4f,rosenbrock,"x1,x2,x3,x4,x5",5,0,1,1,0.55,0.25,and,0.6,0.42,or,True,0.08,0.75,2.0,True,0.03,0.55,0.25,True,soft,0.85,0.45,True,0.8,,0.2,5,0.6,0.6,0.06,0.35,0.02,15.0
result\past\additional=True\run_rosenbrock_20260401_084305_693947_3760,rosenbrock,"x1,x2,x3,x4,x5",5,0,1,1,0.55,0.25,and,0.6,0.42,or,True,0.08,0.75,2.0,True,0.03,0.55,0.25,True,soft,0.85,0.45,True,0.8,,0.2,5,0.6,0.6,0.06,0.35,0.02,15.0
result\past\additional=True\run_rosenbrock_20260401_112619_456562_62aa,rosenbrock,"x1,x2,x3,x4",4,0,0,0,0.55,0.25,and,0.6,0.42,or,True,0.08,0.8,2.0,True,0.03,0.55,0.25,True,soft,0.85,0.45,True,0.73,,0.2,5,0.6,0.6,0.06,0.35,0.02,15.0
result\past\additional=True\run_rosenbrock_20260401_112730_666556_7e4a,rosenbrock,"x1,x2,x3,x4,x5",5,0,1,1,0.55,0.25,and,0.6,0.42,or,True,0.08,0.8,2.0,True,0.03,0.55,0.25,True,soft,0.85,0.45,True,0.73,,0.2,5,0.6,0.6,0.06,0.35,0.02,15.0
result\past\additional=True\run_rosenbrock_20260401_112839_229178_1954,rosenbrock,"x1,x2,x3,x4,x5",5,0,1,1,0.55,0.25,and,0.6,0.42,or,True,0.08,0.8,2.0,True,0.03,0.55,0.25,True,soft,0.85,0.45,True,0.73,,0.2,5,0.6,0.6,0.06,0.35,0.02,15.0
result\past\additional=True\run_rosenbrock_20260401_112949_611750_0191,rosenbrock,"x1,x2,x3,x4,x5",5,0,1,1,0.55,0.25,and,0.6,0.42,or,True,0.08,0.8,2.0,True,0.03,0.55,0.25,True,soft,0.85,0.45,True,0.73,,0.2,5,0.6,0.6,0.06,0.35,0.02,15.0
result\past\additional=True\run_rosenbrock_20260401_113114_639325_ba02,rosenbrock,"x1,x2,x3,x4,x5",5,0,1,1,0.55,0.25,and,0.6,0.42,or,True,0.08,0.8,2.0,True,0.03,0.55,0.25,True,soft,0.85,0.45,True,0.73,,0.2,5,0.6,0.6,0.06,0.35,0.02,15.0
result\past\additional=True\run_rosenbrock_20260401_113228_254367_204c,rosenbrock,"x1,x2,x3,x4,x5",5,0,1,1,0.55,0.25,and,0.6,0.42,or,True,0.08,0.8,2.0,True,0.03,0.55,0.25,True,soft,0.85,0.45,True,0.73,,0.2,5,0.6,0.6,0.06,0.35,0.02,15.0
result\past\additional=True\run_rosenbrock_20260401_113341_621514_3c93,rosenbrock,"x1,x2,x3,x4,x5",5,0,1,1,0.55,0.25,and,0.6,0.42,or,True,0.08,0.8,2.0,True,0.03,0.55,0.25,True,soft,0.85,0.45,True,0.73,,0.2,5,0.6,0.6,0.06,0.35,0.02,15.0
result\past\additional=True\run_rosenbrock_20260401_113528_743160_f6ce,rosenbrock,"x1,x2,x3,x4,x5",5,0,1,1,0.55,0.25,and,0.6,0.42,or,True,0.08,0.8,2.0,True,0.03,0.55,0.25,True,soft,0.85,0.45,True,0.73,,0.2,5,0.6,0.6,0.06,0.35,0.02,15.0
result\past\additional=True\run_rosenbrock_20260401_113655_800393_9fa4,rosenbrock,"x1,x2,x3,x4,x5",5,0,1,1,0.55,0.25,and,0.6,0.42,or,True,0.08,0.8,2.0,True,0.03,0.55,0.25,True,soft,0.85,0.45,True,0.73,,0.2,5,0.6,0.6,0.06,0.35,0.02,15.0
result\past\additional=True\run_rosenbrock_20260401_113806_684757_83f6,rosenbrock,"x1,x2,x3,x4,x5",5,0,1,1,0.55,0.25,and,0.6,0.42,or,True,0.08,0.8,2.0,True,0.03,0.55,0.25,True,soft,0.85,0.45,True,0.73,,0.2,5,0.6,0.6,0.06,0.35,0.02,15.0
result\past\additional=True\run_rosenbrock_20260401_155713_714961_c9e4,rosenbrock,"x1,x2,x3,x4,x5",5,0,1,1,0.55,0.25,and,0.6,0.42,or,True,0.08,0.79,2.0,True,0.03,0.55,0.25,True,soft,0.85,0.45,True,0.73,,0.2,5,0.6,0.6,0.06,0.35,0.02,15.0
result\past\additional=True\run_rosenbrock_20260401_155825_146460_5602,rosenbrock,"x1,x2,x3,x4,x5",5,0,1,1,0.55,0.25,and,0.6,0.42,or,True,0.08,0.79,2.0,True,0.03,0.55,0.25,True,soft,0.85,0.45,True,0.73,,0.2,5,0.6,0.6,0.06,0.35,0.02,15.0
result\past\additional=True\run_rosenbrock_20260401_155933_479283_0468,rosenbrock,"x1,x2,x3,x4,x5",5,0,1,1,0.55,0.25,and,0.6,0.42,or,True,0.08,0.79,2.0,True,0.03,0.55,0.25,True,soft,0.85,0.45,True,0.73,,0.2,5,0.6,0.6,0.06,0.35,0.02,15.0
result\past\additional=True\run_rosenbrock_20260401_160044_589059_3b5d,rosenbrock,"x1,x2,x3,x4,x5",5,0,1,1,0.55,0.25,and,0.6,0.42,or,True,0.08,0.79,2.0,True,0.03,0.55,0.25,True,soft,0.85,0.45,True,0.73,,0.2,5,0.6,0.6,0.06,0.35,0.02,15.0
result\past\additional=True\run_rosenbrock_20260401_160210_226214_6470,rosenbrock,"x1,x2,x3,x4,x5",5,0,1,1,0.55,0.25,and,0.6,0.42,or,True,0.08,0.79,2.0,True,0.03,0.55,0.25,True,soft,0.85,0.45,True,0.73,,0.2,5,0.6,0.6,0.06,0.35,0.02,15.0
result\past\additional=True\run_rosenbrock_20260401_160325_972479_b378,rosenbrock,"x1,x2,x3,x4,x5",5,0,1,1,0.55,0.25,and,0.6,0.42,or,True,0.08,0.79,2.0,True,0.03,0.55,0.25,True,soft,0.85,0.45,True,0.73,,0.2,5,0.6,0.6,0.06,0.35,0.02,15.0
result\past\additional=True\run_rosenbrock_20260401_160439_968255_2050,rosenbrock,"x1,x2,x3,x4,x5",5,0,1,1,0.55,0.25,and,0.6,0.42,or,True,0.08,0.79,2.0,True,0.03,0.55,0.25,True,soft,0.85,0.45,True,0.73,,0.2,5,0.6,0.6,0.06,0.35,0.02,15.0
result\past\additional=True\run_rosenbrock_20260401_160627_892562_451d,rosenbrock,"x1,x2,x3,x4,x5",5,0,1,1,0.55,0.25,and,0.6,0.42,or,True,0.08,0.79,2.0,True,0.03,0.55,0.25,True,soft,0.85,0.45,True,0.73,,0.2,5,0.6,0.6,0.06,0.35,0.02,15.0
result\past\additional=True\run_rosenbrock_20260401_160755_653159_63aa,rosenbrock,"x1,x2,x3,x4,x5",5,0,1,1,0.55,0.25,and,0.6,0.42,or,True,0.08,0.79,2.0,True,0.03,0.55,0.25,True,soft,0.85,0.45,True,0.73,,0.2,5,0.6,0.6,0.06,0.35,0.02,15.0
result\past\additional=True\run_rosenbrock_20260401_160907_279793_f805,rosenbrock,"x1,x2,x3,x4,x5",5,0,1,1,0.55,0.25,and,0.6,0.42,or,True,0.08,0.79,2.0,True,0.03,0.55,0.25,True,soft,0.85,0.45,True,0.73,,0.2,5,0.6,0.6,0.06,0.35,0.02,15.0
result\past\additional=True\run_six_hump_camel_20260326_185144_615548_928f,six_hump_camel,"x1,x2",2,0,1,1,0.55,0.25,and,0.6,0.3,or,,,,,True,0.03,0.55,0.25,True,soft,0.85,0.3,True,0.7,,0.2,5,0.6,0.6,0.06,0.35,0.02,15.0
result\past\additional=True\run_six_hump_camel_20260326_185327_529464_2a1b,six_hump_camel,"x1,x2",2,0,1,1,0.55,0.25,and,0.6,0.3,or,,,,,True,0.03,0.55,0.25,True,soft,0.85,0.3,True,0.7,,0.2,5,0.6,0.6,0.06,0.35,0.02,15.0
result\past\additional=True\run_six_hump_camel_20260326_185438_272363_bd2b,six_hump_camel,"x1,x2",2,0,1,1,0.55,0.25,and,0.6,0.3,or,,,,,True,0.03,0.55,0.25,True,soft,0.85,0.3,True,0.7,,0.2,5,0.6,0.6,0.06,0.35,0.02,15.0
result\past\additional=True\run_six_hump_camel_20260326_185608_015402_3121,six_hump_camel,"x1,x2",2,0,1,1,0.55,0.25,and,0.6,0.3,or,,,,,True,0.03,0.55,0.25,True,soft,0.85,0.3,True,0.7,,0.2,5,0.6,0.6,0.06,0.35,0.02,15.0
result\past\additional=True\run_six_hump_camel_20260326_185734_067610_802a,six_hump_camel,"d1,x1,x2",3,1,0,1,0.55,0.25,and,0.6,0.3,or,,,,,True,0.03,0.55,0.25,True,soft,0.85,0.3,True,0.7,,0.2,5,0.6,0.6,0.06,0.35,0.02,15.0
result\past\additional=True\run_six_hump_camel_20260326_185905_316930_fe6c,six_hump_camel,"x1,x2",2,0,1,1,0.55,0.25,and,0.6,0.3,or,,,,,True,0.03,0.55,0.25,True,soft,0.85,0.3,True,0.7,,0.2,5,0.6,0.6,0.06,0.35,0.02,15.0
result\past\additional=True\run_six_hump_camel_20260326_190012_858272_88d1,six_hump_camel,"x1,x2",2,0,1,1,0.55,0.25,and,0.6,0.3,or,,,,,True,0.03,0.55,0.25,True,soft,0.85,0.3,True,0.7,,0.2,5,0.6,0.6,0.06,0.35,0.02,15.0
result\past\additional=True\run_six_hump_camel_20260326_190140_200431_499a,six_hump_camel,"x1,x2",2,0,1,1,0.55,0.25,and,0.6,0.3,or,,,,,True,0.03,0.55,0.25,True,soft,0.85,0.3,True,0.7,,0.2,5,0.6,0.6,0.06,0.35,0.02,15.0
result\past\additional=True\run_six_hump_camel_20260326_190249_181411_244e,six_hump_camel,"x1,x2",2,0,1,1,0.55,0.25,and,0.6,0.3,or,,,,,True,0.03,0.55,0.25,True,soft,0.85,0.3,True,0.7,,0.2,5,0.6,0.6,0.06,0.35,0.02,15.0
result\past\additional=True\run_six_hump_camel_20260326_190407_515343_0b7b,six_hump_camel,"d3,x1,x2",3,1,0,1,0.55,0.25,and,0.6,0.3,or,,,,,True,0.03,0.55,0.25,True,soft,0.85,0.3,True,0.7,,0.2,5,0.6,0.6,0.06,0.35,0.02,15.0
result\past\additional=True\run_six_hump_camel_20260326_190525_638357_80a1,six_hump_camel,"x1,x2",2,0,1,1,0.55,0.25,and,0.6,0.3,or,,,,,True,0.03,0.55,0.25,True,soft,0.85,0.3,True,0.7,,0.2,5,0.6,0.6,0.06,0.35,0.02,15.0
result\past\additional=True\run_six_hump_camel_20260326_190705_612117_577a,six_hump_camel,"d2,x1,x2",3,1,0,1,0.55,0.25,and,0.6,0.3,or,,,,,True,0.03,0.55,0.25,True,soft,0.85,0.3,True,0.7,,0.2,5,0.6,0.6,0.06,0.35,0.02,15.0
result\past\additional=True\run_six_hump_camel_20260326_190826_345128_ddfb,six_hump_camel,"x1,x2",2,0,1,1,0.55,0.25,and,0.6,0.3,or,,,,,True,0.03,0.55,0.25,True,soft,0.85,0.3,True,0.7,,0.2,5,0.6,0.6,0.06,0.35,0.02,15.0
result\past\additional=True\run_six_hump_camel_20260326_191001_069829_4a3b,six_hump_camel,"x1,x2",2,0,1,1,0.55,0.25,and,0.6,0.3,or,,,,,True,0.03,0.55,0.25,True,soft,0.85,0.3,True,0.7,,0.2,5,0.6,0.6,0.06,0.35,0.02,15.0
result\past\additional=True\run_six_hump_camel_20260326_191124_594845_4e3d,six_hump_camel,"d2,x1,x2",3,1,0,1,0.55,0.25,and,0.6,0.3,or,,,,,True,0.03,0.55,0.25,True,soft,0.85,0.3,True,0.7,,0.2,5,0.6,0.6,0.06,0.35,0.02,15.0
result\past\additional=True\run_six_hump_camel_20260326_191239_169828_f814,six_hump_camel,"d2,x1,x2",3,1,0,1,0.55,0.25,and,0.6,0.3,or,,,,,True,0.03,0.55,0.25,True,soft,0.85,0.3,True,0.7,,0.2,5,0.6,0.6,0.06,0.35,0.02,15.0
result\past\additional=True\run_six_hump_camel_20260326_191352_683752_f23d,six_hump_camel,"x1,x2",2,0,1,1,0.55,0.25,and,0.6,0.3,or,,,,,True,0.03,0.55,0.25,True,soft,0.85,0.3,True,0.7,,0.2,5,0.6,0.6,0.06,0.35,0.02,15.0
result\past\additional=True\run_six_hump_camel_20260326_191506_126935_9425,six_hump_camel,"x1,x2",2,0,1,1,0.55,0.25,and,0.6,0.3,or,,,,,True,0.03,0.55,0.25,True,soft,0.85,0.3,True,0.7,,0.2,5,0.6,0.6,0.06,0.35,0.02,15.0
result\past\additional=True\run_six_hump_camel_20260326_191645_910769_a05a,six_hump_camel,"d2,d3,x1,x2",4,2,0,1,0.55,0.25,and,0.6,0.3,or,,,,,True,0.03,0.55,0.25,True,soft,0.85,0.3,True,0.7,,0.2,5,0.6,0.6,0.06,0.35,0.02,15.0
result\past\additional=True\run_six_hump_camel_20260326_191835_352913_972e,six_hump_camel,"d2,d3,x1,x2",4,2,0,1,0.55,0.25,and,0.6,0.3,or,,,,,True,0.03,0.55,0.25,True,soft,0.85,0.3,True,0.7,,0.2,5,0.6,0.6,0.06,0.35,0.02,15.0
result\past\additional=True\run_six_hump_camel_20260326_191959_054917_14ec,six_hump_camel,"x1,x2",2,0,1,1,0.55,0.25,and,0.6,0.3,or,,,,,True,0.03,0.55,0.25,True,soft,0.85,0.3,True,0.7,,0.2,5,0.6,0.6,0.06,0.35,0.02,15.0
result\past\additional=True\run_six_hump_camel_20260326_192123_604297_ad23,six_hump_camel,"x1,x2",2,0,1,1,0.55,0.25,and,0.6,0.3,or,,,,,True,0.03,0.55,0.25,True,soft,0.85,0.3,True,0.7,,0.2,5,0.6,0.6,0.06,0.35,0.02,15.0
result\past\additional=True\run_six_hump_camel_20260326_192247_908535_7398,six_hump_camel,"x1,x2",2,0,1,1,0.55,0.25,and,0.6,0.3,or,,,,,True,0.03,0.55,0.25,True,soft,0.85,0.3,True,0.7,,0.2,5,0.6,0.6,0.06,0.35,0.02,15.0
result\past\additional=True\run_six_hump_camel_20260326_192428_778555_6037,six_hump_camel,"x1,x2",2,0,1,1,0.55,0.25,and,0.6,0.3,or,,,,,True,0.03,0.55,0.25,True,soft,0.85,0.3,True,0.7,,0.2,5,0.6,0.6,0.06,0.35,0.02,15.0
result\past\additional=True\run_six_hump_camel_20260326_192601_611893_ac1c,six_hump_camel,"x1,x2",2,0,1,1,0.55,0.25,and,0.6,0.3,or,,,,,True,0.03,0.55,0.25,True,soft,0.85,0.3,True,0.7,,0.2,5,0.6,0.6,0.06,0.35,0.02,15.0
result\past\additional=True\run_six_hump_camel_20260327_104018_831990_a4b8,six_hump_camel,"x1,x2",2,0,1,1,0.55,0.25,and,0.6,0.3,or,,,,,True,0.03,0.55,0.25,True,soft,0.85,0.3,True,0.7,,0.2,5,0.6,0.6,0.06,0.35,0.02,15.0
result\past\additional=True\run_six_hump_camel_20260327_104347_029833_5328,six_hump_camel,"x1,x2",2,0,1,1,0.55,0.25,and,0.6,0.3,or,,,,,True,0.03,0.55,0.25,True,soft,0.85,0.3,True,0.7,,0.2,5,0.6,0.6,0.06,0.35,0.02,15.0
result\past\additional=True\run_six_hump_camel_20260327_104541_451488_de58,six_hump_camel,"d1,x1,x2",3,1,0,1,0.55,0.25,and,0.6,0.3,or,,,,,True,0.03,0.55,0.25,True,soft,0.85,0.3,True,0.7,,0.2,5,0.6,0.6,0.06,0.35,0.02,15.0
result\past\additional=True\run_six_hump_camel_20260327_104717_521282_0010,six_hump_camel,"x1,x2",2,0,1,1,0.55,0.25,and,0.6,0.3,or,,,,,True,0.03,0.55,0.25,True,soft,0.85,0.3,True,0.7,,0.2,5,0.6,0.6,0.06,0.35,0.02,15.0
result\past\additional=True\run_six_hump_camel_20260327_104937_094705_367c,six_hump_camel,"x1,x2",2,0,1,1,0.55,0.25,and,0.6,0.3,or,,,,,True,0.03,0.55,0.25,True,soft,0.85,0.3,True,0.7,,0.2,5,0.6,0.6,0.06,0.35,0.02,15.0
result\past\additional=True\run_six_hump_camel_20260327_105145_347679_6a29,six_hump_camel,"x1,x2",2,0,1,1,0.55,0.25,and,0.6,0.3,or,,,,,True,0.03,0.55,0.25,True,soft,0.85,0.3,True,0.7,,0.2,5,0.6,0.6,0.06,0.35,0.02,15.0
result\past\additional=True\run_six_hump_camel_20260327_105310_804199_95ff,six_hump_camel,"d2,x1,x2",3,1,0,1,0.55,0.25,and,0.6,0.3,or,,,,,True,0.03,0.55,0.25,True,soft,0.85,0.3,True,0.7,,0.2,5,0.6,0.6,0.06,0.35,0.02,15.0
result\past\additional=True\run_six_hump_camel_20260327_105501_224209_44c7,six_hump_camel,"x1,x2",2,0,1,1,0.55,0.25,and,0.6,0.3,or,,,,,True,0.03,0.55,0.25,True,soft,0.85,0.3,True,0.7,,0.2,5,0.6,0.6,0.06,0.35,0.02,15.0
result\past\additional=True\run_six_hump_camel_20260327_105627_189500_b065,six_hump_camel,"x1,x2",2,0,1,1,0.55,0.25,and,0.6,0.3,or,,,,,True,0.03,0.55,0.25,True,soft,0.85,0.3,True,0.7,,0.2,5,0.6,0.6,0.06,0.35,0.02,15.0
result\past\additional=True\run_six_hump_camel_20260327_105752_323601_9ffb,six_hump_camel,"x1,x2",2,0,1,1,0.55,0.25,and,0.6,0.3,or,,,,,True,0.03,0.55,0.25,True,soft,0.85,0.3,True,0.7,,0.2,5,0.6,0.6,0.06,0.35,0.02,15.0
result\past\additional=True\run_six_hump_camel_20260327_105930_354076_6ff7,six_hump_camel,"x1,x2",2,0,1,1,0.55,0.25,and,0.6,0.3,or,,,,,True,0.03,0.55,0.25,True,soft,0.85,0.3,True,0.7,,0.2,5,0.6,0.6,0.06,0.35,0.02,15.0
result\past\additional=True\run_six_hump_camel_20260327_110055_437888_0bd6,six_hump_camel,"x1,x2",2,0,1,1,0.55,0.25,and,0.6,0.3,or,,,,,True,0.03,0.55,0.25,True,soft,0.85,0.3,True,0.7,,0.2,5,0.6,0.6,0.06,0.35,0.02,15.0
result\past\additional=True\run_six_hump_camel_20260327_110237_016914_a672,six_hump_camel,"x1,x2",2,0,1,1,0.55,0.25,and,0.6,0.3,or,,,,,True,0.03,0.55,0.25,True,soft,0.85,0.3,True,0.7,,0.2,5,0.6,0.6,0.06,0.35,0.02,15.0
result\past\additional=True\run_six_hump_camel_20260327_110434_238511_563c,six_hump_camel,"x1,x2",2,0,1,1,0.55,0.25,and,0.6,0.3,or,,,,,True,0.03,0.55,0.25,True,soft,0.85,0.3,True,0.7,,0.2,5,0.6,0.6,0.06,0.35,0.02,15.0
result\past\additional=True\run_six_hump_camel_20260327_110620_391790_c981,six_hump_camel,"x1,x2",2,0,1,1,0.55,0.25,and,0.6,0.3,or,,,,,True,0.03,0.55,0.25,True,soft,0.85,0.3,True,0.7,,0.2,5,0.6,0.6,0.06,0.35,0.02,15.0
result\past\additional=True\run_six_hump_camel_20260327_110813_338848_9052,six_hump_camel,"d2,x1,x2",3,1,0,1,0.55,0.25,and,0.6,0.3,or,,,,,True,0.03,0.55,0.25,True,soft,0.85,0.3,True,0.7,,0.2,5,0.6,0.6,0.06,0.35,0.02,15.0
result\past\additional=True\run_six_hump_camel_20260327_110950_787304_c196,six_hump_camel,"x1,x2",2,0,1,1,0.55,0.25,and,0.6,0.3,or,,,,,True,0.03,0.55,0.25,True,soft,0.85,0.3,True,0.7,,0.2,5,0.6,0.6,0.06,0.35,0.02,15.0
result\past\additional=True\run_six_hump_camel_20260327_111212_960131_b8cd,six_hump_camel,"x1,x2",2,0,1,1,0.55,0.25,and,0.6,0.3,or,,,,,True,0.03,0.55,0.25,True,soft,0.85,0.3,True,0.7,,0.2,5,0.6,0.6,0.06,0.35,0.02,15.0
result\past\additional=True\run_six_hump_camel_20260327_111628_548177_8039,six_hump_camel,"d3,x1,x2",3,1,0,1,0.55,0.25,and,0.6,0.3,or,,,,,True,0.03,0.55,0.25,True,soft,0.85,0.3,True,0.7,,0.2,5,0.6,0.6,0.06,0.35,0.02,15.0
result\past\additional=True\run_six_hump_camel_20260327_111908_351129_b299,six_hump_camel,"x1,x2",2,0,1,1,0.55,0.25,and,0.6,0.3,or,,,,,True,0.03,0.55,0.25,True,soft,0.85,0.3,True,0.7,,0.2,5,0.6,0.6,0.06,0.35,0.02,15.0
result\past\additional=True\run_six_hump_camel_20260327_112108_180537_8429,six_hump_camel,"x1,x2",2,0,1,1,0.55,0.25,and,0.6,0.3,or,,,,,True,0.03,0.55,0.25,True,soft,0.85,0.3,True,0.7,,0.2,5,0.6,0.6,0.06,0.35,0.02,15.0
result\past\additional=True\run_six_hump_camel_20260327_112345_742898_8d67,six_hump_camel,"x1,x2",2,0,1,1,0.55,0.25,and,0.6,0.3,or,,,,,True,0.03,0.55,0.25,True,soft,0.85,0.3,True,0.7,,0.2,5,0.6,0.6,0.06,0.35,0.02,15.0
result\past\additional=True\run_six_hump_camel_20260327_112542_693775_d585,six_hump_camel,"x1,x2",2,0,1,1,0.55,0.25,and,0.6,0.3,or,,,,,True,0.03,0.55,0.25,True,soft,0.85,0.3,True,0.7,,0.2,5,0.6,0.6,0.06,0.35,0.02,15.0
result\past\additional=True\run_six_hump_camel_20260327_112828_228394_5335,six_hump_camel,"x1,x2",2,0,1,1,0.55,0.25,and,0.6,0.3,or,,,,,True,0.03,0.55,0.25,True,soft,0.85,0.3,True,0.7,,0.2,5,0.6,0.6,0.06,0.35,0.02,15.0
result\past\additional=True\run_six_hump_camel_20260327_113037_864220_d986,six_hump_camel,"x1,x2",2,0,1,1,0.55,0.25,and,0.6,0.3,or,,,,,True,0.03,0.55,0.25,True,soft,0.85,0.3,True,0.7,,0.2,5,0.6,0.6,0.06,0.35,0.02,15.0
result\past\additional=True\run_six_hump_camel_20260327_150315_241873_94d9,six_hump_camel,"x1,x2",2,0,1,1,0.55,0.25,and,0.6,0.45,or,True,0.1,0.7,2.0,True,0.03,0.4,0.25,True,soft,0.85,0.45,True,0.7,,0.2,5,0.6,0.6,0.06,0.35,0.02,15.0
result\past\additional=True\run_six_hump_camel_20260327_150457_510124_f59c,six_hump_camel,"x1,x2",2,0,1,1,0.55,0.25,and,0.6,0.45,or,True,0.1,0.7,2.0,True,0.03,0.4,0.25,True,soft,0.85,0.45,True,0.7,,0.2,5,0.6,0.6,0.06,0.35,0.02,15.0
result\past\additional=True\run_six_hump_camel_20260327_150607_664721_38a4,six_hump_camel,"x1,x2",2,0,1,1,0.55,0.25,and,0.6,0.45,or,True,0.1,0.7,2.0,True,0.03,0.4,0.25,True,soft,0.85,0.45,True,0.7,,0.2,5,0.6,0.6,0.06,0.35,0.02,15.0
result\past\additional=True\run_six_hump_camel_20260327_150735_693858_1a48,six_hump_camel,"x1,x2",2,0,1,1,0.55,0.25,and,0.6,0.45,or,True,0.1,0.7,2.0,True,0.03,0.4,0.25,True,soft,0.85,0.45,True,0.7,,0.2,5,0.6,0.6,0.06,0.35,0.02,15.0
result\past\additional=True\run_six_hump_camel_20260327_150859_636765_077a,six_hump_camel,"x1,x2",2,0,1,1,0.55,0.25,and,0.6,0.45,or,True,0.1,0.7,2.0,True,0.03,0.4,0.25,True,soft,0.85,0.45,True,0.7,,0.2,5,0.6,0.6,0.06,0.35,0.02,15.0
result\past\additional=True\run_six_hump_camel_20260327_151030_517661_c894,six_hump_camel,"x1,x2",2,0,1,1,0.55,0.25,and,0.6,0.45,or,True,0.1,0.7,2.0,True,0.03,0.4,0.25,True,soft,0.85,0.45,True,0.7,,0.2,5,0.6,0.6,0.06,0.35,0.02,15.0
result\past\additional=True\run_six_hump_camel_20260327_151137_224789_c806,six_hump_camel,"x1,x2",2,0,1,1,0.55,0.25,and,0.6,0.45,or,True,0.1,0.7,2.0,True,0.03,0.4,0.25,True,soft,0.85,0.45,True,0.7,,0.2,5,0.6,0.6,0.06,0.35,0.02,15.0
result\past\additional=True\run_six_hump_camel_20260327_151301_808870_6afa,six_hump_camel,"x1,x2",2,0,1,1,0.55,0.25,and,0.6,0.45,or,True,0.1,0.7,2.0,True,0.03,0.4,0.25,True,soft,0.85,0.45,True,0.7,,0.2,5,0.6,0.6,0.06,0.35,0.02,15.0
result\past\additional=True\run_six_hump_camel_20260327_151409_248423_1808,six_hump_camel,"x1,x2",2,0,1,1,0.55,0.25,and,0.6,0.45,or,True,0.1,0.7,2.0,True,0.03,0.4,0.25,True,soft,0.85,0.45,True,0.7,,0.2,5,0.6,0.6,0.06,0.35,0.02,15.0
result\past\additional=True\run_six_hump_camel_20260327_151527_171607_8dc6,six_hump_camel,"d3,x1,x2",3,1,0,1,0.55,0.25,and,0.6,0.45,or,True,0.1,0.7,2.0,True,0.03,0.4,0.25,True,soft,0.85,0.45,True,0.7,,0.2,5,0.6,0.6,0.06,0.35,0.02,15.0
result\past\additional=True\run_six_hump_camel_20260327_151645_158294_e42c,six_hump_camel,"x1,x2",2,0,1,1,0.55,0.25,and,0.6,0.45,or,True,0.1,0.7,2.0,True,0.03,0.4,0.25,True,soft,0.85,0.45,True,0.7,,0.2,5,0.6,0.6,0.06,0.35,0.02,15.0
result\past\additional=True\run_six_hump_camel_20260327_151822_888583_b46c,six_hump_camel,"d2,x1,x2",3,1,0,1,0.55,0.25,and,0.6,0.45,or,True,0.1,0.7,2.0,True,0.03,0.4,0.25,True,soft,0.85,0.45,True,0.7,,0.2,5,0.6,0.6,0.06,0.35,0.02,15.0
result\past\additional=True\run_six_hump_camel_20260327_151942_390879_1eed,six_hump_camel,"x1,x2",2,0,1,1,0.55,0.25,and,0.6,0.45,or,True,0.1,0.7,2.0,True,0.03,0.4,0.25,True,soft,0.85,0.45,True,0.7,,0.2,5,0.6,0.6,0.06,0.35,0.02,15.0
result\past\additional=True\run_six_hump_camel_20260327_152115_372814_e9b6,six_hump_camel,"x1,x2",2,0,1,1,0.55,0.25,and,0.6,0.45,or,True,0.1,0.7,2.0,True,0.03,0.4,0.25,True,soft,0.85,0.45,True,0.7,,0.2,5,0.6,0.6,0.06,0.35,0.02,15.0
result\past\additional=True\run_six_hump_camel_20260327_152233_872567_d254,six_hump_camel,"d2,x1,x2",3,1,0,1,0.55,0.25,and,0.6,0.45,or,True,0.1,0.7,2.0,True,0.03,0.4,0.25,True,soft,0.85,0.45,True,0.7,,0.2,5,0.6,0.6,0.06,0.35,0.02,15.0
result\past\additional=True\run_six_hump_camel_20260327_152346_561051_3a72,six_hump_camel,"x1,x2",2,0,1,1,0.55,0.25,and,0.6,0.45,or,True,0.1,0.7,2.0,True,0.03,0.4,0.25,True,soft,0.85,0.45,True,0.7,,0.2,5,0.6,0.6,0.06,0.35,0.02,15.0
result\past\additional=True\run_six_hump_camel_20260327_152458_842033_1243,six_hump_camel,"x1,x2",2,0,1,1,0.55,0.25,and,0.6,0.45,or,True,0.1,0.7,2.0,True,0.03,0.4,0.25,True,soft,0.85,0.45,True,0.7,,0.2,5,0.6,0.6,0.06,0.35,0.02,15.0
result\past\additional=True\run_six_hump_camel_20260327_152613_260667_95d1,six_hump_camel,"x1,x2",2,0,1,1,0.55,0.25,and,0.6,0.45,or,True,0.1,0.7,2.0,True,0.03,0.4,0.25,True,soft,0.85,0.45,True,0.7,,0.2,5,0.6,0.6,0.06,0.35,0.02,15.0
result\past\additional=True\run_six_hump_camel_20260327_152752_164151_0099,six_hump_camel,"d2,d3,x1,x2",4,2,0,1,0.55,0.25,and,0.6,0.45,or,True,0.1,0.7,2.0,True,0.03,0.4,0.25,True,soft,0.85,0.45,True,0.7,,0.2,5,0.6,0.6,0.06,0.35,0.02,15.0
result\past\additional=True\run_six_hump_camel_20260327_152935_808993_32f9,six_hump_camel,"d3,x1,x2",3,1,0,1,0.55,0.25,and,0.6,0.45,or,True,0.1,0.7,2.0,True,0.03,0.4,0.25,True,soft,0.85,0.45,True,0.7,,0.2,5,0.6,0.6,0.06,0.35,0.02,15.0
result\past\additional=True\run_six_hump_camel_20260327_153058_704466_63d8,six_hump_camel,"x1,x2",2,0,1,1,0.55,0.25,and,0.6,0.45,or,True,0.1,0.7,2.0,True,0.03,0.4,0.25,True,soft,0.85,0.45,True,0.7,,0.2,5,0.6,0.6,0.06,0.35,0.02,15.0
result\past\additional=True\run_six_hump_camel_20260327_153222_692848_b178,six_hump_camel,"x1,x2",2,0,1,1,0.55,0.25,and,0.6,0.45,or,True,0.1,0.7,2.0,True,0.03,0.4,0.25,True,soft,0.85,0.45,True,0.7,,0.2,5,0.6,0.6,0.06,0.35,0.02,15.0
result\past\additional=True\run_six_hump_camel_20260327_153345_850320_59af,six_hump_camel,"x1,x2",2,0,1,1,0.55,0.25,and,0.6,0.45,or,True,0.1,0.7,2.0,True,0.03,0.4,0.25,True,soft,0.85,0.45,True,0.7,,0.2,5,0.6,0.6,0.06,0.35,0.02,15.0
result\past\additional=True\run_six_hump_camel_20260327_153422_719479_c86a,six_hump_camel,"x1,x2",2,0,1,1,0.55,0.25,and,0.6,0.45,or,True,0.1,0.7,2.0,True,0.03,0.4,0.25,True,soft,0.85,0.45,True,0.7,,0.2,5,0.6,0.6,0.06,0.35,0.02,15.0
result\past\additional=True\run_six_hump_camel_20260327_153525_404690_2b0a,six_hump_camel,"x1,x2",2,0,1,1,0.55,0.25,and,0.6,0.45,or,True,0.1,0.7,2.0,True,0.03,0.4,0.25,True,soft,0.85,0.45,True,0.7,,0.2,5,0.6,0.6,0.06,0.35,0.02,15.0
result\past\additional=True\run_six_hump_camel_20260327_153654_173004_223a,six_hump_camel,"x1,x2",2,0,1,1,0.55,0.25,and,0.6,0.45,or,True,0.1,0.7,2.0,True,0.03,0.4,0.25,True,soft,0.85,0.45,True,0.7,,0.2,5,0.6,0.6,0.06,0.35,0.02,15.0
result\past\additional=True\run_six_hump_camel_20260327_153706_924007_1874,six_hump_camel,"x1,x2",2,0,1,1,0.55,0.25,and,0.6,0.45,or,True,0.1,0.7,2.0,True,0.03,0.4,0.25,True,soft,0.85,0.45,True,0.7,,0.2,5,0.6,0.6,0.06,0.35,0.02,15.0
result\past\additional=True\run_six_hump_camel_20260327_153918_196936_88a8,six_hump_camel,"x1,x2",2,0,1,1,0.55,0.25,and,0.6,0.45,or,True,0.1,0.7,2.0,True,0.03,0.4,0.25,True,soft,0.85,0.45,True,0.7,,0.2,5,0.6,0.6,0.06,0.35,0.02,15.0
result\past\additional=True\run_six_hump_camel_20260327_154055_637960_9b1d,six_hump_camel,"x1,x2",2,0,1,1,0.55,0.25,and,0.6,0.45,or,True,0.1,0.7,2.0,True,0.03,0.4,0.25,True,soft,0.85,0.45,True,0.7,,0.2,5,0.6,0.6,0.06,0.35,0.02,15.0
result\past\additional=True\run_six_hump_camel_20260327_154306_859562_169f,six_hump_camel,x1,1,0,0,0,0.55,0.25,and,0.6,0.45,or,True,0.1,0.7,2.0,True,0.03,0.4,0.25,True,soft,0.85,0.45,True,0.7,,0.2,5,0.6,0.6,0.06,0.35,0.02,15.0
result\past\additional=True\run_six_hump_camel_20260327_154503_662318_5ff8,six_hump_camel,"x1,x2",2,0,1,1,0.55,0.25,and,0.6,0.45,or,True,0.1,0.7,2.0,True,0.03,0.4,0.25,True,soft,0.85,0.45,True,0.7,,0.2,5,0.6,0.6,0.06,0.35,0.02,15.0
result\past\additional=True\run_six_hump_camel_20260327_154626_008991_d6ef,six_hump_camel,"x1,x2",2,0,1,1,0.55,0.25,and,0.6,0.45,or,True,0.1,0.7,2.0,True,0.03,0.4,0.25,True,soft,0.85,0.45,True,0.7,,0.2,5,0.6,0.6,0.06,0.35,0.02,15.0
result\past\additional=True\run_six_hump_camel_20260327_154842_257828_833f,six_hump_camel,"x1,x2",2,0,1,1,0.55,0.25,and,0.6,0.45,or,True,0.1,0.7,2.0,True,0.03,0.4,0.25,True,soft,0.85,0.45,True,0.7,,0.2,5,0.6,0.6,0.06,0.35,0.02,15.0
result\past\additional=True\run_six_hump_camel_20260327_155023_043506_e36d,six_hump_camel,"x1,x2",2,0,1,1,0.55,0.25,and,0.6,0.45,or,True,0.1,0.7,2.0,True,0.03,0.4,0.25,True,soft,0.85,0.45,True,0.7,,0.2,5,0.6,0.6,0.06,0.35,0.02,15.0
result\past\additional=True\run_six_hump_camel_20260327_155140_825908_7d98,six_hump_camel,"x1,x2",2,0,1,1,0.55,0.25,and,0.6,0.45,or,True,0.1,0.7,2.0,True,0.03,0.4,0.25,True,soft,0.85,0.45,True,0.7,,0.2,5,0.6,0.6,0.06,0.35,0.02,15.0
result\past\additional=True\run_six_hump_camel_20260327_155334_928169_c78d,six_hump_camel,"x1,x2",2,0,1,1,0.55,0.25,and,0.6,0.45,or,True,0.1,0.7,2.0,True,0.03,0.4,0.25,True,soft,0.85,0.45,True,0.7,,0.2,5,0.6,0.6,0.06,0.35,0.02,15.0
result\past\additional=True\run_six_hump_camel_20260327_155445_985952_b374,six_hump_camel,"x1,x2",2,0,1,1,0.55,0.25,and,0.6,0.45,or,True,0.1,0.7,2.0,True,0.03,0.4,0.25,True,soft,0.85,0.45,True,0.7,,0.2,5,0.6,0.6,0.06,0.35,0.02,15.0
result\past\additional=True\run_six_hump_camel_20260327_155631_458138_858a,six_hump_camel,"x1,x2",2,0,1,1,0.55,0.25,and,0.6,0.45,or,True,0.1,0.7,2.0,True,0.03,0.4,0.25,True,soft,0.85,0.45,True,0.7,,0.2,5,0.6,0.6,0.06,0.35,0.02,15.0
result\past\additional=True\run_six_hump_camel_20260327_155819_408588_7779,six_hump_camel,"x1,x2",2,0,1,1,0.55,0.25,and,0.6,0.45,or,True,0.1,0.7,2.0,True,0.03,0.4,0.25,True,soft,0.85,0.45,True,0.7,,0.2,5,0.6,0.6,0.06,0.35,0.02,15.0
result\past\additional=True\run_six_hump_camel_20260327_155958_308056_b337,six_hump_camel,"x1,x2",2,0,1,1,0.55,0.25,and,0.6,0.45,or,True,0.1,0.7,2.0,True,0.03,0.4,0.25,True,soft,0.85,0.45,True,0.7,,0.2,5,0.6,0.6,0.06,0.35,0.02,15.0
result\past\additional=True\run_six_hump_camel_20260327_160201_555288_2afc,six_hump_camel,"d2,x1,x2",3,1,0,1,0.55,0.25,and,0.6,0.45,or,True,0.1,0.7,2.0,True,0.03,0.4,0.25,True,soft,0.85,0.45,True,0.7,,0.2,5,0.6,0.6,0.06,0.35,0.02,15.0
result\past\additional=True\run_six_hump_camel_20260327_160336_713749_bf5f,six_hump_camel,"x1,x2",2,0,1,1,0.55,0.25,and,0.6,0.45,or,True,0.1,0.7,2.0,True,0.03,0.4,0.25,True,soft,0.85,0.45,True,0.7,,0.2,5,0.6,0.6,0.06,0.35,0.02,15.0
result\past\additional=True\run_six_hump_camel_20260327_160541_442854_c946,six_hump_camel,"x1,x2",2,0,1,1,0.55,0.25,and,0.6,0.45,or,True,0.1,0.7,2.0,True,0.03,0.4,0.25,True,soft,0.85,0.45,True,0.7,,0.2,5,0.6,0.6,0.06,0.35,0.02,15.0
result\past\additional=True\run_six_hump_camel_20260327_160747_928517_29f6,six_hump_camel,"x1,x2",2,0,1,1,0.55,0.25,and,0.6,0.45,or,True,0.1,0.7,2.0,True,0.03,0.4,0.25,True,soft,0.85,0.45,True,0.7,,0.2,5,0.6,0.6,0.06,0.35,0.02,15.0
result\past\additional=True\run_six_hump_camel_20260327_160954_122211_a5da,six_hump_camel,"x1,x2",2,0,1,1,0.55,0.25,and,0.6,0.45,or,True,0.1,0.7,2.0,True,0.03,0.4,0.25,True,soft,0.85,0.45,True,0.7,,0.2,5,0.6,0.6,0.06,0.35,0.02,15.0
result\past\additional=True\run_six_hump_camel_20260327_161135_243397_ddd6,six_hump_camel,"x1,x2",2,0,1,1,0.55,0.25,and,0.6,0.45,or,True,0.1,0.7,2.0,True,0.03,0.4,0.25,True,soft,0.85,0.45,True,0.7,,0.2,5,0.6,0.6,0.06,0.35,0.02,15.0
result\past\additional=True\run_six_hump_camel_20260327_161311_866144_ea39,six_hump_camel,"x1,x2",2,0,1,1,0.55,0.25,and,0.6,0.45,or,True,0.1,0.7,2.0,True,0.03,0.4,0.25,True,soft,0.85,0.45,True,0.7,,0.2,5,0.6,0.6,0.06,0.35,0.02,15.0
result\past\additional=True\run_six_hump_camel_20260327_161442_249331_511c,six_hump_camel,"x1,x2",2,0,1,1,0.55,0.25,and,0.6,0.45,or,True,0.1,0.7,2.0,True,0.03,0.4,0.25,True,soft,0.85,0.45,True,0.7,,0.2,5,0.6,0.6,0.06,0.35,0.02,15.0
result\past\additional=True\run_six_hump_camel_20260327_161648_312686_7d3f,six_hump_camel,"x1,x2",2,0,1,1,0.55,0.25,and,0.6,0.45,or,True,0.1,0.7,2.0,True,0.03,0.4,0.25,True,soft,0.85,0.45,True,0.7,,0.2,5,0.6,0.6,0.06,0.35,0.02,15.0
result\past\additional=True\run_six_hump_camel_20260327_161854_514489_3c3a,six_hump_camel,"x1,x2",2,0,1,1,0.55,0.25,and,0.6,0.45,or,True,0.1,0.7,2.0,True,0.03,0.4,0.25,True,soft,0.85,0.45,True,0.7,,0.2,5,0.6,0.6,0.06,0.35,0.02,15.0
result\past\additional=True\run_six_hump_camel_20260330_163901_585681_60cc,six_hump_camel,"x1,x2",2,0,1,1,0.55,0.25,and,0.6,0.42,or,True,0.1,0.65,2.0,True,0.03,0.55,0.25,True,soft,0.85,0.45,True,0.8,,0.2,5,0.6,0.6,0.06,0.35,0.02,15.0
result\past\additional=True\run_six_hump_camel_20260330_164120_757212_3995,six_hump_camel,"x1,x2",2,0,1,1,0.55,0.25,and,0.6,0.42,or,True,0.1,0.65,2.0,True,0.03,0.55,0.25,True,soft,0.85,0.45,True,0.8,,0.2,5,0.6,0.6,0.06,0.35,0.02,15.0
result\past\additional=True\run_six_hump_camel_20260330_164255_460129_fd49,six_hump_camel,"x1,x2",2,0,1,1,0.55,0.25,and,0.6,0.42,or,True,0.1,0.65,2.0,True,0.03,0.55,0.25,True,soft,0.85,0.45,True,0.8,,0.2,5,0.6,0.6,0.06,0.35,0.02,15.0
result\past\additional=True\run_six_hump_camel_20260330_164455_406747_aab1,six_hump_camel,"x1,x2",2,0,1,1,0.55,0.25,and,0.6,0.42,or,True,0.1,0.65,2.0,True,0.03,0.55,0.25,True,soft,0.85,0.45,True,0.8,,0.2,5,0.6,0.6,0.06,0.35,0.02,15.0
result\past\additional=True\run_six_hump_camel_20260330_164652_161344_a486,six_hump_camel,"x1,x2",2,0,1,1,0.55,0.25,and,0.6,0.42,or,True,0.1,0.65,2.0,True,0.03,0.55,0.25,True,soft,0.85,0.45,True,0.8,,0.2,5,0.6,0.6,0.06,0.35,0.02,15.0
result\past\additional=True\run_six_hump_camel_20260330_164855_650580_c359,six_hump_camel,"x1,x2",2,0,1,1,0.55,0.25,and,0.6,0.42,or,True,0.1,0.65,2.0,True,0.03,0.55,0.25,True,soft,0.85,0.45,True,0.8,,0.2,5,0.6,0.6,0.06,0.35,0.02,15.0
result\past\additional=True\run_six_hump_camel_20260330_165026_643951_0697,six_hump_camel,"x1,x2",2,0,1,1,0.55,0.25,and,0.6,0.42,or,True,0.1,0.65,2.0,True,0.03,0.55,0.25,True,soft,0.85,0.45,True,0.8,,0.2,5,0.6,0.6,0.06,0.35,0.02,15.0
result\past\additional=True\run_six_hump_camel_20260330_165220_260343_a20f,six_hump_camel,"x1,x2",2,0,1,1,0.55,0.25,and,0.6,0.42,or,True,0.1,0.65,2.0,True,0.03,0.55,0.25,True,soft,0.85,0.45,True,0.8,,0.2,5,0.6,0.6,0.06,0.35,0.02,15.0
result\past\additional=True\run_six_hump_camel_20260330_165351_901453_6616,six_hump_camel,"x1,x2",2,0,1,1,0.55,0.25,and,0.6,0.42,or,True,0.1,0.65,2.0,True,0.03,0.55,0.25,True,soft,0.85,0.45,True,0.8,,0.2,5,0.6,0.6,0.06,0.35,0.02,15.0
result\past\additional=True\run_six_hump_camel_20260330_165541_485491_3673,six_hump_camel,"d3,x1,x2",3,1,0,1,0.55,0.25,and,0.6,0.42,or,True,0.1,0.65,2.0,True,0.03,0.55,0.25,True,soft,0.85,0.45,True,0.8,,0.2,5,0.6,0.6,0.06,0.35,0.02,15.0
result\past\additional=True\run_six_hump_camel_20260330_165727_985015_43fa,six_hump_camel,"x1,x2",2,0,1,1,0.55,0.25,and,0.6,0.42,or,True,0.1,0.65,2.0,True,0.03,0.55,0.25,True,soft,0.85,0.45,True,0.8,,0.2,5,0.6,0.6,0.06,0.35,0.02,15.0
result\past\additional=True\run_six_hump_camel_20260330_165941_942023_5886,six_hump_camel,"d2,x1,x2",3,1,0,1,0.55,0.25,and,0.6,0.42,or,True,0.1,0.65,2.0,True,0.03,0.55,0.25,True,soft,0.85,0.45,True,0.8,,0.2,5,0.6,0.6,0.06,0.35,0.02,15.0
result\past\additional=True\run_six_hump_camel_20260330_170130_585077_1f90,six_hump_camel,"x1,x2",2,0,1,1,0.55,0.25,and,0.6,0.42,or,True,0.1,0.65,2.0,True,0.03,0.55,0.25,True,soft,0.85,0.45,True,0.8,,0.2,5,0.6,0.6,0.06,0.35,0.02,15.0
result\past\additional=True\run_six_hump_camel_20260330_170337_573079_e04e,six_hump_camel,"x1,x2",2,0,1,1,0.55,0.25,and,0.6,0.42,or,True,0.1,0.65,2.0,True,0.03,0.55,0.25,True,soft,0.85,0.45,True,0.8,,0.2,5,0.6,0.6,0.06,0.35,0.02,15.0
result\past\additional=True\run_six_hump_camel_20260330_170523_882284_d92e,six_hump_camel,"d2,x1,x2",3,1,0,1,0.55,0.25,and,0.6,0.42,or,True,0.1,0.65,2.0,True,0.03,0.55,0.25,True,soft,0.85,0.45,True,0.8,,0.2,5,0.6,0.6,0.06,0.35,0.02,15.0
result\past\additional=True\run_six_hump_camel_20260330_170703_698350_e1c2,six_hump_camel,"x1,x2",2,0,1,1,0.55,0.25,and,0.6,0.42,or,True,0.1,0.65,2.0,True,0.03,0.55,0.25,True,soft,0.85,0.45,True,0.8,,0.2,5,0.6,0.6,0.06,0.35,0.02,15.0
result\past\additional=True\run_six_hump_camel_20260330_170843_403462_384a,six_hump_camel,"x1,x2",2,0,1,1,0.55,0.25,and,0.6,0.42,or,True,0.1,0.65,2.0,True,0.03,0.55,0.25,True,soft,0.85,0.45,True,0.8,,0.2,5,0.6,0.6,0.06,0.35,0.02,15.0
result\past\additional=True\run_six_hump_camel_20260330_171021_672786_7ec0,six_hump_camel,"x1,x2",2,0,1,1,0.55,0.25,and,0.6,0.42,or,True,0.1,0.65,2.0,True,0.03,0.55,0.25,True,soft,0.85,0.45,True,0.8,,0.2,5,0.6,0.6,0.06,0.35,0.02,15.0
result\past\additional=True\run_six_hump_camel_20260330_171236_552803_028f,six_hump_camel,"d3,x1,x2",3,1,0,1,0.55,0.25,and,0.6,0.42,or,True,0.1,0.65,2.0,True,0.03,0.55,0.25,True,soft,0.85,0.45,True,0.8,,0.2,5,0.6,0.6,0.06,0.35,0.02,15.0
result\past\additional=True\run_six_hump_camel_20260330_171456_751021_a549,six_hump_camel,"d3,x1",2,1,0,0,0.55,0.25,and,0.6,0.42,or,True,0.1,0.65,2.0,True,0.03,0.55,0.25,True,soft,0.85,0.45,True,0.8,,0.2,5,0.6,0.6,0.06,0.35,0.02,15.0
result\past\additional=True\run_six_hump_camel_20260330_171649_347971_e247,six_hump_camel,"x1,x2",2,0,1,1,0.55,0.25,and,0.6,0.42,or,True,0.1,0.65,2.0,True,0.03,0.55,0.25,True,soft,0.85,0.45,True,0.8,,0.2,5,0.6,0.6,0.06,0.35,0.02,15.0
result\past\additional=True\run_six_hump_camel_20260330_171842_310267_5ff9,six_hump_camel,"x1,x2",2,0,1,1,0.55,0.25,and,0.6,0.42,or,True,0.1,0.65,2.0,True,0.03,0.55,0.25,True,soft,0.85,0.45,True,0.8,,0.2,5,0.6,0.6,0.06,0.35,0.02,15.0
result\past\additional=True\run_six_hump_camel_20260330_172036_044924_d384,six_hump_camel,"x1,x2",2,0,1,1,0.55,0.25,and,0.6,0.42,or,True,0.1,0.65,2.0,True,0.03,0.55,0.25,True,soft,0.85,0.45,True,0.8,,0.2,5,0.6,0.6,0.06,0.35,0.02,15.0
result\past\additional=True\run_six_hump_camel_20260330_172250_314728_f9b6,six_hump_camel,"x1,x2",2,0,1,1,0.55,0.25,and,0.6,0.42,or,True,0.1,0.65,2.0,True,0.03,0.55,0.25,True,soft,0.85,0.45,True,0.8,,0.2,5,0.6,0.6,0.06,0.35,0.02,15.0
result\past\additional=True\run_six_hump_camel_20260330_172452_412019_b757,six_hump_camel,"x1,x2",2,0,1,1,0.55,0.25,and,0.6,0.42,or,True,0.1,0.65,2.0,True,0.03,0.55,0.25,True,soft,0.85,0.45,True,0.8,,0.2,5,0.6,0.6,0.06,0.35,0.02,15.0
result\past\additional=True\run_six_hump_camel_20260331_100559_378927_046c,six_hump_camel,"x1,x2",2,0,1,1,0.55,0.25,and,0.6,0.42,or,True,0.1,0.65,2.0,True,0.03,0.55,0.25,True,soft,0.85,0.45,True,0.8,,0.2,5,0.6,0.6,0.06,0.35,0.02,15.0
result\past\additional=True\run_six_hump_camel_20260331_100817_992999_b17a,six_hump_camel,"x1,x2",2,0,1,1,0.55,0.25,and,0.6,0.42,or,True,0.1,0.65,2.0,True,0.03,0.55,0.25,True,soft,0.85,0.45,True,0.8,,0.2,5,0.6,0.6,0.06,0.35,0.02,15.0
result\past\additional=True\run_six_hump_camel_20260331_100955_512155_0da1,six_hump_camel,"x1,x2",2,0,1,1,0.55,0.25,and,0.6,0.42,or,True,0.1,0.65,2.0,True,0.03,0.55,0.25,True,soft,0.85,0.45,True,0.8,,0.2,5,0.6,0.6,0.06,0.35,0.02,15.0
result\past\additional=True\run_six_hump_camel_20260331_101200_442766_d81f,six_hump_camel,"x1,x2",2,0,1,1,0.55,0.25,and,0.6,0.42,or,True,0.1,0.65,2.0,True,0.03,0.55,0.25,True,soft,0.85,0.45,True,0.8,,0.2,5,0.6,0.6,0.06,0.35,0.02,15.0
result\past\additional=True\run_six_hump_camel_20260331_101357_693225_dae0,six_hump_camel,"x1,x2",2,0,1,1,0.55,0.25,and,0.6,0.42,or,True,0.1,0.65,2.0,True,0.03,0.55,0.25,True,soft,0.85,0.45,True,0.8,,0.2,5,0.6,0.6,0.06,0.35,0.02,15.0
result\past\additional=True\run_six_hump_camel_20260331_101601_418382_c485,six_hump_camel,"x1,x2",2,0,1,1,0.55,0.25,and,0.6,0.42,or,True,0.1,0.65,2.0,True,0.03,0.55,0.25,True,soft,0.85,0.45,True,0.8,,0.2,5,0.6,0.6,0.06,0.35,0.02,15.0
result\past\additional=True\run_six_hump_camel_20260331_101732_355652_c06b,six_hump_camel,"x1,x2",2,0,1,1,0.55,0.25,and,0.6,0.42,or,True,0.1,0.65,2.0,True,0.03,0.55,0.25,True,soft,0.85,0.45,True,0.8,,0.2,5,0.6,0.6,0.06,0.35,0.02,15.0
result\past\additional=True\run_six_hump_camel_20260331_101925_257532_3eb7,six_hump_camel,"x1,x2",2,0,1,1,0.55,0.25,and,0.6,0.42,or,True,0.1,0.65,2.0,True,0.03,0.55,0.25,True,soft,0.85,0.45,True,0.8,,0.2,5,0.6,0.6,0.06,0.35,0.02,15.0
result\past\additional=True\run_six_hump_camel_20260331_102056_689930_68bc,six_hump_camel,"x1,x2",2,0,1,1,0.55,0.25,and,0.6,0.42,or,True,0.1,0.65,2.0,True,0.03,0.55,0.25,True,soft,0.85,0.45,True,0.8,,0.2,5,0.6,0.6,0.06,0.35,0.02,15.0
result\past\additional=True\run_six_hump_camel_20260331_102242_366036_cfa1,six_hump_camel,"d3,x1,x2",3,1,0,1,0.55,0.25,and,0.6,0.42,or,True,0.1,0.65,2.0,True,0.03,0.55,0.25,True,soft,0.85,0.45,True,0.8,,0.2,5,0.6,0.6,0.06,0.35,0.02,15.0
result\past\additional=True\run_six_hump_camel_20260331_102428_364995_8e55,six_hump_camel,"x1,x2",2,0,1,1,0.55,0.25,and,0.6,0.42,or,True,0.1,0.65,2.0,True,0.03,0.55,0.25,True,soft,0.85,0.45,True,0.8,,0.2,5,0.6,0.6,0.06,0.35,0.02,15.0
result\past\additional=True\run_six_hump_camel_20260331_102641_594202_5321,six_hump_camel,"d2,x1,x2",3,1,0,1,0.55,0.25,and,0.6,0.42,or,True,0.1,0.65,2.0,True,0.03,0.55,0.25,True,soft,0.85,0.45,True,0.8,,0.2,5,0.6,0.6,0.06,0.35,0.02,15.0
result\past\additional=True\run_six_hump_camel_20260331_102830_574428_1f08,six_hump_camel,"x1,x2",2,0,1,1,0.55,0.25,and,0.6,0.42,or,True,0.1,0.65,2.0,True,0.03,0.55,0.25,True,soft,0.85,0.45,True,0.8,,0.2,5,0.6,0.6,0.06,0.35,0.02,15.0
result\past\additional=True\run_six_hump_camel_20260331_103035_910909_dbeb,six_hump_camel,"x1,x2",2,0,1,1,0.55,0.25,and,0.6,0.42,or,True,0.1,0.65,2.0,True,0.03,0.55,0.25,True,soft,0.85,0.45,True,0.8,,0.2,5,0.6,0.6,0.06,0.35,0.02,15.0
result\past\additional=True\run_six_hump_camel_20260331_103222_024740_a8d6,six_hump_camel,"d2,x1,x2",3,1,0,1,0.55,0.25,and,0.6,0.42,or,True,0.1,0.65,2.0,True,0.03,0.55,0.25,True,soft,0.85,0.45,True,0.8,,0.2,5,0.6,0.6,0.06,0.35,0.02,15.0
result\past\additional=True\run_six_hump_camel_20260331_103401_868098_a30e,six_hump_camel,"x1,x2",2,0,1,1,0.55,0.25,and,0.6,0.42,or,True,0.1,0.65,2.0,True,0.03,0.55,0.25,True,soft,0.85,0.45,True,0.8,,0.2,5,0.6,0.6,0.06,0.35,0.02,15.0
result\past\additional=True\run_six_hump_camel_20260331_103540_832125_4831,six_hump_camel,"x1,x2",2,0,1,1,0.55,0.25,and,0.6,0.42,or,True,0.1,0.65,2.0,True,0.03,0.55,0.25,True,soft,0.85,0.45,True,0.8,,0.2,5,0.6,0.6,0.06,0.35,0.02,15.0
result\past\additional=True\run_six_hump_camel_20260331_103721_138272_00f8,six_hump_camel,"x1,x2",2,0,1,1,0.55,0.25,and,0.6,0.42,or,True,0.1,0.65,2.0,True,0.03,0.55,0.25,True,soft,0.85,0.45,True,0.8,,0.2,5,0.6,0.6,0.06,0.35,0.02,15.0
result\past\additional=True\run_six_hump_camel_20260331_103934_382789_45cc,six_hump_camel,"d3,x1,x2",3,1,0,1,0.55,0.25,and,0.6,0.42,or,True,0.1,0.65,2.0,True,0.03,0.55,0.25,True,soft,0.85,0.45,True,0.8,,0.2,5,0.6,0.6,0.06,0.35,0.02,15.0
result\past\additional=True\run_six_hump_camel_20260331_104153_849923_ccc8,six_hump_camel,"d3,x1",2,1,0,0,0.55,0.25,and,0.6,0.42,or,True,0.1,0.65,2.0,True,0.03,0.55,0.25,True,soft,0.85,0.45,True,0.8,,0.2,5,0.6,0.6,0.06,0.35,0.02,15.0
result\past\additional=True\run_six_hump_camel_20260331_104325_146349_96ce,six_hump_camel,"x1,x2",2,0,1,1,0.55,0.25,and,0.6,0.42,or,True,0.1,0.65,2.0,True,0.03,0.55,0.25,True,soft,0.85,0.45,True,0.8,,0.2,5,0.6,0.6,0.06,0.35,0.02,15.0
result\past\additional=True\run_six_hump_camel_20260331_104347_152880_8d60,six_hump_camel,"x1,x2",2,0,1,1,0.55,0.25,and,0.6,0.42,or,True,0.1,0.65,2.0,True,0.03,0.55,0.25,True,soft,0.85,0.45,True,0.8,,0.2,5,0.6,0.6,0.06,0.35,0.02,15.0
result\past\additional=True\run_six_hump_camel_20260331_104541_163956_61ed,six_hump_camel,"x1,x2",2,0,1,1,0.55,0.25,and,0.6,0.42,or,True,0.1,0.65,2.0,True,0.03,0.55,0.25,True,soft,0.85,0.45,True,0.8,,0.2,5,0.6,0.6,0.06,0.35,0.02,15.0
result\past\additional=True\run_six_hump_camel_20260331_104738_305129_b8eb,six_hump_camel,"x1,x2",2,0,1,1,0.55,0.25,and,0.6,0.42,or,True,0.1,0.65,2.0,True,0.03,0.55,0.25,True,soft,0.85,0.45,True,0.8,,0.2,5,0.6,0.6,0.06,0.35,0.02,15.0
result\past\additional=True\run_six_hump_camel_20260331_104751_588045_380d,six_hump_camel,"x1,x2",2,0,1,1,0.55,0.25,and,0.6,0.42,or,True,0.1,0.65,2.0,True,0.03,0.55,0.25,True,soft,0.85,0.45,True,0.8,,0.2,5,0.6,0.6,0.06,0.35,0.02,15.0
result\past\additional=True\run_six_hump_camel_20260331_104956_038714_03cd,six_hump_camel,"x1,x2",2,0,1,1,0.55,0.25,and,0.6,0.42,or,True,0.1,0.65,2.0,True,0.03,0.55,0.25,True,soft,0.85,0.45,True,0.8,,0.2,5,0.6,0.6,0.06,0.35,0.02,15.0
result\past\additional=True\run_six_hump_camel_20260331_105042_556426_2cea,six_hump_camel,"x1,x2",2,0,1,1,0.55,0.25,and,0.6,0.42,or,True,0.1,0.65,2.0,True,0.03,0.55,0.25,True,soft,0.85,0.45,True,0.8,,0.2,5,0.6,0.6,0.06,0.35,0.02,15.0
result\past\additional=True\run_six_hump_camel_20260331_105201_531232_f1dc,six_hump_camel,"x1,x2",2,0,1,1,0.55,0.25,and,0.6,0.42,or,True,0.1,0.65,2.0,True,0.03,0.55,0.25,True,soft,0.85,0.45,True,0.8,,0.2,5,0.6,0.6,0.06,0.35,0.02,15.0
result\past\additional=True\run_six_hump_camel_20260331_105225_602460_6d9c,six_hump_camel,"x1,x2",2,0,1,1,0.55,0.25,and,0.6,0.42,or,True,0.1,0.65,2.0,True,0.03,0.55,0.25,True,soft,0.85,0.45,True,0.8,,0.2,5,0.6,0.6,0.06,0.35,0.02,15.0
result\past\additional=True\run_six_hump_camel_20260331_105432_870167_3d95,six_hump_camel,x1,1,0,0,0,0.55,0.25,and,0.6,0.42,or,True,0.1,0.65,2.0,True,0.03,0.55,0.25,True,soft,0.85,0.45,True,0.8,,0.2,5,0.6,0.6,0.06,0.35,0.02,15.0
result\past\additional=True\run_six_hump_camel_20260331_105641_848618_5ebc,six_hump_camel,"x1,x2",2,0,1,1,0.55,0.25,and,0.6,0.42,or,True,0.1,0.65,2.0,True,0.03,0.55,0.25,True,soft,0.85,0.45,True,0.8,,0.2,5,0.6,0.6,0.06,0.35,0.02,15.0
result\past\additional=True\run_six_hump_camel_20260331_105818_292454_901a,six_hump_camel,"d2,x1,x2",3,1,0,1,0.55,0.25,and,0.6,0.42,or,True,0.1,0.65,2.0,True,0.03,0.55,0.25,True,soft,0.85,0.45,True,0.8,,0.2,5,0.6,0.6,0.06,0.35,0.02,15.0
result\past\additional=True\run_six_hump_camel_20260331_110029_911157_f5e1,six_hump_camel,"x1,x2",2,0,1,1,0.55,0.25,and,0.6,0.42,or,True,0.1,0.65,2.0,True,0.03,0.55,0.25,True,soft,0.85,0.45,True,0.8,,0.2,5,0.6,0.6,0.06,0.35,0.02,15.0
result\past\additional=True\run_six_hump_camel_20260331_110209_298405_ff1e,six_hump_camel,"x1,x2",2,0,1,1,0.55,0.25,and,0.6,0.42,or,True,0.1,0.65,2.0,True,0.03,0.55,0.25,True,soft,0.85,0.45,True,0.8,,0.2,5,0.6,0.6,0.06,0.35,0.02,15.0
result\past\additional=True\run_six_hump_camel_20260331_110345_032306_82cf,six_hump_camel,"x1,x2",2,0,1,1,0.55,0.25,and,0.6,0.42,or,True,0.1,0.65,2.0,True,0.03,0.55,0.25,True,soft,0.85,0.45,True,0.8,,0.2,5,0.6,0.6,0.06,0.35,0.02,15.0
result\past\additional=True\run_six_hump_camel_20260331_110540_666860_96ff,six_hump_camel,"x1,x2",2,0,1,1,0.55,0.25,and,0.6,0.42,or,True,0.1,0.65,2.0,True,0.03,0.55,0.25,True,soft,0.85,0.45,True,0.8,,0.2,5,0.6,0.6,0.06,0.35,0.02,15.0
result\past\additional=True\run_six_hump_camel_20260331_110727_729129_0c86,six_hump_camel,"x1,x2",2,0,1,1,0.55,0.25,and,0.6,0.42,or,True,0.1,0.65,2.0,True,0.03,0.55,0.25,True,soft,0.85,0.45,True,0.8,,0.2,5,0.6,0.6,0.06,0.35,0.02,15.0
result\past\additional=True\run_six_hump_camel_20260331_110921_605645_9690,six_hump_camel,"x1,x2",2,0,1,1,0.55,0.25,and,0.6,0.42,or,True,0.1,0.65,2.0,True,0.03,0.55,0.25,True,soft,0.85,0.45,True,0.8,,0.2,5,0.6,0.6,0.06,0.35,0.02,15.0
result\past\additional=True\run_six_hump_camel_20260331_111143_976717_157b,six_hump_camel,"x1,x2",2,0,1,1,0.55,0.25,and,0.6,0.42,or,True,0.1,0.65,2.0,True,0.03,0.55,0.25,True,soft,0.85,0.45,True,0.8,,0.2,5,0.6,0.6,0.06,0.35,0.02,15.0
result\past\additional=True\run_six_hump_camel_20260331_111337_010369_f1fc,six_hump_camel,"x1,x2",2,0,1,1,0.55,0.25,and,0.6,0.42,or,True,0.1,0.65,2.0,True,0.03,0.55,0.25,True,soft,0.85,0.45,True,0.8,,0.2,5,0.6,0.6,0.06,0.35,0.02,15.0
result\past\additional=True\run_six_hump_camel_20260331_111556_514746_d714,six_hump_camel,"d2,x1,x2",3,1,0,1,0.55,0.25,and,0.6,0.42,or,True,0.1,0.65,2.0,True,0.03,0.55,0.25,True,soft,0.85,0.45,True,0.8,,0.2,5,0.6,0.6,0.06,0.35,0.02,15.0
result\past\additional=True\run_six_hump_camel_20260331_111745_215855_8e4e,six_hump_camel,"x1,x2",2,0,1,1,0.55,0.25,and,0.6,0.42,or,True,0.1,0.65,2.0,True,0.03,0.55,0.25,True,soft,0.85,0.45,True,0.8,,0.2,5,0.6,0.6,0.06,0.35,0.02,15.0
result\past\additional=True\run_six_hump_camel_20260331_112013_496779_ae39,six_hump_camel,"x1,x2",2,0,1,1,0.55,0.25,and,0.6,0.42,or,True,0.1,0.65,2.0,True,0.03,0.55,0.25,True,soft,0.85,0.45,True,0.8,,0.2,5,0.6,0.6,0.06,0.35,0.02,15.0
result\past\additional=True\run_six_hump_camel_20260331_112346_878643_4f5e,six_hump_camel,"x1,x2",2,0,1,1,0.55,0.25,and,0.6,0.42,or,True,0.1,0.65,2.0,True,0.03,0.55,0.25,True,soft,0.85,0.45,True,0.8,,0.2,5,0.6,0.6,0.06,0.35,0.02,15.0
result\past\additional=True\run_six_hump_camel_20260331_112744_410099_f0e7,six_hump_camel,"x1,x2",2,0,1,1,0.55,0.25,and,0.6,0.42,or,True,0.1,0.65,2.0,True,0.03,0.55,0.25,True,soft,0.85,0.45,True,0.8,,0.2,5,0.6,0.6,0.06,0.35,0.02,15.0
result\past\additional=True\run_six_hump_camel_20260331_113048_054765_8f21,six_hump_camel,"x1,x2",2,0,1,1,0.55,0.25,and,0.6,0.42,or,True,0.1,0.65,2.0,True,0.03,0.55,0.25,True,soft,0.85,0.45,True,0.8,,0.2,5,0.6,0.6,0.06,0.35,0.02,15.0
result\past\additional=True\run_six_hump_camel_20260331_113404_168377_6611,six_hump_camel,"x1,x2",2,0,1,1,0.55,0.25,and,0.6,0.42,or,True,0.1,0.65,2.0,True,0.03,0.55,0.25,True,soft,0.85,0.45,True,0.8,,0.2,5,0.6,0.6,0.06,0.35,0.02,15.0
result\past\additional=True\run_six_hump_camel_20260331_113606_886851_59f8,six_hump_camel,"x1,x2",2,0,1,1,0.55,0.25,and,0.6,0.42,or,True,0.1,0.65,2.0,True,0.03,0.55,0.25,True,soft,0.85,0.45,True,0.8,,0.2,5,0.6,0.6,0.06,0.35,0.02,15.0
result\past\additional=True\run_six_hump_camel_20260331_113935_773419_d79c,six_hump_camel,"x1,x2",2,0,1,1,0.55,0.25,and,0.6,0.42,or,True,0.1,0.65,2.0,True,0.03,0.55,0.25,True,soft,0.85,0.45,True,0.8,,0.2,5,0.6,0.6,0.06,0.35,0.02,15.0
result\past\additional=True\run_six_hump_camel_20260331_114249_424562_e876,six_hump_camel,"x1,x2",2,0,1,1,0.55,0.25,and,0.6,0.42,or,True,0.1,0.65,2.0,True,0.03,0.55,0.25,True,soft,0.85,0.45,True,0.8,,0.2,5,0.6,0.6,0.06,0.35,0.02,15.0
result\past\additional=True\run_six_hump_camel_20260331_153545_675250_8fa1,six_hump_camel,"x1,x2",2,0,1,1,0.55,0.25,and,0.6,0.42,or,True,0.1,0.65,2.0,True,0.03,0.55,0.25,True,soft,0.85,0.45,True,0.87,,0.2,5,0.6,0.6,0.06,0.35,0.02,15.0
result\past\additional=True\run_six_hump_camel_20260331_153816_521291_efaf,six_hump_camel,"x1,x2",2,0,1,1,0.55,0.25,and,0.6,0.42,or,True,0.1,0.65,2.0,True,0.03,0.55,0.25,True,soft,0.85,0.45,True,0.87,,0.2,5,0.6,0.6,0.06,0.35,0.02,15.0
result\past\additional=True\run_six_hump_camel_20260331_154001_144564_5527,six_hump_camel,"x1,x2",2,0,1,1,0.55,0.25,and,0.6,0.42,or,True,0.1,0.65,2.0,True,0.03,0.55,0.25,True,soft,0.85,0.45,True,0.87,,0.2,5,0.6,0.6,0.06,0.35,0.02,15.0
result\past\additional=True\run_six_hump_camel_20260331_154208_467348_f11a,six_hump_camel,"x1,x2",2,0,1,1,0.55,0.25,and,0.6,0.42,or,True,0.1,0.65,2.0,True,0.03,0.55,0.25,True,soft,0.85,0.45,True,0.87,,0.2,5,0.6,0.6,0.06,0.35,0.02,15.0
result\past\additional=True\run_six_hump_camel_20260331_154409_431043_4bf5,six_hump_camel,"x1,x2",2,0,1,1,0.55,0.25,and,0.6,0.42,or,True,0.1,0.65,2.0,True,0.03,0.55,0.25,True,soft,0.85,0.45,True,0.87,,0.2,5,0.6,0.6,0.06,0.35,0.02,15.0
result\past\additional=True\run_six_hump_camel_20260331_154619_746946_3a4a,six_hump_camel,"x1,x2",2,0,1,1,0.55,0.25,and,0.6,0.42,or,True,0.1,0.65,2.0,True,0.03,0.55,0.25,True,soft,0.85,0.45,True,0.87,,0.2,5,0.6,0.6,0.06,0.35,0.02,15.0
result\past\additional=True\run_six_hump_camel_20260331_154800_464980_9bbb,six_hump_camel,"x1,x2",2,0,1,1,0.55,0.25,and,0.6,0.42,or,True,0.1,0.65,2.0,True,0.03,0.55,0.25,True,soft,0.85,0.45,True,0.87,,0.2,5,0.6,0.6,0.06,0.35,0.02,15.0
result\past\additional=True\run_six_hump_camel_20260331_155000_137324_b35c,six_hump_camel,"x1,x2",2,0,1,1,0.55,0.25,and,0.6,0.42,or,True,0.1,0.65,2.0,True,0.03,0.55,0.25,True,soft,0.85,0.45,True,0.87,,0.2,5,0.6,0.6,0.06,0.35,0.02,15.0
result\past\additional=True\run_six_hump_camel_20260331_155141_127645_c867,six_hump_camel,"x1,x2",2,0,1,1,0.55,0.25,and,0.6,0.42,or,True,0.1,0.65,2.0,True,0.03,0.55,0.25,True,soft,0.85,0.45,True,0.87,,0.2,5,0.6,0.6,0.06,0.35,0.02,15.0
result\past\additional=True\run_six_hump_camel_20260331_155336_341004_c0b8,six_hump_camel,"d3,x1,x2",3,1,0,1,0.55,0.25,and,0.6,0.42,or,True,0.1,0.65,2.0,True,0.03,0.55,0.25,True,soft,0.85,0.45,True,0.87,,0.2,5,0.6,0.6,0.06,0.35,0.02,15.0
result\past\additional=True\run_six_hump_camel_20260331_155538_521918_f25a,six_hump_camel,"x1,x2",2,0,1,1,0.55,0.25,and,0.6,0.42,or,True,0.1,0.65,2.0,True,0.03,0.55,0.25,True,soft,0.85,0.45,True,0.87,,0.2,5,0.6,0.6,0.06,0.35,0.02,15.0
result\past\additional=True\run_six_hump_camel_20260331_155803_795479_d225,six_hump_camel,"x1,x2",2,0,1,1,0.55,0.25,and,0.6,0.42,or,True,0.1,0.65,2.0,True,0.03,0.55,0.25,True,soft,0.85,0.45,True,0.87,,0.2,5,0.6,0.6,0.06,0.35,0.02,15.0
result\past\additional=True\run_six_hump_camel_20260331_155959_963555_c52c,six_hump_camel,"x1,x2",2,0,1,1,0.55,0.25,and,0.6,0.42,or,True,0.1,0.65,2.0,True,0.03,0.55,0.25,True,soft,0.85,0.45,True,0.87,,0.2,5,0.6,0.6,0.06,0.35,0.02,15.0
result\past\additional=True\run_six_hump_camel_20260331_193543_874524_256f,six_hump_camel,"x1,x2",2,0,1,1,0.55,0.25,and,0.6,0.42,or,True,0.1,0.65,2.0,True,0.03,0.55,0.25,True,soft,0.85,0.45,True,0.87,,0.2,5,0.6,0.6,0.06,0.35,0.02,15.0
result\past\additional=True\run_six_hump_camel_20260331_193815_221119_6370,six_hump_camel,"x1,x2",2,0,1,1,0.55,0.25,and,0.6,0.42,or,True,0.1,0.65,2.0,True,0.03,0.55,0.25,True,soft,0.85,0.45,True,0.87,,0.2,5,0.6,0.6,0.06,0.35,0.02,15.0
result\past\additional=True\run_six_hump_camel_20260331_194000_252120_27a0,six_hump_camel,"x1,x2",2,0,1,1,0.55,0.25,and,0.6,0.42,or,True,0.1,0.65,2.0,True,0.03,0.55,0.25,True,soft,0.85,0.45,True,0.87,,0.2,5,0.6,0.6,0.06,0.35,0.02,15.0
result\past\additional=True\run_six_hump_camel_20260331_194211_616314_f748,six_hump_camel,"x1,x2",2,0,1,1,0.55,0.25,and,0.6,0.42,or,True,0.1,0.65,2.0,True,0.03,0.55,0.25,True,soft,0.85,0.45,True,0.87,,0.2,5,0.6,0.6,0.06,0.35,0.02,15.0
result\past\additional=True\run_six_hump_camel_20260331_194415_792935_beda,six_hump_camel,"x1,x2",2,0,1,1,0.55,0.25,and,0.6,0.42,or,True,0.1,0.65,2.0,True,0.03,0.55,0.25,True,soft,0.85,0.45,True,0.87,,0.2,5,0.6,0.6,0.06,0.35,0.02,15.0
result\past\additional=True\run_six_hump_camel_20260331_194630_652769_73df,six_hump_camel,"x1,x2",2,0,1,1,0.55,0.25,and,0.6,0.42,or,True,0.1,0.65,2.0,True,0.03,0.55,0.25,True,soft,0.85,0.45,True,0.87,,0.2,5,0.6,0.6,0.06,0.35,0.02,15.0
result\past\additional=True\run_six_hump_camel_20260331_194813_706593_7d8b,six_hump_camel,"x1,x2",2,0,1,1,0.55,0.25,and,0.6,0.42,or,True,0.1,0.65,2.0,True,0.03,0.55,0.25,True,soft,0.85,0.45,True,0.87,,0.2,5,0.6,0.6,0.06,0.35,0.02,15.0
result\past\additional=True\run_six_hump_camel_20260331_195017_394721_b330,six_hump_camel,"x1,x2",2,0,1,1,0.55,0.25,and,0.6,0.42,or,True,0.1,0.65,2.0,True,0.03,0.55,0.25,True,soft,0.85,0.45,True,0.87,,0.2,5,0.6,0.6,0.06,0.35,0.02,15.0
result\past\additional=True\run_six_hump_camel_20260331_195158_533670_cdce,six_hump_camel,"x1,x2",2,0,1,1,0.55,0.25,and,0.6,0.42,or,True,0.1,0.65,2.0,True,0.03,0.55,0.25,True,soft,0.85,0.45,True,0.87,,0.2,5,0.6,0.6,0.06,0.35,0.02,15.0
result\past\additional=True\run_six_hump_camel_20260331_195356_586138_0fcb,six_hump_camel,"d3,x1,x2",3,1,0,1,0.55,0.25,and,0.6,0.42,or,True,0.1,0.65,2.0,True,0.03,0.55,0.25,True,soft,0.85,0.45,True,0.87,,0.2,5,0.6,0.6,0.06,0.35,0.02,15.0
result\past\additional=True\run_six_hump_camel_20260331_195602_247923_cd7b,six_hump_camel,"x1,x2",2,0,1,1,0.55,0.25,and,0.6,0.42,or,True,0.1,0.65,2.0,True,0.03,0.55,0.25,True,soft,0.85,0.45,True,0.87,,0.2,5,0.6,0.6,0.06,0.35,0.02,15.0
result\past\additional=True\run_six_hump_camel_20260331_195829_038596_4d48,six_hump_camel,"x1,x2",2,0,1,1,0.55,0.25,and,0.6,0.42,or,True,0.1,0.65,2.0,True,0.03,0.55,0.25,True,soft,0.85,0.45,True,0.87,,0.2,5,0.6,0.6,0.06,0.35,0.02,15.0
result\past\additional=True\run_six_hump_camel_20260331_200032_877506_08a1,six_hump_camel,"x1,x2",2,0,1,1,0.55,0.25,and,0.6,0.42,or,True,0.1,0.65,2.0,True,0.03,0.55,0.25,True,soft,0.85,0.45,True,0.87,,0.2,5,0.6,0.6,0.06,0.35,0.02,15.0
result\past\additional=True\run_six_hump_camel_20260331_200250_945910_7fff,six_hump_camel,"x1,x2",2,0,1,1,0.55,0.25,and,0.6,0.42,or,True,0.1,0.65,2.0,True,0.03,0.55,0.25,True,soft,0.85,0.45,True,0.87,,0.2,5,0.6,0.6,0.06,0.35,0.02,15.0
result\past\additional=True\run_six_hump_camel_20260331_200447_912265_55da,six_hump_camel,"d2,x1,x2",3,1,0,1,0.55,0.25,and,0.6,0.42,or,True,0.1,0.65,2.0,True,0.03,0.55,0.25,True,soft,0.85,0.45,True,0.87,,0.2,5,0.6,0.6,0.06,0.35,0.02,15.0
result\past\additional=True\run_six_hump_camel_20260331_200645_285252_d072,six_hump_camel,x2,1,0,0,0,0.55,0.25,and,0.6,0.42,or,True,0.1,0.65,2.0,True,0.03,0.55,0.25,True,soft,0.85,0.45,True,0.87,,0.2,5,0.6,0.6,0.06,0.35,0.02,15.0
result\past\additional=True\run_six_hump_camel_20260331_200826_387410_fc21,six_hump_camel,"x1,x2",2,0,1,1,0.55,0.25,and,0.6,0.42,or,True,0.1,0.65,2.0,True,0.03,0.55,0.25,True,soft,0.85,0.45,True,0.87,,0.2,5,0.6,0.6,0.06,0.35,0.02,15.0
result\past\additional=True\run_six_hump_camel_20260331_201015_567240_b17a,six_hump_camel,"x1,x2",2,0,1,1,0.55,0.25,and,0.6,0.42,or,True,0.1,0.65,2.0,True,0.03,0.55,0.25,True,soft,0.85,0.45,True,0.87,,0.2,5,0.6,0.6,0.06,0.35,0.02,15.0
result\past\additional=True\run_six_hump_camel_20260331_201242_582865_b52b,six_hump_camel,"x1,x2",2,0,1,1,0.55,0.25,and,0.6,0.42,or,True,0.1,0.65,2.0,True,0.03,0.55,0.25,True,soft,0.85,0.45,True,0.87,,0.2,5,0.6,0.6,0.06,0.35,0.02,15.0
result\past\additional=True\run_six_hump_camel_20260331_201514_582315_b954,six_hump_camel,x1,1,0,0,0,0.55,0.25,and,0.6,0.42,or,True,0.1,0.65,2.0,True,0.03,0.55,0.25,True,soft,0.85,0.45,True,0.87,,0.2,5,0.6,0.6,0.06,0.35,0.02,15.0
result\past\additional=True\run_six_hump_camel_20260331_201710_431319_9007,six_hump_camel,"x1,x2",2,0,1,1,0.55,0.25,and,0.6,0.42,or,True,0.1,0.65,2.0,True,0.03,0.55,0.25,True,soft,0.85,0.45,True,0.87,,0.2,5,0.6,0.6,0.06,0.35,0.02,15.0
result\past\additional=True\run_six_hump_camel_20260331_201914_730703_ee79,six_hump_camel,"x1,x2",2,0,1,1,0.55,0.25,and,0.6,0.42,or,True,0.1,0.65,2.0,True,0.03,0.55,0.25,True,soft,0.85,0.45,True,0.87,,0.2,5,0.6,0.6,0.06,0.35,0.02,15.0
result\past\additional=True\run_six_hump_camel_20260331_202121_071009_2e14,six_hump_camel,"x1,x2",2,0,1,1,0.55,0.25,and,0.6,0.42,or,True,0.1,0.65,2.0,True,0.03,0.55,0.25,True,soft,0.85,0.45,True,0.87,,0.2,5,0.6,0.6,0.06,0.35,0.02,15.0
result\past\additional=True\run_six_hump_camel_20260331_202344_574555_ee32,six_hump_camel,"x1,x2",2,0,1,1,0.55,0.25,and,0.6,0.42,or,True,0.1,0.65,2.0,True,0.03,0.55,0.25,True,soft,0.85,0.45,True,0.87,,0.2,5,0.6,0.6,0.06,0.35,0.02,15.0
result\past\additional=True\run_six_hump_camel_20260331_202557_942383_8bd1,six_hump_camel,"x1,x2",2,0,1,1,0.55,0.25,and,0.6,0.42,or,True,0.1,0.65,2.0,True,0.03,0.55,0.25,True,soft,0.85,0.45,True,0.87,,0.2,5,0.6,0.6,0.06,0.35,0.02,15.0
result\past\additional=True\run_six_hump_camel_20260401_102623_555999_0351,six_hump_camel,"x1,x2",2,0,1,1,0.55,0.25,and,0.6,0.42,or,True,0.08,0.75,2.0,True,0.03,0.55,0.25,True,soft,0.85,0.45,True,0.8,,0.2,5,0.6,0.6,0.06,0.35,0.02,15.0
result\past\additional=True\run_six_hump_camel_20260401_102837_755291_5842,six_hump_camel,"x1,x2",2,0,1,1,0.55,0.25,and,0.6,0.42,or,True,0.08,0.75,2.0,True,0.03,0.55,0.25,True,soft,0.85,0.45,True,0.8,,0.2,5,0.6,0.6,0.06,0.35,0.02,15.0
result\past\additional=True\run_six_hump_camel_20260401_103009_218411_7a73,six_hump_camel,"x1,x2",2,0,1,1,0.55,0.25,and,0.6,0.42,or,True,0.08,0.75,2.0,True,0.03,0.55,0.25,True,soft,0.85,0.45,True,0.8,,0.2,5,0.6,0.6,0.06,0.35,0.02,15.0
result\past\additional=True\run_six_hump_camel_20260401_103206_119012_769c,six_hump_camel,"x1,x2",2,0,1,1,0.55,0.25,and,0.6,0.42,or,True,0.08,0.75,2.0,True,0.03,0.55,0.25,True,soft,0.85,0.45,True,0.8,,0.2,5,0.6,0.6,0.06,0.35,0.02,15.0
result\past\additional=True\run_six_hump_camel_20260401_103355_558262_91f1,six_hump_camel,"x1,x2",2,0,1,1,0.55,0.25,and,0.6,0.42,or,True,0.08,0.75,2.0,True,0.03,0.55,0.25,True,soft,0.85,0.45,True,0.8,,0.2,5,0.6,0.6,0.06,0.35,0.02,15.0
result\past\additional=True\run_six_hump_camel_20260401_103554_602586_c844,six_hump_camel,"x1,x2",2,0,1,1,0.55,0.25,and,0.6,0.42,or,True,0.08,0.75,2.0,True,0.03,0.55,0.25,True,soft,0.85,0.45,True,0.8,,0.2,5,0.6,0.6,0.06,0.35,0.02,15.0
result\past\additional=True\run_six_hump_camel_20260401_103723_836751_a16e,six_hump_camel,"x1,x2",2,0,1,1,0.55,0.25,and,0.6,0.42,or,True,0.08,0.75,2.0,True,0.03,0.55,0.25,True,soft,0.85,0.45,True,0.8,,0.2,5,0.6,0.6,0.06,0.35,0.02,15.0
result\past\additional=True\run_six_hump_camel_20260401_103912_702382_2c8c,six_hump_camel,"x1,x2",2,0,1,1,0.55,0.25,and,0.6,0.42,or,True,0.08,0.75,2.0,True,0.03,0.55,0.25,True,soft,0.85,0.45,True,0.8,,0.2,5,0.6,0.6,0.06,0.35,0.02,15.0
result\past\additional=True\run_six_hump_camel_20260401_104041_263648_e14f,six_hump_camel,"x1,x2",2,0,1,1,0.55,0.25,and,0.6,0.42,or,True,0.08,0.75,2.0,True,0.03,0.55,0.25,True,soft,0.85,0.45,True,0.8,,0.2,5,0.6,0.6,0.06,0.35,0.02,15.0
result\past\additional=True\run_six_hump_camel_20260401_104224_019393_2d81,six_hump_camel,"d3,x1,x2",3,1,0,1,0.55,0.25,and,0.6,0.42,or,True,0.08,0.75,2.0,True,0.03,0.55,0.25,True,soft,0.85,0.45,True,0.8,,0.2,5,0.6,0.6,0.06,0.35,0.02,15.0
result\past\additional=True\run_six_hump_camel_20260401_104406_228488_0b44,six_hump_camel,"x1,x2",2,0,1,1,0.55,0.25,and,0.6,0.42,or,True,0.08,0.75,2.0,True,0.03,0.55,0.25,True,soft,0.85,0.45,True,0.8,,0.2,5,0.6,0.6,0.06,0.35,0.02,15.0
result\past\additional=True\run_six_hump_camel_20260401_104615_247214_694b,six_hump_camel,x1,1,0,0,0,0.55,0.25,and,0.6,0.42,or,True,0.08,0.75,2.0,True,0.03,0.55,0.25,True,soft,0.85,0.45,True,0.8,,0.2,5,0.6,0.6,0.06,0.35,0.02,15.0
result\past\additional=True\run_six_hump_camel_20260401_104800_078781_9bf5,six_hump_camel,"x1,x2",2,0,1,1,0.55,0.25,and,0.6,0.42,or,True,0.08,0.75,2.0,True,0.03,0.55,0.25,True,soft,0.85,0.45,True,0.8,,0.2,5,0.6,0.6,0.06,0.35,0.02,15.0
result\past\additional=True\run_six_hump_camel_20260401_105002_065316_3edb,six_hump_camel,"x1,x2",2,0,1,1,0.55,0.25,and,0.6,0.42,or,True,0.08,0.75,2.0,True,0.03,0.55,0.25,True,soft,0.85,0.45,True,0.8,,0.2,5,0.6,0.6,0.06,0.35,0.02,15.0
result\past\additional=True\run_six_hump_camel_20260401_105146_201955_590d,six_hump_camel,"d2,x1,x2",3,1,0,1,0.55,0.25,and,0.6,0.42,or,True,0.08,0.75,2.0,True,0.03,0.55,0.25,True,soft,0.85,0.45,True,0.8,,0.2,5,0.6,0.6,0.06,0.35,0.02,15.0
result\past\additional=True\run_six_hump_camel_20260401_105324_082980_b18e,six_hump_camel,"x1,x2",2,0,1,1,0.55,0.25,and,0.6,0.42,or,True,0.08,0.75,2.0,True,0.03,0.55,0.25,True,soft,0.85,0.45,True,0.8,,0.2,5,0.6,0.6,0.06,0.35,0.02,15.0
result\past\additional=True\run_six_hump_camel_20260401_105500_396053_09a1,six_hump_camel,"x1,x2",2,0,1,1,0.55,0.25,and,0.6,0.42,or,True,0.08,0.75,2.0,True,0.03,0.55,0.25,True,soft,0.85,0.45,True,0.8,,0.2,5,0.6,0.6,0.06,0.35,0.02,15.0
result\past\additional=True\run_six_hump_camel_20260401_105635_622303_71a8,six_hump_camel,"x1,x2",2,0,1,1,0.55,0.25,and,0.6,0.42,or,True,0.08,0.75,2.0,True,0.03,0.55,0.25,True,soft,0.85,0.45,True,0.8,,0.2,5,0.6,0.6,0.06,0.35,0.02,15.0
result\past\additional=True\run_six_hump_camel_20260401_105846_152012_ab8d,six_hump_camel,"x1,x2",2,0,1,1,0.55,0.25,and,0.6,0.42,or,True,0.08,0.75,2.0,True,0.03,0.55,0.25,True,soft,0.85,0.45,True,0.8,,0.2,5,0.6,0.6,0.06,0.35,0.02,15.0
result\past\additional=True\run_six_hump_camel_20260401_110103_169140_8a55,six_hump_camel,x1,1,0,0,0,0.55,0.25,and,0.6,0.42,or,True,0.08,0.75,2.0,True,0.03,0.55,0.25,True,soft,0.85,0.45,True,0.8,,0.2,5,0.6,0.6,0.06,0.35,0.02,15.0
result\past\additional=True\run_six_hump_camel_20260401_110253_033583_4dbf,six_hump_camel,"x1,x2",2,0,1,1,0.55,0.25,and,0.6,0.42,or,True,0.08,0.75,2.0,True,0.03,0.55,0.25,True,soft,0.85,0.45,True,0.8,,0.2,5,0.6,0.6,0.06,0.35,0.02,15.0
result\past\additional=True\run_six_hump_camel_20260401_110442_920406_fd57,six_hump_camel,"x1,x2",2,0,1,1,0.55,0.25,and,0.6,0.42,or,True,0.08,0.75,2.0,True,0.03,0.55,0.25,True,soft,0.85,0.45,True,0.8,,0.2,5,0.6,0.6,0.06,0.35,0.02,15.0
result\past\additional=True\run_six_hump_camel_20260401_110635_405956_acb2,six_hump_camel,"x1,x2",2,0,1,1,0.55,0.25,and,0.6,0.42,or,True,0.08,0.75,2.0,True,0.03,0.55,0.25,True,soft,0.85,0.45,True,0.8,,0.2,5,0.6,0.6,0.06,0.35,0.02,15.0
result\past\additional=True\run_six_hump_camel_20260401_110844_480554_e59c,six_hump_camel,"x1,x2",2,0,1,1,0.55,0.25,and,0.6,0.42,or,True,0.08,0.75,2.0,True,0.03,0.55,0.25,True,soft,0.85,0.45,True,0.8,,0.2,5,0.6,0.6,0.06,0.35,0.02,15.0
result\past\additional=True\run_six_hump_camel_20260401_111041_766922_8f07,six_hump_camel,"x1,x2",2,0,1,1,0.55,0.25,and,0.6,0.42,or,True,0.08,0.75,2.0,True,0.03,0.55,0.25,True,soft,0.85,0.45,True,0.8,,0.2,5,0.6,0.6,0.06,0.35,0.02,15.0
result\past\additional=True\run_six_hump_camel_20260401_132122_778411_a45f,six_hump_camel,"x1,x2",2,0,1,1,0.55,0.25,and,0.6,0.42,or,True,0.08,0.8,2.0,True,0.03,0.55,0.25,True,soft,0.85,0.45,True,0.73,,0.2,5,0.6,0.6,0.06,0.35,0.02,15.0
result\past\additional=True\run_six_hump_camel_20260401_132336_756266_16b0,six_hump_camel,"x1,x2",2,0,1,1,0.55,0.25,and,0.6,0.42,or,True,0.08,0.8,2.0,True,0.03,0.55,0.25,True,soft,0.85,0.45,True,0.73,,0.2,5,0.6,0.6,0.06,0.35,0.02,15.0
result\past\additional=True\run_six_hump_camel_20260401_132509_232123_eafd,six_hump_camel,"x1,x2",2,0,1,1,0.55,0.25,and,0.6,0.42,or,True,0.08,0.8,2.0,True,0.03,0.55,0.25,True,soft,0.85,0.45,True,0.73,,0.2,5,0.6,0.6,0.06,0.35,0.02,15.0
result\past\additional=True\run_six_hump_camel_20260401_132707_075156_c101,six_hump_camel,"x1,x2",2,0,1,1,0.55,0.25,and,0.6,0.42,or,True,0.08,0.8,2.0,True,0.03,0.55,0.25,True,soft,0.85,0.45,True,0.73,,0.2,5,0.6,0.6,0.06,0.35,0.02,15.0
result\past\additional=True\run_six_hump_camel_20260401_132856_344635_3d09,six_hump_camel,"x1,x2",2,0,1,1,0.55,0.25,and,0.6,0.42,or,True,0.08,0.8,2.0,True,0.03,0.55,0.25,True,soft,0.85,0.45,True,0.73,,0.2,5,0.6,0.6,0.06,0.35,0.02,15.0
result\past\additional=True\run_six_hump_camel_20260401_133054_683315_9161,six_hump_camel,"x1,x2",2,0,1,1,0.55,0.25,and,0.6,0.42,or,True,0.08,0.8,2.0,True,0.03,0.55,0.25,True,soft,0.85,0.45,True,0.73,,0.2,5,0.6,0.6,0.06,0.35,0.02,15.0
result\past\additional=True\run_six_hump_camel_20260401_133223_347692_bbc7,six_hump_camel,"x1,x2",2,0,1,1,0.55,0.25,and,0.6,0.42,or,True,0.08,0.8,2.0,True,0.03,0.55,0.25,True,soft,0.85,0.45,True,0.73,,0.2,5,0.6,0.6,0.06,0.35,0.02,15.0
result\past\additional=True\run_six_hump_camel_20260401_133412_234714_fd72,six_hump_camel,"x1,x2",2,0,1,1,0.55,0.25,and,0.6,0.42,or,True,0.08,0.8,2.0,True,0.03,0.55,0.25,True,soft,0.85,0.45,True,0.73,,0.2,5,0.6,0.6,0.06,0.35,0.02,15.0
result\past\additional=True\run_six_hump_camel_20260401_133540_803182_0bac,six_hump_camel,"x1,x2",2,0,1,1,0.55,0.25,and,0.6,0.42,or,True,0.08,0.8,2.0,True,0.03,0.55,0.25,True,soft,0.85,0.45,True,0.73,,0.2,5,0.6,0.6,0.06,0.35,0.02,15.0
result\past\additional=True\run_six_hump_camel_20260401_133723_203374_b500,six_hump_camel,"d3,x1,x2",3,1,0,1,0.55,0.25,and,0.6,0.42,or,True,0.08,0.8,2.0,True,0.03,0.55,0.25,True,soft,0.85,0.45,True,0.73,,0.2,5,0.6,0.6,0.06,0.35,0.02,15.0
result\past\additional=True\run_six_hump_camel_20260401_133907_000379_bedc,six_hump_camel,"x1,x2",2,0,1,1,0.55,0.25,and,0.6,0.42,or,True,0.08,0.8,2.0,True,0.03,0.55,0.25,True,soft,0.85,0.45,True,0.73,,0.2,5,0.6,0.6,0.06,0.35,0.02,15.0
result\past\additional=True\run_six_hump_camel_20260401_134118_635590_608e,six_hump_camel,"x1,x2",2,0,1,1,0.55,0.25,and,0.6,0.42,or,True,0.08,0.8,2.0,True,0.03,0.55,0.25,True,soft,0.85,0.45,True,0.73,,0.2,5,0.6,0.6,0.06,0.35,0.02,15.0
result\past\additional=True\run_six_hump_camel_20260401_134303_254559_710a,six_hump_camel,"x1,x2",2,0,1,1,0.55,0.25,and,0.6,0.42,or,True,0.08,0.8,2.0,True,0.03,0.55,0.25,True,soft,0.85,0.45,True,0.73,,0.2,5,0.6,0.6,0.06,0.35,0.02,15.0
result\past\additional=True\run_six_hump_camel_20260401_134505_502762_df98,six_hump_camel,"x1,x2",2,0,1,1,0.55,0.25,and,0.6,0.42,or,True,0.08,0.8,2.0,True,0.03,0.55,0.25,True,soft,0.85,0.45,True,0.73,,0.2,5,0.6,0.6,0.06,0.35,0.02,15.0
result\past\additional=True\run_six_hump_camel_20260401_134650_927081_c553,six_hump_camel,"x1,x2",2,0,1,1,0.55,0.25,and,0.6,0.42,or,True,0.08,0.8,2.0,True,0.03,0.55,0.25,True,soft,0.85,0.45,True,0.73,,0.2,5,0.6,0.6,0.06,0.35,0.02,15.0
result\past\additional=True\run_six_hump_camel_20260401_134829_909958_f497,six_hump_camel,"x1,x2",2,0,1,1,0.55,0.25,and,0.6,0.42,or,True,0.08,0.8,2.0,True,0.03,0.55,0.25,True,soft,0.85,0.45,True,0.73,,0.2,5,0.6,0.6,0.06,0.35,0.02,15.0
result\past\additional=True\run_six_hump_camel_20260401_135008_684251_1b8d,six_hump_camel,"x1,x2",2,0,1,1,0.55,0.25,and,0.6,0.42,or,True,0.08,0.8,2.0,True,0.03,0.55,0.25,True,soft,0.85,0.45,True,0.73,,0.2,5,0.6,0.6,0.06,0.35,0.02,15.0
result\past\additional=True\run_six_hump_camel_20260401_135146_115825_174c,six_hump_camel,"x1,x2",2,0,1,1,0.55,0.25,and,0.6,0.42,or,True,0.08,0.8,2.0,True,0.03,0.55,0.25,True,soft,0.85,0.45,True,0.73,,0.2,5,0.6,0.6,0.06,0.35,0.02,15.0
result\past\additional=True\run_six_hump_camel_20260401_135359_259781_5aba,six_hump_camel,"x1,x2",2,0,1,1,0.55,0.25,and,0.6,0.42,or,True,0.08,0.8,2.0,True,0.03,0.55,0.25,True,soft,0.85,0.45,True,0.73,,0.2,5,0.6,0.6,0.06,0.35,0.02,15.0
result\past\additional=True\run_six_hump_camel_20260401_135618_161388_a00c,six_hump_camel,x1,1,0,0,0,0.55,0.25,and,0.6,0.42,or,True,0.08,0.8,2.0,True,0.03,0.55,0.25,True,soft,0.85,0.45,True,0.73,,0.2,5,0.6,0.6,0.06,0.35,0.02,15.0
result\past\additional=True\run_six_hump_camel_20260401_135810_772854_5788,six_hump_camel,"x1,x2",2,0,1,1,0.55,0.25,and,0.6,0.42,or,True,0.08,0.8,2.0,True,0.03,0.55,0.25,True,soft,0.85,0.45,True,0.73,,0.2,5,0.6,0.6,0.06,0.35,0.02,15.0
result\past\additional=True\run_six_hump_camel_20260401_140003_506683_569b,six_hump_camel,"x1,x2",2,0,1,1,0.55,0.25,and,0.6,0.42,or,True,0.08,0.8,2.0,True,0.03,0.55,0.25,True,soft,0.85,0.45,True,0.73,,0.2,5,0.6,0.6,0.06,0.35,0.02,15.0
result\past\additional=True\run_six_hump_camel_20260401_140158_361970_0ab1,six_hump_camel,"x1,x2",2,0,1,1,0.55,0.25,and,0.6,0.42,or,True,0.08,0.8,2.0,True,0.03,0.55,0.25,True,soft,0.85,0.45,True,0.73,,0.2,5,0.6,0.6,0.06,0.35,0.02,15.0
result\past\additional=True\run_six_hump_camel_20260401_140411_264029_a44e,six_hump_camel,"x1,x2",2,0,1,1,0.55,0.25,and,0.6,0.42,or,True,0.08,0.8,2.0,True,0.03,0.55,0.25,True,soft,0.85,0.45,True,0.73,,0.2,5,0.6,0.6,0.06,0.35,0.02,15.0
result\past\additional=True\run_six_hump_camel_20260401_140612_178410_a162,six_hump_camel,"x1,x2",2,0,1,1,0.55,0.25,and,0.6,0.42,or,True,0.08,0.8,2.0,True,0.03,0.55,0.25,True,soft,0.85,0.45,True,0.73,,0.2,5,0.6,0.6,0.06,0.35,0.02,15.0
result\past\additional=True\run_six_hump_camel_20260401_185812_679228_476e,six_hump_camel,"x1,x2",2,0,1,1,0.55,0.25,and,0.6,0.42,or,True,0.08,0.79,2.0,True,0.03,0.55,0.25,True,soft,0.85,0.45,True,0.73,,0.2,5,0.6,0.6,0.06,0.35,0.02,15.0
result\past\additional=True\run_six_hump_camel_20260401_190008_645484_e82b,six_hump_camel,"x1,x2",2,0,1,1,0.55,0.25,and,0.6,0.42,or,True,0.08,0.79,2.0,True,0.03,0.55,0.25,True,soft,0.85,0.45,True,0.73,,0.2,5,0.6,0.6,0.06,0.35,0.02,15.0
result\past\additional=True\run_six_hump_camel_20260401_190152_655807_7527,six_hump_camel,"x1,x2",2,0,1,1,0.55,0.25,and,0.6,0.42,or,True,0.08,0.79,2.0,True,0.03,0.55,0.25,True,soft,0.85,0.45,True,0.73,,0.2,5,0.6,0.6,0.06,0.35,0.02,15.0
result\past\additional=True\run_six_hump_camel_20260401_190330_650331_bd8f,six_hump_camel,"x1,x2",2,0,1,1,0.55,0.25,and,0.6,0.42,or,True,0.08,0.79,2.0,True,0.03,0.55,0.25,True,soft,0.85,0.45,True,0.73,,0.2,5,0.6,0.6,0.06,0.35,0.02,15.0
result\past\additional=True\run_six_hump_camel_20260401_190530_489201_756d,six_hump_camel,"x1,x2",2,0,1,1,0.55,0.25,and,0.6,0.42,or,True,0.08,0.79,2.0,True,0.03,0.55,0.25,True,soft,0.85,0.45,True,0.73,,0.2,5,0.6,0.6,0.06,0.35,0.02,15.0
result\past\additional=True\run_six_hump_camel_20260401_190742_685828_f097,six_hump_camel,"x1,x2",2,0,1,1,0.55,0.25,and,0.6,0.42,or,True,0.08,0.79,2.0,True,0.03,0.55,0.25,True,soft,0.85,0.45,True,0.73,,0.2,5,0.6,0.6,0.06,0.35,0.02,15.0
result\past\additional=True\run_six_hump_camel_20260401_191004_866491_0a7c,six_hump_camel,x1,1,0,0,0,0.55,0.25,and,0.6,0.42,or,True,0.08,0.79,2.0,True,0.03,0.55,0.25,True,soft,0.85,0.45,True,0.73,,0.2,5,0.6,0.6,0.06,0.35,0.02,15.0
result\past\additional=True\run_six_hump_camel_20260401_191222_250058_691e,six_hump_camel,"x1,x2",2,0,1,1,0.55,0.25,and,0.6,0.42,or,True,0.08,0.79,2.0,True,0.03,0.55,0.25,True,soft,0.85,0.45,True,0.73,,0.2,5,0.6,0.6,0.06,0.35,0.02,15.0
result\past\additional=True\run_six_hump_camel_20260401_191409_936662_7eff,six_hump_camel,"x1,x2",2,0,1,1,0.55,0.25,and,0.6,0.42,or,True,0.08,0.79,2.0,True,0.03,0.55,0.25,True,soft,0.85,0.45,True,0.73,,0.2,5,0.6,0.6,0.06,0.35,0.02,15.0
result\past\additional=True\run_six_hump_camel_20260401_191539_872248_65a1,six_hump_camel,"x1,x2",2,0,1,1,0.55,0.25,and,0.6,0.42,or,True,0.08,0.79,2.0,True,0.03,0.55,0.25,True,soft,0.85,0.45,True,0.73,,0.2,5,0.6,0.6,0.06,0.35,0.02,15.0
result\past\additional=True\run_six_hump_camel_20260401_191715_604039_3596,six_hump_camel,"x1,x2",2,0,1,1,0.55,0.25,and,0.6,0.42,or,True,0.08,0.79,2.0,True,0.03,0.55,0.25,True,soft,0.85,0.45,True,0.73,,0.2,5,0.6,0.6,0.06,0.35,0.02,15.0
result\past\additional=True\run_six_hump_camel_20260401_191921_454144_e888,six_hump_camel,"x1,x2",2,0,1,1,0.55,0.25,and,0.6,0.42,or,True,0.08,0.79,2.0,True,0.03,0.55,0.25,True,soft,0.85,0.45,True,0.73,,0.2,5,0.6,0.6,0.06,0.35,0.02,15.0
result\past\additional=True\run_six_hump_camel_20260401_192130_636116_1a4a,six_hump_camel,"x1,x2",2,0,1,1,0.55,0.25,and,0.6,0.42,or,True,0.08,0.79,2.0,True,0.03,0.55,0.25,True,soft,0.85,0.45,True,0.73,,0.2,5,0.6,0.6,0.06,0.35,0.02,15.0
result\past\additional=True\run_six_hump_camel_20260401_192315_254735_6b9c,six_hump_camel,"x1,x2",2,0,1,1,0.55,0.25,and,0.6,0.42,or,True,0.08,0.79,2.0,True,0.03,0.55,0.25,True,soft,0.85,0.45,True,0.73,,0.2,5,0.6,0.6,0.06,0.35,0.02,15.0
result\past\additional=True\run_six_hump_camel_20260401_192521_818647_2211,six_hump_camel,"x1,x2",2,0,1,1,0.55,0.25,and,0.6,0.42,or,True,0.08,0.79,2.0,True,0.03,0.55,0.25,True,soft,0.85,0.45,True,0.73,,0.2,5,0.6,0.6,0.06,0.35,0.02,15.0
result\past\additional=True\run_six_hump_camel_20260401_192714_391000_0913,six_hump_camel,"x1,x2",2,0,1,1,0.55,0.25,and,0.6,0.42,or,True,0.08,0.79,2.0,True,0.03,0.55,0.25,True,soft,0.85,0.45,True,0.73,,0.2,5,0.6,0.6,0.06,0.35,0.02,15.0
result\past\additional=True\run_six_hump_camel_20260401_192901_584218_8010,six_hump_camel,"d3,x1",2,1,0,0,0.55,0.25,and,0.6,0.42,or,True,0.08,0.79,2.0,True,0.03,0.55,0.25,True,soft,0.85,0.45,True,0.73,,0.2,5,0.6,0.6,0.06,0.35,0.02,15.0
result\past\additional=True\run_six_hump_camel_20260401_193105_695926_270f,six_hump_camel,"x1,x2",2,0,1,1,0.55,0.25,and,0.6,0.42,or,True,0.08,0.79,2.0,True,0.03,0.55,0.25,True,soft,0.85,0.45,True,0.73,,0.2,5,0.6,0.6,0.06,0.35,0.02,15.0
result\past\additional=True\run_six_hump_camel_20260401_193301_604869_c66d,six_hump_camel,"x1,x2",2,0,1,1,0.55,0.25,and,0.6,0.42,or,True,0.08,0.79,2.0,True,0.03,0.55,0.25,True,soft,0.85,0.45,True,0.73,,0.2,5,0.6,0.6,0.06,0.35,0.02,15.0
result\past\additional=True\run_six_hump_camel_20260401_193448_589157_03df,six_hump_camel,x1,1,0,0,0,0.55,0.25,and,0.6,0.42,or,True,0.08,0.79,2.0,True,0.03,0.55,0.25,True,soft,0.85,0.45,True,0.73,,0.2,5,0.6,0.6,0.06,0.35,0.02,15.0
result\past\additional=True\run_six_hump_camel_20260401_193702_954089_bc99,six_hump_camel,"x1,x2",2,0,1,1,0.55,0.25,and,0.6,0.42,or,True,0.08,0.79,2.0,True,0.03,0.55,0.25,True,soft,0.85,0.45,True,0.73,,0.2,5,0.6,0.6,0.06,0.35,0.02,15.0
result\past\additional=True\run_six_hump_camel_20260401_193842_810558_4367,six_hump_camel,"x1,x2",2,0,1,1,0.55,0.25,and,0.6,0.42,or,True,0.08,0.79,2.0,True,0.03,0.55,0.25,True,soft,0.85,0.45,True,0.73,,0.2,5,0.6,0.6,0.06,0.35,0.02,15.0
result\past\additional=True\run_six_hump_camel_20260401_194047_792258_ec64,six_hump_camel,x1,1,0,0,0,0.55,0.25,and,0.6,0.42,or,True,0.08,0.79,2.0,True,0.03,0.55,0.25,True,soft,0.85,0.45,True,0.73,,0.2,5,0.6,0.6,0.06,0.35,0.02,15.0
result\past\additional=True\run_six_hump_camel_20260401_194240_494630_9f98,six_hump_camel,"x1,x2",2,0,1,1,0.55,0.25,and,0.6,0.42,or,True,0.08,0.79,2.0,True,0.03,0.55,0.25,True,soft,0.85,0.45,True,0.73,,0.2,5,0.6,0.6,0.06,0.35,0.02,15.0
result\past\additional=True\run_six_hump_camel_20260401_194409_977644_46cc,six_hump_camel,"x1,x2",2,0,1,1,0.55,0.25,and,0.6,0.42,or,True,0.08,0.79,2.0,True,0.03,0.55,0.25,True,soft,0.85,0.45,True,0.73,,0.2,5,0.6,0.6,0.06,0.35,0.02,15.0
result\past\additional=True\run_cantilever_beam_20260326_172913_693078_6d9b\run_cantilever_beam_20260327_084315_926598_7346,cantilever_beam,"H,b1,b2,h1",4,0,1,1,0.55,0.25,and,0.6,0.3,or,,,,,True,0.03,0.55,0.25,True,soft,0.85,0.3,True,0.7,,0.2,5,0.6,0.6,0.06,0.35,0.02,15.0
result\past\additional=True\run_cantilever_beam_20260326_172913_693078_6d9b\run_cantilever_beam_20260327_084504_573854_d444,cantilever_beam,"H,b1,b2,h1",4,0,1,1,0.55,0.25,and,0.6,0.3,or,,,,,True,0.03,0.55,0.25,True,soft,0.85,0.3,True,0.7,,0.2,5,0.6,0.6,0.06,0.35,0.02,15.0
result\past\additional=True\run_cantilever_beam_20260326_172913_693078_6d9b\run_cantilever_beam_20260327_091924_776063_8810,cantilever_beam,"H,b1,b2,h1",4,0,1,1,0.55,0.25,and,0.6,0.3,or,,,,,True,0.03,0.55,0.25,True,soft,0.85,0.3,True,0.7,,0.2,5,0.6,0.6,0.06,0.35,0.02,15.0
result\past\additional=True\run_cantilever_beam_20260326_172913_693078_6d9b\run_cantilever_beam_20260327_092123_334208_099a,cantilever_beam,"H,b1,b2,h1",4,0,1,1,0.55,0.25,and,0.6,0.3,or,,,,,True,0.03,0.55,0.25,True,soft,0.85,0.3,True,0.7,,0.2,5,0.6,0.6,0.06,0.35,0.02,15.0
result\past\additional=True\run_cantilever_beam_20260326_172913_693078_6d9b\run_cantilever_beam_20260327_092332_343203_bab4,cantilever_beam,"H,b1,b2,h1",4,0,1,1,0.55,0.25,and,0.6,0.3,or,,,,,True,0.03,0.55,0.25,True,soft,0.85,0.3,True,0.7,,0.2,5,0.6,0.6,0.06,0.35,0.02,15.0
result\past\additional=True\run_cantilever_beam_20260326_172913_693078_6d9b\run_cantilever_beam_20260327_092538_456853_19ea,cantilever_beam,"H,b1,b2,h1",4,0,1,1,0.55,0.25,and,0.6,0.3,or,,,,,True,0.03,0.55,0.25,True,soft,0.85,0.3,True,0.7,,0.2,5,0.6,0.6,0.06,0.35,0.02,15.0
result\past\additional=True\run_cantilever_beam_20260326_172913_693078_6d9b\run_cantilever_beam_20260327_092736_725273_2ba0,cantilever_beam,"H,b1,b2,h1",4,0,1,1,0.55,0.25,and,0.6,0.3,or,,,,,True,0.03,0.55,0.25,True,soft,0.85,0.3,True,0.7,,0.2,5,0.6,0.6,0.06,0.35,0.02,15.0
result\past\additional=True\run_cantilever_beam_20260326_172913_693078_6d9b\run_cantilever_beam_20260327_092938_433296_de70,cantilever_beam,"H,b1,b2,h1",4,0,1,1,0.55,0.25,and,0.6,0.3,or,,,,,True,0.03,0.55,0.25,True,soft,0.85,0.3,True,0.7,,0.2,5,0.6,0.6,0.06,0.35,0.02,15.0
result\past\additional=True\run_cantilever_beam_20260326_172913_693078_6d9b\run_cantilever_beam_20260327_093132_050286_e7c3,cantilever_beam,"H,b1,b2,h1",4,0,1,1,0.55,0.25,and,0.6,0.3,or,,,,,True,0.03,0.55,0.25,True,soft,0.85,0.3,True,0.7,,0.2,5,0.6,0.6,0.06,0.35,0.02,15.0
result\past\additional=True\run_cantilever_beam_20260326_172913_693078_6d9b\run_cantilever_beam_20260327_093336_948449_4d98,cantilever_beam,"H,b1,b2,h1",4,0,1,1,0.55,0.25,and,0.6,0.3,or,,,,,True,0.03,0.55,0.25,True,soft,0.85,0.3,True,0.7,,0.2,5,0.6,0.6,0.06,0.35,0.02,15.0
result\past\additional=True\run_cantilever_beam_20260326_172913_693078_6d9b\run_cantilever_beam_20260327_093519_358263_deb0,cantilever_beam,"H,b1,b2,h1",4,0,1,1,0.55,0.25,and,0.6,0.3,or,,,,,True,0.03,0.55,0.25,True,soft,0.85,0.3,True,0.7,,0.2,5,0.6,0.6,0.06,0.35,0.02,15.0
result\past\additional=True\run_cantilever_beam_20260326_172913_693078_6d9b\run_cantilever_beam_20260327_093723_454146_86a6,cantilever_beam,"H,b1,b2,h1",4,0,1,1,0.55,0.25,and,0.6,0.3,or,,,,,True,0.03,0.55,0.25,True,soft,0.85,0.3,True,0.7,,0.2,5,0.6,0.6,0.06,0.35,0.02,15.0
result\past\additional=True\run_cantilever_beam_20260326_172913_693078_6d9b\run_cantilever_beam_20260327_093918_663317_d28b,cantilever_beam,"H,b1,b2,h1",4,0,1,1,0.55,0.25,and,0.6,0.3,or,,,,,True,0.03,0.55,0.25,True,soft,0.85,0.3,True,0.7,,0.2,5,0.6,0.6,0.06,0.35,0.02,15.0
result\past\additional=True\run_cantilever_beam_20260326_172913_693078_6d9b\run_cantilever_beam_20260327_094054_118891_4d93,cantilever_beam,"H,b1,b2,h1",4,0,1,1,0.55,0.25,and,0.6,0.3,or,,,,,True,0.03,0.55,0.25,True,soft,0.85,0.3,True,0.7,,0.2,5,0.6,0.6,0.06,0.35,0.02,15.0
result\past\additional=True\run_cantilever_beam_20260326_172913_693078_6d9b\run_cantilever_beam_20260327_094301_966951_47e7,cantilever_beam,"H,b1,b2,h1",4,0,1,1,0.55,0.25,and,0.6,0.3,or,,,,,True,0.03,0.55,0.25,True,soft,0.85,0.3,True,0.7,,0.2,5,0.6,0.6,0.06,0.35,0.02,15.0
result\past\additional=True\run_cantilever_beam_20260326_172913_693078_6d9b\run_cantilever_beam_20260327_094449_083954_de3c,cantilever_beam,"H,b1,b2,h1",4,0,1,1,0.55,0.25,and,0.6,0.3,or,,,,,True,0.03,0.55,0.25,True,soft,0.85,0.3,True,0.7,,0.2,5,0.6,0.6,0.06,0.35,0.02,15.0
result\past\additional=True\run_cantilever_beam_20260326_172913_693078_6d9b\run_cantilever_beam_20260327_094648_148109_b945,cantilever_beam,"H,b1,b2,h1",4,0,1,1,0.55,0.25,and,0.6,0.3,or,,,,,True,0.03,0.55,0.25,True,soft,0.85,0.3,True,0.7,,0.2,5,0.6,0.6,0.06,0.35,0.02,15.0
result\past\additional=True\run_cantilever_beam_20260326_172913_693078_6d9b\run_cantilever_beam_20260327_094840_500133_d0d0,cantilever_beam,"H,b1,b2,h1",4,0,1,1,0.55,0.25,and,0.6,0.3,or,,,,,True,0.03,0.55,0.25,True,soft,0.85,0.3,True,0.7,,0.2,5,0.6,0.6,0.06,0.35,0.02,15.0
result\past\additional=True\run_cantilever_beam_20260326_172913_693078_6d9b\run_cantilever_beam_20260327_095045_582393_e45e,cantilever_beam,"H,b1,b2,h1",4,0,1,1,0.55,0.25,and,0.6,0.3,or,,,,,True,0.03,0.55,0.25,True,soft,0.85,0.3,True,0.7,,0.2,5,0.6,0.6,0.06,0.35,0.02,15.0
result\past\additional=True\run_cantilever_beam_20260326_172913_693078_6d9b\run_cantilever_beam_20260327_095251_835559_25da,cantilever_beam,"H,b1,b2,h1",4,0,1,1,0.55,0.25,and,0.6,0.3,or,,,,,True,0.03,0.55,0.25,True,soft,0.85,0.3,True,0.7,,0.2,5,0.6,0.6,0.06,0.35,0.02,15.0
result\past\additional=True\run_cantilever_beam_20260326_172913_693078_6d9b\run_cantilever_beam_20260327_095439_797138_a249,cantilever_beam,"H,b1,b2,h1",4,0,1,1,0.55,0.25,and,0.6,0.3,or,,,,,True,0.03,0.55,0.25,True,soft,0.85,0.3,True,0.7,,0.2,5,0.6,0.6,0.06,0.35,0.02,15.0
result\past\additional=True\run_cantilever_beam_20260326_172913_693078_6d9b\run_cantilever_beam_20260327_095622_924543_f3f6,cantilever_beam,"H,b1,b2,h1",4,0,1,1,0.55,0.25,and,0.6,0.3,or,,,,,True,0.03,0.55,0.25,True,soft,0.85,0.3,True,0.7,,0.2,5,0.6,0.6,0.06,0.35,0.02,15.0
result\past\additional=True\run_cantilever_beam_20260326_172913_693078_6d9b\run_cantilever_beam_20260327_095827_589147_7397,cantilever_beam,"H,b1,b2,h1",4,0,1,1,0.55,0.25,and,0.6,0.3,or,,,,,True,0.03,0.55,0.25,True,soft,0.85,0.3,True,0.7,,0.2,5,0.6,0.6,0.06,0.35,0.02,15.0
result\past\additional=True\run_cantilever_beam_20260326_172913_693078_6d9b\run_cantilever_beam_20260327_100032_648469_0fb6,cantilever_beam,"H,b1,b2,h1",4,0,1,1,0.55,0.25,and,0.6,0.3,or,,,,,True,0.03,0.55,0.25,True,soft,0.85,0.3,True,0.7,,0.2,5,0.6,0.6,0.06,0.35,0.02,15.0
result\past\additional=True\run_cantilever_beam_20260326_172913_693078_6d9b\run_cantilever_beam_20260327_100247_273561_6cbd,cantilever_beam,"H,b1,b2,h1",4,0,1,1,0.55,0.25,and,0.6,0.3,or,,,,,True,0.03,0.55,0.25,True,soft,0.85,0.3,True,0.7,,0.2,5,0.6,0.6,0.06,0.35,0.02,15.0
result\past\additional=True\run_cantilever_beam_20260326_172913_693078_6d9b\run_goldstein_price_20260327_100449_114842_92f3,goldstein_price,x2,1,0,0,0,0.55,0.25,and,0.6,0.3,or,,,,,True,0.03,0.55,0.25,True,soft,0.85,0.3,True,0.7,,0.2,5,0.6,0.6,0.06,0.35,0.02,15.0
result\past\additional=True\run_cantilever_beam_20260326_172913_693078_6d9b\run_goldstein_price_20260327_100543_954498_9351,goldstein_price,"x1,x2",2,0,1,1,0.55,0.25,and,0.6,0.3,or,,,,,True,0.03,0.55,0.25,True,soft,0.85,0.3,True,0.7,,0.2,5,0.6,0.6,0.06,0.35,0.02,15.0
result\past\additional=True\run_cantilever_beam_20260326_172913_693078_6d9b\run_goldstein_price_20260327_100638_798762_2068,goldstein_price,"x1,x2",2,0,1,1,0.55,0.25,and,0.6,0.3,or,,,,,True,0.03,0.55,0.25,True,soft,0.85,0.3,True,0.7,,0.2,5,0.6,0.6,0.06,0.35,0.02,15.0
result\past\additional=True\run_cantilever_beam_20260326_172913_693078_6d9b\run_goldstein_price_20260327_100729_417042_c98b,goldstein_price,"x1,x2",2,0,1,1,0.55,0.25,and,0.6,0.3,or,,,,,True,0.03,0.55,0.25,True,soft,0.85,0.3,True,0.7,,0.2,5,0.6,0.6,0.06,0.35,0.02,15.0
result\past\additional=True\run_cantilever_beam_20260326_172913_693078_6d9b\run_goldstein_price_20260327_100834_350976_a5ec,goldstein_price,"x1,x2",2,0,1,1,0.55,0.25,and,0.6,0.3,or,,,,,True,0.03,0.55,0.25,True,soft,0.85,0.3,True,0.7,,0.2,5,0.6,0.6,0.06,0.35,0.02,15.0
result\past\additional=True\run_cantilever_beam_20260326_172913_693078_6d9b\run_goldstein_price_20260327_100930_612423_3f78,goldstein_price,"x1,x2",2,0,1,1,0.55,0.25,and,0.6,0.3,or,,,,,True,0.03,0.55,0.25,True,soft,0.85,0.3,True,0.7,,0.2,5,0.6,0.6,0.06,0.35,0.02,15.0
result\past\additional=True\run_cantilever_beam_20260326_172913_693078_6d9b\run_goldstein_price_20260327_101014_672124_786b,goldstein_price,"x1,x2",2,0,1,1,0.55,0.25,and,0.6,0.3,or,,,,,True,0.03,0.55,0.25,True,soft,0.85,0.3,True,0.7,,0.2,5,0.6,0.6,0.06,0.35,0.02,15.0
result\past\additional=True\run_cantilever_beam_20260326_172913_693078_6d9b\run_goldstein_price_20260327_101105_261576_666b,goldstein_price,"x1,x2",2,0,1,1,0.55,0.25,and,0.6,0.3,or,,,,,True,0.03,0.55,0.25,True,soft,0.85,0.3,True,0.7,,0.2,5,0.6,0.6,0.06,0.35,0.02,15.0
result\past\additional=True\run_cantilever_beam_20260326_172913_693078_6d9b\run_goldstein_price_20260327_101201_699288_44e4,goldstein_price,"x1,x2",2,0,1,1,0.55,0.25,and,0.6,0.3,or,,,,,True,0.03,0.55,0.25,True,soft,0.85,0.3,True,0.7,,0.2,5,0.6,0.6,0.06,0.35,0.02,15.0
result\past\additional=True\run_cantilever_beam_20260326_172913_693078_6d9b\run_goldstein_price_20260327_101255_047290_008b,goldstein_price,"x1,x2",2,0,1,1,0.55,0.25,and,0.6,0.3,or,,,,,True,0.03,0.55,0.25,True,soft,0.85,0.3,True,0.7,,0.2,5,0.6,0.6,0.06,0.35,0.02,15.0
result\past\additional=True\run_cantilever_beam_20260326_172913_693078_6d9b\run_goldstein_price_20260327_101343_659175_f36a,goldstein_price,"x1,x2",2,0,1,1,0.55,0.25,and,0.6,0.3,or,,,,,True,0.03,0.55,0.25,True,soft,0.85,0.3,True,0.7,,0.2,5,0.6,0.6,0.06,0.35,0.02,15.0
result\past\additional=True\run_cantilever_beam_20260326_172913_693078_6d9b\run_goldstein_price_20260327_101427_234258_5e25,goldstein_price,"x1,x2",2,0,1,1,0.55,0.25,and,0.6,0.3,or,,,,,True,0.03,0.55,0.25,True,soft,0.85,0.3,True,0.7,,0.2,5,0.6,0.6,0.06,0.35,0.02,15.0
result\past\additional=True\run_cantilever_beam_20260326_172913_693078_6d9b\run_goldstein_price_20260327_101519_865928_b7b2,goldstein_price,"x1,x2",2,0,1,1,0.55,0.25,and,0.6,0.3,or,,,,,True,0.03,0.55,0.25,True,soft,0.85,0.3,True,0.7,,0.2,5,0.6,0.6,0.06,0.35,0.02,15.0
result\past\additional=True\run_cantilever_beam_20260326_172913_693078_6d9b\run_goldstein_price_20260327_101601_388749_6c35,goldstein_price,"x1,x2",2,0,1,1,0.55,0.25,and,0.6,0.3,or,,,,,True,0.03,0.55,0.25,True,soft,0.85,0.3,True,0.7,,0.2,5,0.6,0.6,0.06,0.35,0.02,15.0
result\past\additional=True\run_cantilever_beam_20260326_172913_693078_6d9b\run_goldstein_price_20260327_101645_158889_9f1a,goldstein_price,"x1,x2",2,0,1,1,0.55,0.25,and,0.6,0.3,or,,,,,True,0.03,0.55,0.25,True,soft,0.85,0.3,True,0.7,,0.2,5,0.6,0.6,0.06,0.35,0.02,15.0
result\past\additional=True\run_cantilever_beam_20260326_172913_693078_6d9b\run_goldstein_price_20260327_101738_720913_8792,goldstein_price,"x1,x2",2,0,1,1,0.55,0.25,and,0.6,0.3,or,,,,,True,0.03,0.55,0.25,True,soft,0.85,0.3,True,0.7,,0.2,5,0.6,0.6,0.06,0.35,0.02,15.0
result\past\additional=True\run_cantilever_beam_20260326_172913_693078_6d9b\run_goldstein_price_20260327_101820_861065_c68f,goldstein_price,"x1,x2",2,0,1,1,0.55,0.25,and,0.6,0.3,or,,,,,True,0.03,0.55,0.25,True,soft,0.85,0.3,True,0.7,,0.2,5,0.6,0.6,0.06,0.35,0.02,15.0
result\past\additional=True\run_cantilever_beam_20260326_172913_693078_6d9b\run_goldstein_price_20260327_101910_458643_36e6,goldstein_price,"x1,x2",2,0,1,1,0.55,0.25,and,0.6,0.3,or,,,,,True,0.03,0.55,0.25,True,soft,0.85,0.3,True,0.7,,0.2,5,0.6,0.6,0.06,0.35,0.02,15.0
result\past\additional=True\run_cantilever_beam_20260326_172913_693078_6d9b\run_goldstein_price_20260327_101954_895992_3e09,goldstein_price,"x1,x2",2,0,1,1,0.55,0.25,and,0.6,0.3,or,,,,,True,0.03,0.55,0.25,True,soft,0.85,0.3,True,0.7,,0.2,5,0.6,0.6,0.06,0.35,0.02,15.0
result\past\additional=True\run_cantilever_beam_20260326_172913_693078_6d9b\run_goldstein_price_20260327_102044_449845_fe7d,goldstein_price,"x1,x2",2,0,1,1,0.55,0.25,and,0.6,0.3,or,,,,,True,0.03,0.55,0.25,True,soft,0.85,0.3,True,0.7,,0.2,5,0.6,0.6,0.06,0.35,0.02,15.0
result\past\additional=True\run_cantilever_beam_20260326_172913_693078_6d9b\run_goldstein_price_20260327_102128_101463_6b7a,goldstein_price,"x1,x2",2,0,1,1,0.55,0.25,and,0.6,0.3,or,,,,,True,0.03,0.55,0.25,True,soft,0.85,0.3,True,0.7,,0.2,5,0.6,0.6,0.06,0.35,0.02,15.0
result\past\additional=True\run_cantilever_beam_20260326_172913_693078_6d9b\run_goldstein_price_20260327_102210_382681_ae0f,goldstein_price,"x1,x2",2,0,1,1,0.55,0.25,and,0.6,0.3,or,,,,,True,0.03,0.55,0.25,True,soft,0.85,0.3,True,0.7,,0.2,5,0.6,0.6,0.06,0.35,0.02,15.0
result\past\additional=True\run_cantilever_beam_20260326_172913_693078_6d9b\run_goldstein_price_20260327_102256_796581_eaa2,goldstein_price,"x1,x2",2,0,1,1,0.55,0.25,and,0.6,0.3,or,,,,,True,0.03,0.55,0.25,True,soft,0.85,0.3,True,0.7,,0.2,5,0.6,0.6,0.06,0.35,0.02,15.0
result\past\additional=True\run_cantilever_beam_20260326_172913_693078_6d9b\run_goldstein_price_20260327_102338_263363_e85e,goldstein_price,"x1,x2",2,0,1,1,0.55,0.25,and,0.6,0.3,or,,,,,True,0.03,0.55,0.25,True,soft,0.85,0.3,True,0.7,,0.2,5,0.6,0.6,0.06,0.35,0.02,15.0
result\past\additional=True\run_cantilever_beam_20260326_172913_693078_6d9b\run_goldstein_price_20260327_102418_870865_d500,goldstein_price,"x1,x2",2,0,1,1,0.55,0.25,and,0.6,0.3,or,,,,,True,0.03,0.55,0.25,True,soft,0.85,0.3,True,0.7,,0.2,5,0.6,0.6,0.06,0.35,0.02,15.0
result\past\additional=True\run_cantilever_beam_20260326_172913_693078_6d9b\run_goldstein_price_20260327_102501_360150_91b1,goldstein_price,"x1,x2",2,0,1,1,0.55,0.25,and,0.6,0.3,or,,,,,True,0.03,0.55,0.25,True,soft,0.85,0.3,True,0.7,,0.2,5,0.6,0.6,0.06,0.35,0.02,15.0
result\past\additional=True\run_cantilever_beam_20260326_172913_693078_6d9b\run_goldstein_price_20260327_102600_945147_f59c,goldstein_price,"x1,x2",2,0,1,1,0.55,0.25,and,0.6,0.3,or,,,,,True,0.03,0.55,0.25,True,soft,0.85,0.3,True,0.7,,0.2,5,0.6,0.6,0.06,0.35,0.02,15.0
result\past\additional=True\run_cantilever_beam_20260326_172913_693078_6d9b\run_goldstein_price_20260327_102646_629690_f262,goldstein_price,"x1,x2",2,0,1,1,0.55,0.25,and,0.6,0.3,or,,,,,True,0.03,0.55,0.25,True,soft,0.85,0.3,True,0.7,,0.2,5,0.6,0.6,0.06,0.35,0.02,15.0
result\past\additional=True\run_cantilever_beam_20260326_172913_693078_6d9b\run_goldstein_price_20260327_102745_193625_cb6c,goldstein_price,"x1,x2",2,0,1,1,0.55,0.25,and,0.6,0.3,or,,,,,True,0.03,0.55,0.25,True,soft,0.85,0.3,True,0.7,,0.2,5,0.6,0.6,0.06,0.35,0.02,15.0
result\past\additional=True\run_cantilever_beam_20260326_172913_693078_6d9b\run_goldstein_price_20260327_102834_176252_f905,goldstein_price,"x1,x2",2,0,1,1,0.55,0.25,and,0.6,0.3,or,,,,,True,0.03,0.55,0.25,True,soft,0.85,0.3,True,0.7,,0.2,5,0.6,0.6,0.06,0.35,0.02,15.0
result\past\additional=True\run_cantilever_beam_20260326_172913_693078_6d9b\run_goldstein_price_20260327_102917_854229_8c07,goldstein_price,"x1,x2",2,0,1,1,0.55,0.25,and,0.6,0.3,or,,,,,True,0.03,0.55,0.25,True,soft,0.85,0.3,True,0.7,,0.2,5,0.6,0.6,0.06,0.35,0.02,15.0
result\past\additional=True\run_cantilever_beam_20260326_172913_693078_6d9b\run_goldstein_price_20260327_103016_208821_e44a,goldstein_price,"x1,x2",2,0,1,1,0.55,0.25,and,0.6,0.3,or,,,,,True,0.03,0.55,0.25,True,soft,0.85,0.3,True,0.7,,0.2,5,0.6,0.6,0.06,0.35,0.02,15.0
result\past\additional=True\run_cantilever_beam_20260326_172913_693078_6d9b\run_goldstein_price_20260327_103105_330905_d5cb,goldstein_price,"x1,x2",2,0,1,1,0.55,0.25,and,0.6,0.3,or,,,,,True,0.03,0.55,0.25,True,soft,0.85,0.3,True,0.7,,0.2,5,0.6,0.6,0.06,0.35,0.02,15.0
result\past\additional=True\run_cantilever_beam_20260326_172913_693078_6d9b\run_goldstein_price_20260327_103206_013498_70fb,goldstein_price,"x1,x2",2,0,1,1,0.55,0.25,and,0.6,0.3,or,,,,,True,0.03,0.55,0.25,True,soft,0.85,0.3,True,0.7,,0.2,5,0.6,0.6,0.06,0.35,0.02,15.0
result\past\additional=True\run_cantilever_beam_20260326_172913_693078_6d9b\run_goldstein_price_20260327_103248_174113_4746,goldstein_price,"x1,x2",2,0,1,1,0.55,0.25,and,0.6,0.3,or,,,,,True,0.03,0.55,0.25,True,soft,0.85,0.3,True,0.7,,0.2,5,0.6,0.6,0.06,0.35,0.02,15.0
result\past\additional=True\run_cantilever_beam_20260326_172913_693078_6d9b\run_goldstein_price_20260327_103330_661005_64af,goldstein_price,"x1,x2",2,0,1,1,0.55,0.25,and,0.6,0.3,or,,,,,True,0.03,0.55,0.25,True,soft,0.85,0.3,True,0.7,,0.2,5,0.6,0.6,0.06,0.35,0.02,15.0
result\past\additional=True\run_cantilever_beam_20260326_172913_693078_6d9b\run_goldstein_price_20260327_103418_075038_04e8,goldstein_price,"x1,x2",2,0,1,1,0.55,0.25,and,0.6,0.3,or,,,,,True,0.03,0.55,0.25,True,soft,0.85,0.3,True,0.7,,0.2,5,0.6,0.6,0.06,0.35,0.02,15.0
result\past\additional=True\run_cantilever_beam_20260326_172913_693078_6d9b\run_goldstein_price_20260327_103510_681463_d31f,goldstein_price,"x1,x2",2,0,1,1,0.55,0.25,and,0.6,0.3,or,,,,,True,0.03,0.55,0.25,True,soft,0.85,0.3,True,0.7,,0.2,5,0.6,0.6,0.06,0.35,0.02,15.0
result\past\additional=True\run_cantilever_beam_20260326_172913_693078_6d9b\run_goldstein_price_20260327_103601_191997_d3bc,goldstein_price,"x1,x2",2,0,1,1,0.55,0.25,and,0.6,0.3,or,,,,,True,0.03,0.55,0.25,True,soft,0.85,0.3,True,0.7,,0.2,5,0.6,0.6,0.06,0.35,0.02,15.0
result\past\additional=True\run_cantilever_beam_20260326_172913_693078_6d9b\run_goldstein_price_20260327_103642_542938_d6b9,goldstein_price,"x1,x2",2,0,1,1,0.55,0.25,and,0.6,0.3,or,,,,,True,0.03,0.55,0.25,True,soft,0.85,0.3,True,0.7,,0.2,5,0.6,0.6,0.06,0.35,0.02,15.0
result\past\additional=True\run_cantilever_beam_20260326_172913_693078_6d9b\run_goldstein_price_20260327_103731_008044_9fec,goldstein_price,"x1,x2",2,0,1,1,0.55,0.25,and,0.6,0.3,or,,,,,True,0.03,0.55,0.25,True,soft,0.85,0.3,True,0.7,,0.2,5,0.6,0.6,0.06,0.35,0.02,15.0
result\past\additional=True\run_cantilever_beam_20260326_172913_693078_6d9b\run_goldstein_price_20260327_103815_642766_e13d,goldstein_price,"d2,x1,x2",3,1,0,1,0.55,0.25,and,0.6,0.3,or,,,,,True,0.03,0.55,0.25,True,soft,0.85,0.3,True,0.7,,0.2,5,0.6,0.6,0.06,0.35,0.02,15.0
result\past\additional=True\run_cantilever_beam_20260326_172913_693078_6d9b\run_goldstein_price_20260327_103904_674144_46bb,goldstein_price,"x1,x2",2,0,1,1,0.55,0.25,and,0.6,0.3,or,,,,,True,0.03,0.55,0.25,True,soft,0.85,0.3,True,0.7,,0.2,5,0.6,0.6,0.06,0.35,0.02,15.0
result\past\additional=True\run_cantilever_beam_20260326_172913_693078_6d9b\run_goldstein_price_20260327_103947_730951_57fe,goldstein_price,"x1,x2",2,0,1,1,0.55,0.25,and,0.6,0.3,or,,,,,True,0.03,0.55,0.25,True,soft,0.85,0.3,True,0.7,,0.2,5,0.6,0.6,0.06,0.35,0.02,15.0
result\past\additional=True\run_cantilever_beam_20260326_172913_693078_6d9b\run_goldstein_price_20260327_104026_578619_a5b8,goldstein_price,"x1,x2",2,0,1,1,0.55,0.25,and,0.6,0.3,or,,,,,True,0.03,0.55,0.25,True,soft,0.85,0.3,True,0.7,,0.2,5,0.6,0.6,0.06,0.35,0.02,15.0
result\past\additional=True\run_cantilever_beam_20260326_172913_693078_6d9b\run_goldstein_price_20260327_104114_528434_c0f7,goldstein_price,"x1,x2",2,0,1,1,0.55,0.25,and,0.6,0.3,or,,,,,True,0.03,0.55,0.25,True,soft,0.85,0.3,True,0.7,,0.2,5,0.6,0.6,0.06,0.35,0.02,15.0
result\past\additional=True\run_cantilever_beam_20260326_172913_693078_6d9b\run_goldstein_price_20260327_104201_875148_b743,goldstein_price,"x1,x2",2,0,1,1,0.55,0.25,and,0.6,0.3,or,,,,,True,0.03,0.55,0.25,True,soft,0.85,0.3,True,0.7,,0.2,5,0.6,0.6,0.06,0.35,0.02,15.0
result\past\additional=True\run_cantilever_beam_20260326_172913_693078_6d9b\run_goldstein_price_20260327_104241_151825_7a85,goldstein_price,"x1,x2",2,0,1,1,0.55,0.25,and,0.6,0.3,or,,,,,True,0.03,0.55,0.25,True,soft,0.85,0.3,True,0.7,,0.2,5,0.6,0.6,0.06,0.35,0.02,15.0
result\past\additional=True\run_cantilever_beam_20260326_172913_693078_6d9b\run_goldstein_price_20260327_104330_370662_06dd,goldstein_price,"x1,x2",2,0,1,1,0.55,0.25,and,0.6,0.3,or,,,,,True,0.03,0.55,0.25,True,soft,0.85,0.3,True,0.7,,0.2,5,0.6,0.6,0.06,0.35,0.02,15.0
result\past\additional=True\run_cantilever_beam_20260326_172913_693078_6d9b\run_goldstein_price_20260327_104420_895717_a8bd,goldstein_price,"x1,x2",2,0,1,1,0.55,0.25,and,0.6,0.3,or,,,,,True,0.03,0.55,0.25,True,soft,0.85,0.3,True,0.7,,0.2,5,0.6,0.6,0.06,0.35,0.02,15.0
result\past\additional=True\run_cantilever_beam_20260326_172913_693078_6d9b\run_rosenbrock_20260327_083008_726720_682e,rosenbrock,"x1,x2,x3,x4,x5",5,0,1,1,0.55,0.25,and,0.6,0.3,or,,,,,True,0.03,0.55,0.25,True,soft,0.85,0.3,True,0.7,,0.2,5,0.6,0.6,0.06,0.35,0.02,15.0
result\past\additional=True\run_cantilever_beam_20260326_172913_693078_6d9b\run_rosenbrock_20260327_083120_486436_c77b,rosenbrock,"x1,x2,x3,x4,x5",5,0,1,1,0.55,0.25,and,0.6,0.3,or,,,,,True,0.03,0.55,0.25,True,soft,0.85,0.3,True,0.7,,0.2,5,0.6,0.6,0.06,0.35,0.02,15.0
result\past\additional=True\run_cantilever_beam_20260326_172913_693078_6d9b\run_rosenbrock_20260327_083229_118902_2c92,rosenbrock,"x1,x2,x3,x4,x5",5,0,1,1,0.55,0.25,and,0.6,0.3,or,,,,,True,0.03,0.55,0.25,True,soft,0.85,0.3,True,0.7,,0.2,5,0.6,0.6,0.06,0.35,0.02,15.0
result\past\additional=True\run_cantilever_beam_20260326_172913_693078_6d9b\run_rosenbrock_20260327_083338_640066_d2e5,rosenbrock,"x1,x2,x3,x4,x5",5,0,1,1,0.55,0.25,and,0.6,0.3,or,,,,,True,0.03,0.55,0.25,True,soft,0.85,0.3,True,0.7,,0.2,5,0.6,0.6,0.06,0.35,0.02,15.0
result\past\additional=True\run_cantilever_beam_20260326_172913_693078_6d9b\run_rosenbrock_20260327_083503_800312_bd7c,rosenbrock,"x1,x2,x3,x4,x5",5,0,1,1,0.55,0.25,and,0.6,0.3,or,,,,,True,0.03,0.55,0.25,True,soft,0.85,0.3,True,0.7,,0.2,5,0.6,0.6,0.06,0.35,0.02,15.0
result\past\additional=True\run_cantilever_beam_20260326_172913_693078_6d9b\run_rosenbrock_20260327_083617_844420_13b9,rosenbrock,"x1,x2,x3,x4,x5",5,0,1,1,0.55,0.25,and,0.6,0.3,or,,,,,True,0.03,0.55,0.25,True,soft,0.85,0.3,True,0.7,,0.2,5,0.6,0.6,0.06,0.35,0.02,15.0
result\past\additional=True\run_cantilever_beam_20260326_172913_693078_6d9b\run_rosenbrock_20260327_083731_563168_618c,rosenbrock,"x1,x2,x3,x4,x5",5,0,1,1,0.55,0.25,and,0.6,0.3,or,,,,,True,0.03,0.55,0.25,True,soft,0.85,0.3,True,0.7,,0.2,5,0.6,0.6,0.06,0.35,0.02,15.0
result\past\additional=True\run_cantilever_beam_20260326_172913_693078_6d9b\run_rosenbrock_20260327_083920_238590_c25c,rosenbrock,"x1,x2,x3,x4,x5",5,0,1,1,0.55,0.25,and,0.6,0.3,or,,,,,True,0.03,0.55,0.25,True,soft,0.85,0.3,True,0.7,,0.2,5,0.6,0.6,0.06,0.35,0.02,15.0
result\past\additional=True\run_cantilever_beam_20260326_172913_693078_6d9b\run_rosenbrock_20260327_084049_025889_6f3c,rosenbrock,"x1,x2,x3,x4,x5",5,0,1,1,0.55,0.25,and,0.6,0.3,or,,,,,True,0.03,0.55,0.25,True,soft,0.85,0.3,True,0.7,,0.2,5,0.6,0.6,0.06,0.35,0.02,15.0
result\past\additional=True\run_cantilever_beam_20260326_172913_693078_6d9b\run_rosenbrock_20260327_084159_987265_893d,rosenbrock,"x1,x2,x3,x4,x5",5,0,1,1,0.55,0.25,and,0.6,0.3,or,,,,,True,0.03,0.55,0.25,True,soft,0.85,0.3,True,0.7,,0.2,5,0.6,0.6,0.06,0.35,0.02,15.0
result\past\additional=True\run_cantilever_beam_20260326_172913_693078_6d9b\run_six_hump_camel_20260327_104501_428024_7ea9,six_hump_camel,"x1,x2",2,0,1,1,0.55,0.25,and,0.6,0.3,or,,,,,True,0.03,0.55,0.25,True,soft,0.85,0.3,True,0.7,,0.2,5,0.6,0.6,0.06,0.35,0.02,15.0
result\past\additional=True\run_cantilever_beam_20260326_172913_693078_6d9b\run_six_hump_camel_20260327_104643_868329_bcc3,six_hump_camel,"x1,x2",2,0,1,1,0.55,0.25,and,0.6,0.3,or,,,,,True,0.03,0.55,0.25,True,soft,0.85,0.3,True,0.7,,0.2,5,0.6,0.6,0.06,0.35,0.02,15.0
result\past\additional=True\run_cantilever_beam_20260326_172913_693078_6d9b\run_six_hump_camel_20260327_104754_627167_b0f3,six_hump_camel,"x1,x2",2,0,1,1,0.55,0.25,and,0.6,0.3,or,,,,,True,0.03,0.55,0.25,True,soft,0.85,0.3,True,0.7,,0.2,5,0.6,0.6,0.06,0.35,0.02,15.0
result\past\additional=True\run_cantilever_beam_20260326_172913_693078_6d9b\run_six_hump_camel_20260327_104923_270488_fa61,six_hump_camel,"x1,x2",2,0,1,1,0.55,0.25,and,0.6,0.3,or,,,,,True,0.03,0.55,0.25,True,soft,0.85,0.3,True,0.7,,0.2,5,0.6,0.6,0.06,0.35,0.02,15.0
result\past\additional=True\run_cantilever_beam_20260326_172913_693078_6d9b\run_six_hump_camel_20260327_105048_270704_e255,six_hump_camel,"d1,x1,x2",3,1,0,1,0.55,0.25,and,0.6,0.3,or,,,,,True,0.03,0.55,0.25,True,soft,0.85,0.3,True,0.7,,0.2,5,0.6,0.6,0.06,0.35,0.02,15.0
result\past\additional=True\run_cantilever_beam_20260326_172913_693078_6d9b\run_six_hump_camel_20260327_105220_282393_525a,six_hump_camel,"x1,x2",2,0,1,1,0.55,0.25,and,0.6,0.3,or,,,,,True,0.03,0.55,0.25,True,soft,0.85,0.3,True,0.7,,0.2,5,0.6,0.6,0.06,0.35,0.02,15.0
result\past\additional=True\run_cantilever_beam_20260326_172913_693078_6d9b\run_six_hump_camel_20260327_105329_718044_0958,six_hump_camel,"x1,x2",2,0,1,1,0.55,0.25,and,0.6,0.3,or,,,,,True,0.03,0.55,0.25,True,soft,0.85,0.3,True,0.7,,0.2,5,0.6,0.6,0.06,0.35,0.02,15.0
result\past\additional=True\run_cantilever_beam_20260326_172913_693078_6d9b\run_six_hump_camel_20260327_105457_960450_30e9,six_hump_camel,"x1,x2",2,0,1,1,0.55,0.25,and,0.6,0.3,or,,,,,True,0.03,0.55,0.25,True,soft,0.85,0.3,True,0.7,,0.2,5,0.6,0.6,0.06,0.35,0.02,15.0
result\past\additional=True\run_cantilever_beam_20260326_172913_693078_6d9b\run_six_hump_camel_20260327_105607_178124_b893,six_hump_camel,"x1,x2",2,0,1,1,0.55,0.25,and,0.6,0.3,or,,,,,True,0.03,0.55,0.25,True,soft,0.85,0.3,True,0.7,,0.2,5,0.6,0.6,0.06,0.35,0.02,15.0
result\past\additional=True\run_cantilever_beam_20260326_172913_693078_6d9b\run_six_hump_camel_20260327_105727_532992_9dfd,six_hump_camel,"d3,x1,x2",3,1,0,1,0.55,0.25,and,0.6,0.3,or,,,,,True,0.03,0.55,0.25,True,soft,0.85,0.3,True,0.7,,0.2,5,0.6,0.6,0.06,0.35,0.02,15.0
result\past\additional=True\run_cantilever_beam_20260326_172913_693078_6d9b\run_six_hump_camel_20260327_105848_458526_ffa9,six_hump_camel,"x1,x2",2,0,1,1,0.55,0.25,and,0.6,0.3,or,,,,,True,0.03,0.55,0.25,True,soft,0.85,0.3,True,0.7,,0.2,5,0.6,0.6,0.06,0.35,0.02,15.0
result\past\additional=True\run_cantilever_beam_20260326_172913_693078_6d9b\run_six_hump_camel_20260327_110027_354793_636d,six_hump_camel,"d2,x1,x2",3,1,0,1,0.55,0.25,and,0.6,0.3,or,,,,,True,0.03,0.55,0.25,True,soft,0.85,0.3,True,0.7,,0.2,5,0.6,0.6,0.06,0.35,0.02,15.0
result\past\additional=True\run_cantilever_beam_20260326_172913_693078_6d9b\run_six_hump_camel_20260327_110147_274217_b364,six_hump_camel,"x1,x2",2,0,1,1,0.55,0.25,and,0.6,0.3,or,,,,,True,0.03,0.55,0.25,True,soft,0.85,0.3,True,0.7,,0.2,5,0.6,0.6,0.06,0.35,0.02,15.0
result\past\additional=True\run_cantilever_beam_20260326_172913_693078_6d9b\run_six_hump_camel_20260327_110321_017234_1cc4,six_hump_camel,"x1,x2",2,0,1,1,0.55,0.25,and,0.6,0.3,or,,,,,True,0.03,0.55,0.25,True,soft,0.85,0.3,True,0.7,,0.2,5,0.6,0.6,0.06,0.35,0.02,15.0
result\past\additional=True\run_cantilever_beam_20260326_172913_693078_6d9b\run_six_hump_camel_20260327_110440_650393_4b52,six_hump_camel,"d2,x1,x2",3,1,0,1,0.55,0.25,and,0.6,0.3,or,,,,,True,0.03,0.55,0.25,True,soft,0.85,0.3,True,0.7,,0.2,5,0.6,0.6,0.06,0.35,0.02,15.0
result\past\additional=True\run_cantilever_beam_20260326_172913_693078_6d9b\run_six_hump_camel_20260327_110554_746000_ed45,six_hump_camel,"d2,x1,x2",3,1,0,1,0.55,0.25,and,0.6,0.3,or,,,,,True,0.03,0.55,0.25,True,soft,0.85,0.3,True,0.7,,0.2,5,0.6,0.6,0.06,0.35,0.02,15.0
result\past\additional=True\run_cantilever_beam_20260326_172913_693078_6d9b\run_six_hump_camel_20260327_110707_818461_3025,six_hump_camel,"x1,x2",2,0,1,1,0.55,0.25,and,0.6,0.3,or,,,,,True,0.03,0.55,0.25,True,soft,0.85,0.3,True,0.7,,0.2,5,0.6,0.6,0.06,0.35,0.02,15.0
result\past\additional=True\run_cantilever_beam_20260326_172913_693078_6d9b\run_six_hump_camel_20260327_110820_547686_c4c7,six_hump_camel,"x1,x2",2,0,1,1,0.55,0.25,and,0.6,0.3,or,,,,,True,0.03,0.55,0.25,True,soft,0.85,0.3,True,0.7,,0.2,5,0.6,0.6,0.06,0.35,0.02,15.0
result\past\additional=True\run_cantilever_beam_20260326_172913_693078_6d9b\run_six_hump_camel_20260327_110959_806316_3f3b,six_hump_camel,"d2,d3,x1,x2",4,2,0,1,0.55,0.25,and,0.6,0.3,or,,,,,True,0.03,0.55,0.25,True,soft,0.85,0.3,True,0.7,,0.2,5,0.6,0.6,0.06,0.35,0.02,15.0
result\past\additional=True\run_cantilever_beam_20260326_172913_693078_6d9b\run_six_hump_camel_20260327_111144_655289_f715,six_hump_camel,"d2,d3,x1,x2",4,2,0,1,0.55,0.25,and,0.6,0.3,or,,,,,True,0.03,0.55,0.25,True,soft,0.85,0.3,True,0.7,,0.2,5,0.6,0.6,0.06,0.35,0.02,15.0
result\past\additional=True\run_cantilever_beam_20260326_172913_693078_6d9b\run_six_hump_camel_20260327_111308_709871_0c99,six_hump_camel,"x1,x2",2,0,1,1,0.55,0.25,and,0.6,0.3,or,,,,,True,0.03,0.55,0.25,True,soft,0.85,0.3,True,0.7,,0.2,5,0.6,0.6,0.06,0.35,0.02,15.0
result\past\additional=True\run_cantilever_beam_20260326_172913_693078_6d9b\run_six_hump_camel_20260327_111433_030390_1078,six_hump_camel,"x1,x2",2,0,1,1,0.55,0.25,and,0.6,0.3,or,,,,,True,0.03,0.55,0.25,True,soft,0.85,0.3,True,0.7,,0.2,5,0.6,0.6,0.06,0.35,0.02,15.0
result\past\additional=True\run_cantilever_beam_20260326_172913_693078_6d9b\run_six_hump_camel_20260327_111556_900773_b8c8,six_hump_camel,"x1,x2",2,0,1,1,0.55,0.25,and,0.6,0.3,or,,,,,True,0.03,0.55,0.25,True,soft,0.85,0.3,True,0.7,,0.2,5,0.6,0.6,0.06,0.35,0.02,15.0
result\past\additional=True\run_cantilever_beam_20260326_172913_693078_6d9b\run_six_hump_camel_20260327_111737_608417_c787,six_hump_camel,"x1,x2",2,0,1,1,0.55,0.25,and,0.6,0.3,or,,,,,True,0.03,0.55,0.25,True,soft,0.85,0.3,True,0.7,,0.2,5,0.6,0.6,0.06,0.35,0.02,15.0
result\past\additional=True\run_cantilever_beam_20260326_172913_693078_6d9b\run_six_hump_camel_20260327_111910_443807_8926,six_hump_camel,"x1,x2",2,0,1,1,0.55,0.25,and,0.6,0.3,or,,,,,True,0.03,0.55,0.25,True,soft,0.85,0.3,True,0.7,,0.2,5,0.6,0.6,0.06,0.35,0.02,15.0
