run,repeat,problem,seed,strategy,executed_strategy,objective_sense,optimizer_goal,optimizer_goal_effective,optimizer_goal_mode,optimizer_score_goal,optimizer_score_goal_source,optimizer_best_objective,optimizer_best_objective_raw,optimizer_internal_goal_hit,optimizer_goal_hit,optimizer_score_goal_hit,focus3_best_objective,focus3_internal_goal_hit,focus3_goal_hit,focus3_score_goal_hit,archive_only_goal_hit,score_archive_only_goal_hit,focus3_eval_count,focus3_improved_count,source_prob_topk,source_prob_best_local,source_prob_correlated_local,source_prob_boundary,source_prob_random,focus3_selected_topk,focus3_selected_best_local,focus3_selected_correlated_local,focus3_selected_local_probe,focus3_selected_boundary,focus3_selected_random,focus3_best_score_correlated_local,focus3_best_score_best_local,focus3_near_goal_exploitation_active,focus3_goal_free_plateau_applied,focus3_goal_free_plateau_state,focus3_acq_effective,focus3_recover_active,focus3_recover_no_improve_count,optimizer_n_iterations,modeler_all_real_included,modeler_all_real_only,modeler_selected_features,selected_feature_count,modeler_selected_real_count,modeler_selected_dummy_count,modeler_real_coverage_pct,survivor_optimum_included,volume_ratio,volume_ratio_pct,volume_cap_pass,explorer_bounds_pass,explorer_joint_pass,optimizer_final_pass,optimizer_score_final_pass,optimizer_csv,optimizer_metadata,explorer_metadata,selected_bounds_path,run_root
1,1,cantilever_beam,42,S4_dual,S4_dual,min,,,off,114.66,score_goal,93.33746983044284,93.33746983044284,False,True,True,93.33746983044284,False,True,True,False,False,60,1,0.7884121745507885,0.0,,0.0737990465713238,0.1377887788778878,0,0,0,0,0,0,,,False,False,nan,LCB,True,43,60,True,True,"[""h1"", ""b1"", ""b2"", ""H""]",4,4,0,100.0,True,0.2498999999999999,24.98999999999999,True,True,True,True,True,C:\dev\PIDO\IIT_PIDO\result\bench\aion\20260902_115957\runs\run_cantilever_beam_20260902_115957_887283_ae6e\OPT\artifacts\public\opt_results.csv,C:\dev\PIDO\IIT_PIDO\result\bench\aion\20260902_115957\runs\run_cantilever_beam_20260902_115957_887283_ae6e\OPT\metadata.json,C:\dev\PIDO\IIT_PIDO\result\bench\aion\20260902_115957\runs\run_cantilever_beam_20260902_115957_887283_ae6e\Explorer\metadata_S4_dual.json,C:\dev\PIDO\IIT_PIDO\result\bench\aion\20260902_115957\runs\run_cantilever_beam_20260902_115957_887283_ae6e\Explorer\artifacts\public\S4_dual\selected_bounds.json,C:\dev\PIDO\IIT_PIDO\result\bench\aion\20260902_115957\runs\run_cantilever_beam_20260902_115957_887283_ae6e
2,2,cantilever_beam,1042,S4_dual,S4_dual,min,,,off,114.66,score_goal,93.07720872328288,93.07720872328288,False,True,True,93.07720872328288,False,True,True,False,False,60,2,0.7884121745507885,0.0,,0.0737990465713238,0.1377887788778878,0,0,0,0,0,0,,,False,False,nan,LCB,True,54,60,True,True,"[""h1"", ""b2"", ""b1"", ""H""]",4,4,0,100.0,True,0.2498999999999999,24.98999999999999,True,True,True,True,True,C:\dev\PIDO\IIT_PIDO\result\bench\aion\20260902_115957\runs\run_cantilever_beam_20260902_120147_623725_b1d9\OPT\artifacts\public\opt_results.csv,C:\dev\PIDO\IIT_PIDO\result\bench\aion\20260902_115957\runs\run_cantilever_beam_20260902_120147_623725_b1d9\OPT\metadata.json,C:\dev\PIDO\IIT_PIDO\result\bench\aion\20260902_115957\runs\run_cantilever_beam_20260902_120147_623725_b1d9\Explorer\metadata_S4_dual.json,C:\dev\PIDO\IIT_PIDO\result\bench\aion\20260902_115957\runs\run_cantilever_beam_20260902_120147_623725_b1d9\Explorer\artifacts\public\S4_dual\selected_bounds.json,C:\dev\PIDO\IIT_PIDO\result\bench\aion\20260902_115957\runs\run_cantilever_beam_20260902_120147_623725_b1d9
3,3,cantilever_beam,2042,S4_dual,S4_dual,min,,,off,114.66,score_goal,94.37162687485738,94.37162687485738,False,True,True,94.37162687485738,False,True,True,False,False,60,1,0.7884121745507885,0.0,,0.0737990465713238,0.1377887788778878,0,0,0,0,0,0,,,False,False,nan,LCB,True,43,60,True,True,"[""b1"", ""h1"", ""b2"", ""H""]",4,4,0,100.0,True,0.2499,24.990000000000002,True,True,True,True,True,C:\dev\PIDO\IIT_PIDO\result\bench\aion\20260902_115957\runs\run_cantilever_beam_20260902_120404_389064_a523\OPT\artifacts\public\opt_results.csv,C:\dev\PIDO\IIT_PIDO\result\bench\aion\20260902_115957\runs\run_cantilever_beam_20260902_120404_389064_a523\OPT\metadata.json,C:\dev\PIDO\IIT_PIDO\result\bench\aion\20260902_115957\runs\run_cantilever_beam_20260902_120404_389064_a523\Explorer\metadata_S4_dual.json,C:\dev\PIDO\IIT_PIDO\result\bench\aion\20260902_115957\runs\run_cantilever_beam_20260902_120404_389064_a523\Explorer\artifacts\public\S4_dual\selected_bounds.json,C:\dev\PIDO\IIT_PIDO\result\bench\aion\20260902_115957\runs\run_cantilever_beam_20260902_120404_389064_a523
4,4,cantilever_beam,3042,S4_dual,S4_dual,min,,,off,114.66,score_goal,92.77388195171453,92.77388195171453,False,True,True,92.77388195171451,False,True,True,False,False,60,5,0.7884121745507885,0.0,,0.0737990465713238,0.1377887788778878,0,0,0,0,0,0,,,False,False,nan,LCB,True,51,60,True,True,"[""h1"", ""b1"", ""b2"", ""H""]",4,4,0,100.0,True,0.24990000000000004,24.990000000000006,True,True,True,True,True,C:\dev\PIDO\IIT_PIDO\result\bench\aion\20260902_115957\runs\run_cantilever_beam_20260902_120547_807592_9e14\OPT\artifacts\public\opt_results.csv,C:\dev\PIDO\IIT_PIDO\result\bench\aion\20260902_115957\runs\run_cantilever_beam_20260902_120547_807592_9e14\OPT\metadata.json,C:\dev\PIDO\IIT_PIDO\result\bench\aion\20260902_115957\runs\run_cantilever_beam_20260902_120547_807592_9e14\Explorer\metadata_S4_dual.json,C:\dev\PIDO\IIT_PIDO\result\bench\aion\20260902_115957\runs\run_cantilever_beam_20260902_120547_807592_9e14\Explorer\artifacts\public\S4_dual\selected_bounds.json,C:\dev\PIDO\IIT_PIDO\result\bench\aion\20260902_115957\runs\run_cantilever_beam_20260902_120547_807592_9e14
5,5,cantilever_beam,4042,S4_dual,S4_dual,min,,,off,114.66,score_goal,92.91026408609896,92.91026408609896,False,True,True,92.91026408609896,False,True,True,False,False,60,2,0.7884121745507885,0.0,,0.0737990465713238,0.1377887788778878,0,0,0,0,0,0,,,False,False,nan,LCB,True,52,60,True,True,"[""h1"", ""b1"", ""b2"", ""H""]",4,4,0,100.0,True,0.24989999999999996,24.989999999999995,True,True,True,True,True,C:\dev\PIDO\IIT_PIDO\result\bench\aion\20260902_115957\runs\run_cantilever_beam_20260902_120755_495136_100e\OPT\artifacts\public\opt_results.csv,C:\dev\PIDO\IIT_PIDO\result\bench\aion\20260902_115957\runs\run_cantilever_beam_20260902_120755_495136_100e\OPT\metadata.json,C:\dev\PIDO\IIT_PIDO\result\bench\aion\20260902_115957\runs\run_cantilever_beam_20260902_120755_495136_100e\Explorer\metadata_S4_dual.json,C:\dev\PIDO\IIT_PIDO\result\bench\aion\20260902_115957\runs\run_cantilever_beam_20260902_120755_495136_100e\Explorer\artifacts\public\S4_dual\selected_bounds.json,C:\dev\PIDO\IIT_PIDO\result\bench\aion\20260902_115957\runs\run_cantilever_beam_20260902_120755_495136_100e
6,6,cantilever_beam,5042,S4_dual,S4_dual,min,,,off,114.66,score_goal,92.80544145547863,92.80544145547863,False,True,True,92.80544145547864,False,True,True,False,False,60,2,0.7884121745507885,0.0,,0.0737990465713238,0.1377887788778878,0,0,0,0,0,0,,,False,False,nan,LCB,True,42,60,True,True,"[""h1"", ""b1"", ""b2"", ""H""]",4,4,0,100.0,True,0.24989999999999996,24.989999999999995,True,True,True,True,True,C:\dev\PIDO\IIT_PIDO\result\bench\aion\20260902_115957\runs\run_cantilever_beam_20260902_120945_508580_e5d9\OPT\artifacts\public\opt_results.csv,C:\dev\PIDO\IIT_PIDO\result\bench\aion\20260902_115957\runs\run_cantilever_beam_20260902_120945_508580_e5d9\OPT\metadata.json,C:\dev\PIDO\IIT_PIDO\result\bench\aion\20260902_115957\runs\run_cantilever_beam_20260902_120945_508580_e5d9\Explorer\metadata_S4_dual.json,C:\dev\PIDO\IIT_PIDO\result\bench\aion\20260902_115957\runs\run_cantilever_beam_20260902_120945_508580_e5d9\Explorer\artifacts\public\S4_dual\selected_bounds.json,C:\dev\PIDO\IIT_PIDO\result\bench\aion\20260902_115957\runs\run_cantilever_beam_20260902_120945_508580_e5d9
7,7,cantilever_beam,6042,S4_dual,S4_dual,min,,,off,114.66,score_goal,92.98153440461147,92.98153440461147,False,True,True,92.98153440461148,False,True,True,False,False,60,8,0.7884121745507885,0.0,,0.0737990465713238,0.1377887788778878,0,0,0,0,0,0,,,False,False,nan,LCB,True,37,60,True,True,"[""b1"", ""h1"", ""b2"", ""H""]",4,4,0,100.0,True,0.24989999999999984,24.989999999999984,True,True,True,True,True,C:\dev\PIDO\IIT_PIDO\result\bench\aion\20260902_115957\runs\run_cantilever_beam_20260902_121208_026121_47a3\OPT\artifacts\public\opt_results.csv,C:\dev\PIDO\IIT_PIDO\result\bench\aion\20260902_115957\runs\run_cantilever_beam_20260902_121208_026121_47a3\OPT\metadata.json,C:\dev\PIDO\IIT_PIDO\result\bench\aion\20260902_115957\runs\run_cantilever_beam_20260902_121208_026121_47a3\Explorer\metadata_S4_dual.json,C:\dev\PIDO\IIT_PIDO\result\bench\aion\20260902_115957\runs\run_cantilever_beam_20260902_121208_026121_47a3\Explorer\artifacts\public\S4_dual\selected_bounds.json,C:\dev\PIDO\IIT_PIDO\result\bench\aion\20260902_115957\runs\run_cantilever_beam_20260902_121208_026121_47a3
8,8,cantilever_beam,7042,S4_dual,S4_dual,min,,,off,114.66,score_goal,92.77572949982388,92.77572949982388,False,True,True,92.77572949982388,False,True,True,False,False,60,3,0.7884121745507885,0.0,,0.0737990465713238,0.1377887788778878,0,0,0,0,0,0,,,False,False,nan,LCB,True,43,60,True,True,"[""h1"", ""b1"", ""b2"", ""H""]",4,4,0,100.0,True,0.24989999999999993,24.98999999999999,True,True,True,True,True,C:\dev\PIDO\IIT_PIDO\result\bench\aion\20260902_115957\runs\run_cantilever_beam_20260902_121439_605478_3b2b\OPT\artifacts\public\opt_results.csv,C:\dev\PIDO\IIT_PIDO\result\bench\aion\20260902_115957\runs\run_cantilever_beam_20260902_121439_605478_3b2b\OPT\metadata.json,C:\dev\PIDO\IIT_PIDO\result\bench\aion\20260902_115957\runs\run_cantilever_beam_20260902_121439_605478_3b2b\Explorer\metadata_S4_dual.json,C:\dev\PIDO\IIT_PIDO\result\bench\aion\20260902_115957\runs\run_cantilever_beam_20260902_121439_605478_3b2b\Explorer\artifacts\public\S4_dual\selected_bounds.json,C:\dev\PIDO\IIT_PIDO\result\bench\aion\20260902_115957\runs\run_cantilever_beam_20260902_121439_605478_3b2b
9,9,cantilever_beam,8042,S4_dual,S4_dual,min,,,off,114.66,score_goal,94.39091074004365,94.39091074004365,False,True,True,94.39091074004364,False,True,True,False,False,60,8,0.7884121745507885,0.0,,0.0737990465713238,0.1377887788778878,0,0,0,0,0,0,,,False,False,nan,LCB,True,24,60,True,True,"[""h1"", ""b1"", ""b2"", ""H""]",4,4,0,100.0,True,0.24989999999999993,24.98999999999999,True,True,True,True,True,C:\dev\PIDO\IIT_PIDO\result\bench\aion\20260902_115957\runs\run_cantilever_beam_20260902_121718_873368_4c9a\OPT\artifacts\public\opt_results.csv,C:\dev\PIDO\IIT_PIDO\result\bench\aion\20260902_115957\runs\run_cantilever_beam_20260902_121718_873368_4c9a\OPT\metadata.json,C:\dev\PIDO\IIT_PIDO\result\bench\aion\20260902_115957\runs\run_cantilever_beam_20260902_121718_873368_4c9a\Explorer\metadata_S4_dual.json,C:\dev\PIDO\IIT_PIDO\result\bench\aion\20260902_115957\runs\run_cantilever_beam_20260902_121718_873368_4c9a\Explorer\artifacts\public\S4_dual\selected_bounds.json,C:\dev\PIDO\IIT_PIDO\result\bench\aion\20260902_115957\runs\run_cantilever_beam_20260902_121718_873368_4c9a
10,10,cantilever_beam,9042,S4_dual,S4_dual,min,,,off,114.66,score_goal,92.89378368803438,92.89378368803438,False,True,True,92.89378368803438,False,True,True,False,False,60,7,0.7884121745507885,0.0,,0.0737990465713238,0.1377887788778878,0,0,0,0,0,0,,,False,False,nan,LCB,True,17,60,True,True,"[""h1"", ""b1"", ""b2"", ""H""]",4,4,0,100.0,True,0.2498999999999999,24.98999999999999,True,True,True,True,True,C:\dev\PIDO\IIT_PIDO\result\bench\aion\20260902_115957\runs\run_cantilever_beam_20260902_121932_191096_4e97\OPT\artifacts\public\opt_results.csv,C:\dev\PIDO\IIT_PIDO\result\bench\aion\20260902_115957\runs\run_cantilever_beam_20260902_121932_191096_4e97\OPT\metadata.json,C:\dev\PIDO\IIT_PIDO\result\bench\aion\20260902_115957\runs\run_cantilever_beam_20260902_121932_191096_4e97\Explorer\metadata_S4_dual.json,C:\dev\PIDO\IIT_PIDO\result\bench\aion\20260902_115957\runs\run_cantilever_beam_20260902_121932_191096_4e97\Explorer\artifacts\public\S4_dual\selected_bounds.json,C:\dev\PIDO\IIT_PIDO\result\bench\aion\20260902_115957\runs\run_cantilever_beam_20260902_121932_191096_4e97
11,11,cantilever_beam,10042,S4_dual,S4_dual,min,,,off,114.66,score_goal,94.17866598834945,94.17866598834945,False,True,True,94.17866598834944,False,True,True,False,False,60,2,0.8662305436498985,0.0,,0.0270697044890593,0.1066997518610421,0,0,0,0,0,0,,,False,False,nan,LCB,True,6,60,True,True,"[""h1"", ""b1"", ""b2"", ""H""]",4,4,0,100.0,True,0.24989999999999996,24.989999999999995,True,True,True,True,True,C:\dev\PIDO\IIT_PIDO\result\bench\aion\20260902_115957\runs\run_cantilever_beam_20260902_122204_675104_d27c\OPT\artifacts\public\opt_results.csv,C:\dev\PIDO\IIT_PIDO\result\bench\aion\20260902_115957\runs\run_cantilever_beam_20260902_122204_675104_d27c\OPT\metadata.json,C:\dev\PIDO\IIT_PIDO\result\bench\aion\20260902_115957\runs\run_cantilever_beam_20260902_122204_675104_d27c\Explorer\metadata_S4_dual.json,C:\dev\PIDO\IIT_PIDO\result\bench\aion\20260902_115957\runs\run_cantilever_beam_20260902_122204_675104_d27c\Explorer\artifacts\public\S4_dual\selected_bounds.json,C:\dev\PIDO\IIT_PIDO\result\bench\aion\20260902_115957\runs\run_cantilever_beam_20260902_122204_675104_d27c
12,12,cantilever_beam,11042,S4_dual,S4_dual,min,,,off,114.66,score_goal,97.33470902522511,97.33470902522511,False,True,True,97.33470902522512,False,True,True,False,False,60,5,0.7884121745507885,0.0,,0.0737990465713238,0.1377887788778878,0,0,0,0,0,0,,,False,False,nan,LCB,True,12,60,True,True,"[""h1"", ""b2"", ""b1"", ""H""]",4,4,0,100.0,True,0.24989999999999993,24.98999999999999,True,True,True,True,True,C:\dev\PIDO\IIT_PIDO\result\bench\aion\20260902_115957\runs\run_cantilever_beam_20260902_122439_443334_8793\OPT\artifacts\public\opt_results.csv,C:\dev\PIDO\IIT_PIDO\result\bench\aion\20260902_115957\runs\run_cantilever_beam_20260902_122439_443334_8793\OPT\metadata.json,C:\dev\PIDO\IIT_PIDO\result\bench\aion\20260902_115957\runs\run_cantilever_beam_20260902_122439_443334_8793\Explorer\metadata_S4_dual.json,C:\dev\PIDO\IIT_PIDO\result\bench\aion\20260902_115957\runs\run_cantilever_beam_20260902_122439_443334_8793\Explorer\artifacts\public\S4_dual\selected_bounds.json,C:\dev\PIDO\IIT_PIDO\result\bench\aion\20260902_115957\runs\run_cantilever_beam_20260902_122439_443334_8793
13,13,cantilever_beam,12042,S4_dual,S4_dual,min,,,off,114.66,score_goal,134.15457952288273,134.15457952288273,False,False,False,134.15457952288273,False,False,False,False,False,59,8,0.7884121745507885,0.0,,0.0737990465713238,0.1377887788778878,0,0,0,0,0,0,,,False,False,nan,LCB,True,41,60,True,True,"[""h1"", ""b1"", ""b2"", ""H""]",4,4,0,100.0,False,0.2499,24.990000000000002,True,False,False,False,False,C:\dev\PIDO\IIT_PIDO\result\bench\aion\20260902_115957\runs\run_cantilever_beam_20260902_122630_238473_fb08\OPT\artifacts\public\opt_results.csv,C:\dev\PIDO\IIT_PIDO\result\bench\aion\20260902_115957\runs\run_cantilever_beam_20260902_122630_238473_fb08\OPT\metadata.json,C:\dev\PIDO\IIT_PIDO\result\bench\aion\20260902_115957\runs\run_cantilever_beam_20260902_122630_238473_fb08\Explorer\metadata_S4_dual.json,C:\dev\PIDO\IIT_PIDO\result\bench\aion\20260902_115957\runs\run_cantilever_beam_20260902_122630_238473_fb08\Explorer\artifacts\public\S4_dual\selected_bounds.json,C:\dev\PIDO\IIT_PIDO\result\bench\aion\20260902_115957\runs\run_cantilever_beam_20260902_122630_238473_fb08
14,14,cantilever_beam,13042,S4_dual,S4_dual,min,,,off,114.66,score_goal,93.80508265297276,93.80508265297276,False,True,True,93.80508265297276,False,True,True,False,False,60,12,0.8727272727272728,0.0,,0.0272727272727272,0.1,0,0,0,0,0,0,,,False,False,nan,EI,False,0,60,True,True,"[""h1"", ""b1"", ""b2"", ""H""]",4,4,0,100.0,True,0.2498999999999999,24.98999999999999,True,True,True,True,True,C:\dev\PIDO\IIT_PIDO\result\bench\aion\20260902_115957\runs\run_cantilever_beam_20260902_122845_172065_970e\OPT\artifacts\public\opt_results.csv,C:\dev\PIDO\IIT_PIDO\result\bench\aion\20260902_115957\runs\run_cantilever_beam_20260902_122845_172065_970e\OPT\metadata.json,C:\dev\PIDO\IIT_PIDO\result\bench\aion\20260902_115957\runs\run_cantilever_beam_20260902_122845_172065_970e\Explorer\metadata_S4_dual.json,C:\dev\PIDO\IIT_PIDO\result\bench\aion\20260902_115957\runs\run_cantilever_beam_20260902_122845_172065_970e\Explorer\artifacts\public\S4_dual\selected_bounds.json,C:\dev\PIDO\IIT_PIDO\result\bench\aion\20260902_115957\runs\run_cantilever_beam_20260902_122845_172065_970e
15,15,cantilever_beam,14042,S4_dual,S4_dual,min,,,off,114.66,score_goal,93.15407817823089,93.15407817823089,False,True,True,93.15407817823088,False,True,True,False,False,60,9,0.7884121745507885,0.0,,0.0737990465713238,0.1377887788778878,0,0,0,0,0,0,,,False,False,nan,LCB,True,35,60,True,True,"[""b1"", ""h1"", ""b2"", ""H""]",4,4,0,100.0,True,0.2499,24.990000000000002,True,True,True,True,True,C:\dev\PIDO\IIT_PIDO\result\bench\aion\20260902_115957\runs\run_cantilever_beam_20260902_123119_852847_8ed0\OPT\artifacts\public\opt_results.csv,C:\dev\PIDO\IIT_PIDO\result\bench\aion\20260902_115957\runs\run_cantilever_beam_20260902_123119_852847_8ed0\OPT\metadata.json,C:\dev\PIDO\IIT_PIDO\result\bench\aion\20260902_115957\runs\run_cantilever_beam_20260902_123119_852847_8ed0\Explorer\metadata_S4_dual.json,C:\dev\PIDO\IIT_PIDO\result\bench\aion\20260902_115957\runs\run_cantilever_beam_20260902_123119_852847_8ed0\Explorer\artifacts\public\S4_dual\selected_bounds.json,C:\dev\PIDO\IIT_PIDO\result\bench\aion\20260902_115957\runs\run_cantilever_beam_20260902_123119_852847_8ed0
16,16,cantilever_beam,15042,S4_dual,S4_dual,min,,,off,114.66,score_goal,93.186506449043,93.186506449043,False,True,True,93.186506449043,False,True,True,False,False,60,2,0.7884121745507885,0.0,,0.0737990465713238,0.1377887788778878,0,0,0,0,0,0,,,False,False,nan,LCB,True,32,60,True,True,"[""h1"", ""b2"", ""b1"", ""H""]",4,4,0,100.0,True,0.24989999999999998,24.99,True,True,True,True,True,C:\dev\PIDO\IIT_PIDO\result\bench\aion\20260902_115957\runs\run_cantilever_beam_20260902_123343_500568_f72b\OPT\artifacts\public\opt_results.csv,C:\dev\PIDO\IIT_PIDO\result\bench\aion\20260902_115957\runs\run_cantilever_beam_20260902_123343_500568_f72b\OPT\metadata.json,C:\dev\PIDO\IIT_PIDO\result\bench\aion\20260902_115957\runs\run_cantilever_beam_20260902_123343_500568_f72b\Explorer\metadata_S4_dual.json,C:\dev\PIDO\IIT_PIDO\result\bench\aion\20260902_115957\runs\run_cantilever_beam_20260902_123343_500568_f72b\Explorer\artifacts\public\S4_dual\selected_bounds.json,C:\dev\PIDO\IIT_PIDO\result\bench\aion\20260902_115957\runs\run_cantilever_beam_20260902_123343_500568_f72b
17,17,cantilever_beam,16042,S4_dual,S4_dual,min,,,off,114.66,score_goal,94.10026979896062,94.10026979896062,False,True,True,94.10026979896062,False,True,True,False,False,60,5,0.8662305436498985,0.0,,0.0270697044890593,0.1066997518610421,0,0,0,0,0,0,,,False,False,nan,LCB,True,3,60,True,True,"[""b1"", ""h1"", ""b2"", ""H""]",4,4,0,100.0,True,0.2498999999999999,24.98999999999999,True,True,True,True,True,C:\dev\PIDO\IIT_PIDO\result\bench\aion\20260902_115957\runs\run_cantilever_beam_20260902_123550_514318_0f86\OPT\artifacts\public\opt_results.csv,C:\dev\PIDO\IIT_PIDO\result\bench\aion\20260902_115957\runs\run_cantilever_beam_20260902_123550_514318_0f86\OPT\metadata.json,C:\dev\PIDO\IIT_PIDO\result\bench\aion\20260902_115957\runs\run_cantilever_beam_20260902_123550_514318_0f86\Explorer\metadata_S4_dual.json,C:\dev\PIDO\IIT_PIDO\result\bench\aion\20260902_115957\runs\run_cantilever_beam_20260902_123550_514318_0f86\Explorer\artifacts\public\S4_dual\selected_bounds.json,C:\dev\PIDO\IIT_PIDO\result\bench\aion\20260902_115957\runs\run_cantilever_beam_20260902_123550_514318_0f86
18,18,cantilever_beam,17042,S4_dual,S4_dual,min,,,off,114.66,score_goal,92.98382295143759,92.98382295143759,False,True,True,92.9838229514376,False,True,True,False,False,60,1,0.7884121745507885,0.0,,0.0737990465713238,0.1377887788778878,0,0,0,0,0,0,,,False,False,nan,LCB,True,56,60,True,True,"[""h1"", ""b1"", ""b2"", ""H""]",4,4,0,100.0,True,0.24989999999999996,24.989999999999995,True,True,True,True,True,C:\dev\PIDO\IIT_PIDO\result\bench\aion\20260902_115957\runs\run_cantilever_beam_20260902_123816_890642_39a6\OPT\artifacts\public\opt_results.csv,C:\dev\PIDO\IIT_PIDO\result\bench\aion\20260902_115957\runs\run_cantilever_beam_20260902_123816_890642_39a6\OPT\metadata.json,C:\dev\PIDO\IIT_PIDO\result\bench\aion\20260902_115957\runs\run_cantilever_beam_20260902_123816_890642_39a6\Explorer\metadata_S4_dual.json,C:\dev\PIDO\IIT_PIDO\result\bench\aion\20260902_115957\runs\run_cantilever_beam_20260902_123816_890642_39a6\Explorer\artifacts\public\S4_dual\selected_bounds.json,C:\dev\PIDO\IIT_PIDO\result\bench\aion\20260902_115957\runs\run_cantilever_beam_20260902_123816_890642_39a6
19,19,cantilever_beam,18042,S4_dual,S4_dual,min,,,off,114.66,score_goal,93.3880134879685,93.3880134879685,False,True,True,93.3880134879685,False,True,True,False,False,60,5,0.8662305436498985,0.0,,0.0270697044890593,0.1066997518610421,0,0,0,0,0,0,,,False,False,nan,LCB,True,3,60,True,True,"[""h1"", ""b1"", ""b2"", ""H""]",4,4,0,100.0,True,0.2499,24.990000000000002,True,True,True,True,True,C:\dev\PIDO\IIT_PIDO\result\bench\aion\20260902_115957\runs\run_cantilever_beam_20260902_124103_339903_fc72\OPT\artifacts\public\opt_results.csv,C:\dev\PIDO\IIT_PIDO\result\bench\aion\20260902_115957\runs\run_cantilever_beam_20260902_124103_339903_fc72\OPT\metadata.json,C:\dev\PIDO\IIT_PIDO\result\bench\aion\20260902_115957\runs\run_cantilever_beam_20260902_124103_339903_fc72\Explorer\metadata_S4_dual.json,C:\dev\PIDO\IIT_PIDO\result\bench\aion\20260902_115957\runs\run_cantilever_beam_20260902_124103_339903_fc72\Explorer\artifacts\public\S4_dual\selected_bounds.json,C:\dev\PIDO\IIT_PIDO\result\bench\aion\20260902_115957\runs\run_cantilever_beam_20260902_124103_339903_fc72
20,20,cantilever_beam,19042,S4_dual,S4_dual,min,,,off,114.66,score_goal,93.4154992984191,93.4154992984191,False,True,True,93.4154992984191,False,True,True,False,False,60,4,0.7884121745507885,0.0,,0.0737990465713238,0.1377887788778878,0,0,0,0,0,0,,,False,False,nan,LCB,True,23,60,True,True,"[""h1"", ""b1"", ""b2"", ""H""]",4,4,0,100.0,False,0.2498999999999998,24.98999999999998,True,False,False,False,False,C:\dev\PIDO\IIT_PIDO\result\bench\aion\20260902_115957\runs\run_cantilever_beam_20260902_124315_444064_7e3b\OPT\artifacts\public\opt_results.csv,C:\dev\PIDO\IIT_PIDO\result\bench\aion\20260902_115957\runs\run_cantilever_beam_20260902_124315_444064_7e3b\OPT\metadata.json,C:\dev\PIDO\IIT_PIDO\result\bench\aion\20260902_115957\runs\run_cantilever_beam_20260902_124315_444064_7e3b\Explorer\metadata_S4_dual.json,C:\dev\PIDO\IIT_PIDO\result\bench\aion\20260902_115957\runs\run_cantilever_beam_20260902_124315_444064_7e3b\Explorer\artifacts\public\S4_dual\selected_bounds.json,C:\dev\PIDO\IIT_PIDO\result\bench\aion\20260902_115957\runs\run_cantilever_beam_20260902_124315_444064_7e3b
21,21,cantilever_beam,20042,S4_dual,S4_dual,min,,,off,114.66,score_goal,93.0044533474778,93.0044533474778,False,True,True,93.0044533474778,False,True,True,False,False,60,3,0.7884121745507885,0.0,,0.0737990465713238,0.1377887788778878,0,0,0,0,0,0,,,False,False,nan,LCB,True,27,60,True,True,"[""h1"", ""b1"", ""b2"", ""H""]",4,4,0,100.0,True,0.24989999999999998,24.99,True,True,True,True,True,C:\dev\PIDO\IIT_PIDO\result\bench\aion\20260902_115957\runs\run_cantilever_beam_20260902_124547_331927_1a18\OPT\artifacts\public\opt_results.csv,C:\dev\PIDO\IIT_PIDO\result\bench\aion\20260902_115957\runs\run_cantilever_beam_20260902_124547_331927_1a18\OPT\metadata.json,C:\dev\PIDO\IIT_PIDO\result\bench\aion\20260902_115957\runs\run_cantilever_beam_20260902_124547_331927_1a18\Explorer\metadata_S4_dual.json,C:\dev\PIDO\IIT_PIDO\result\bench\aion\20260902_115957\runs\run_cantilever_beam_20260902_124547_331927_1a18\Explorer\artifacts\public\S4_dual\selected_bounds.json,C:\dev\PIDO\IIT_PIDO\result\bench\aion\20260902_115957\runs\run_cantilever_beam_20260902_124547_331927_1a18
22,22,cantilever_beam,21042,S4_dual,S4_dual,min,,,off,114.66,score_goal,93.44954099865164,93.44954099865164,False,True,True,93.44954099865164,False,True,True,False,False,60,6,0.8451465493943935,0.0,,0.029481856374223,0.1253715942313834,0,0,0,0,0,0,,,False,False,nan,LCB,True,7,60,True,True,"[""h1"", ""b1"", ""b2"", ""H""]",4,4,0,100.0,True,0.24989999999999993,24.98999999999999,True,True,True,True,True,C:\dev\PIDO\IIT_PIDO\result\bench\aion\20260902_115957\runs\run_cantilever_beam_20260902_124802_751680_231c\OPT\artifacts\public\opt_results.csv,C:\dev\PIDO\IIT_PIDO\result\bench\aion\20260902_115957\runs\run_cantilever_beam_20260902_124802_751680_231c\OPT\metadata.json,C:\dev\PIDO\IIT_PIDO\result\bench\aion\20260902_115957\runs\run_cantilever_beam_20260902_124802_751680_231c\Explorer\metadata_S4_dual.json,C:\dev\PIDO\IIT_PIDO\result\bench\aion\20260902_115957\runs\run_cantilever_beam_20260902_124802_751680_231c\Explorer\artifacts\public\S4_dual\selected_bounds.json,C:\dev\PIDO\IIT_PIDO\result\bench\aion\20260902_115957\runs\run_cantilever_beam_20260902_124802_751680_231c
23,23,cantilever_beam,22042,S4_dual,S4_dual,min,,,off,114.66,score_goal,92.80580611189507,92.80580611189507,False,True,True,92.80580611189508,False,True,True,False,False,60,4,0.7884121745507885,0.0,,0.0737990465713238,0.1377887788778878,0,0,0,0,0,0,,,False,False,nan,LCB,True,27,60,True,True,"[""h1"", ""b1"", ""b2"", ""H""]",4,4,0,100.0,True,0.2498999999999999,24.98999999999999,True,True,True,True,True,C:\dev\PIDO\IIT_PIDO\result\bench\aion\20260902_115957\runs\run_cantilever_beam_20260902_125005_444513_7d9e\OPT\artifacts\public\opt_results.csv,C:\dev\PIDO\IIT_PIDO\result\bench\aion\20260902_115957\runs\run_cantilever_beam_20260902_125005_444513_7d9e\OPT\metadata.json,C:\dev\PIDO\IIT_PIDO\result\bench\aion\20260902_115957\runs\run_cantilever_beam_20260902_125005_444513_7d9e\Explorer\metadata_S4_dual.json,C:\dev\PIDO\IIT_PIDO\result\bench\aion\20260902_115957\runs\run_cantilever_beam_20260902_125005_444513_7d9e\Explorer\artifacts\public\S4_dual\selected_bounds.json,C:\dev\PIDO\IIT_PIDO\result\bench\aion\20260902_115957\runs\run_cantilever_beam_20260902_125005_444513_7d9e
24,24,cantilever_beam,23042,S4_dual,S4_dual,min,,,off,114.66,score_goal,93.15334702007173,93.15334702007173,False,True,True,93.15334702007172,False,True,True,False,False,60,3,0.7884121745507885,0.0,,0.0737990465713238,0.1377887788778878,0,0,0,0,0,0,,,False,False,nan,LCB,True,49,60,True,True,"[""h1"", ""b1"", ""b2"", ""H""]",4,4,0,100.0,True,0.24989999999999993,24.98999999999999,True,True,True,True,True,C:\dev\PIDO\IIT_PIDO\result\bench\aion\20260902_115957\runs\run_cantilever_beam_20260902_125240_207046_8a64\OPT\artifacts\public\opt_results.csv,C:\dev\PIDO\IIT_PIDO\result\bench\aion\20260902_115957\runs\run_cantilever_beam_20260902_125240_207046_8a64\OPT\metadata.json,C:\dev\PIDO\IIT_PIDO\result\bench\aion\20260902_115957\runs\run_cantilever_beam_20260902_125240_207046_8a64\Explorer\metadata_S4_dual.json,C:\dev\PIDO\IIT_PIDO\result\bench\aion\20260902_115957\runs\run_cantilever_beam_20260902_125240_207046_8a64\Explorer\artifacts\public\S4_dual\selected_bounds.json,C:\dev\PIDO\IIT_PIDO\result\bench\aion\20260902_115957\runs\run_cantilever_beam_20260902_125240_207046_8a64
25,25,cantilever_beam,24042,S4_dual,S4_dual,min,,,off,114.66,score_goal,92.80767526845688,92.80767526845688,False,True,True,92.80767526845688,False,True,True,False,False,60,5,0.7884121745507885,0.0,,0.0737990465713238,0.1377887788778878,0,0,0,0,0,0,,,False,False,nan,LCB,True,33,60,True,True,"[""h1"", ""b1"", ""b2"", ""H""]",4,4,0,100.0,True,0.24989999999999998,24.99,True,True,True,True,True,C:\dev\PIDO\IIT_PIDO\result\bench\aion\20260902_115957\runs\run_cantilever_beam_20260902_125502_832910_f765\OPT\artifacts\public\opt_results.csv,C:\dev\PIDO\IIT_PIDO\result\bench\aion\20260902_115957\runs\run_cantilever_beam_20260902_125502_832910_f765\OPT\metadata.json,C:\dev\PIDO\IIT_PIDO\result\bench\aion\20260902_115957\runs\run_cantilever_beam_20260902_125502_832910_f765\Explorer\metadata_S4_dual.json,C:\dev\PIDO\IIT_PIDO\result\bench\aion\20260902_115957\runs\run_cantilever_beam_20260902_125502_832910_f765\Explorer\artifacts\public\S4_dual\selected_bounds.json,C:\dev\PIDO\IIT_PIDO\result\bench\aion\20260902_115957\runs\run_cantilever_beam_20260902_125502_832910_f765
26,1,rosenbrock,43,S4_dual,S4_dual,min,,,off,1.2,score_goal,1.0009391813980428,1.0009391813980428,False,True,True,1.0009391813980428,False,True,True,False,False,1050,20,0.2512871287128713,0.62,0.0,0.0198019801980198,0.1089108910891089,7,22,0,0,0,1,,0.9466731516946538,False,False,normal,MEAN,False,0,1050,True,True,"[""x4"", ""x3"", ""x2"", ""x1"", ""x5""]",5,5,0,100.0,True,0.2498999999999997,24.98999999999997,True,True,True,True,True,C:\dev\PIDO\IIT_PIDO\result\bench\aion\20260902_115957\runs\run_rosenbrock_20260902_125759_289120_3b73\OPT\artifacts\public\opt_results.csv,C:\dev\PIDO\IIT_PIDO\result\bench\aion\20260902_115957\runs\run_rosenbrock_20260902_125759_289120_3b73\OPT\metadata.json,C:\dev\PIDO\IIT_PIDO\result\bench\aion\20260902_115957\runs\run_rosenbrock_20260902_125759_289120_3b73\Explorer\metadata_S4_dual.json,C:\dev\PIDO\IIT_PIDO\result\bench\aion\20260902_115957\runs\run_rosenbrock_20260902_125759_289120_3b73\Explorer\artifacts\public\S4_dual\selected_bounds.json,C:\dev\PIDO\IIT_PIDO\result\bench\aion\20260902_115957\runs\run_rosenbrock_20260902_125759_289120_3b73
27,2,rosenbrock,1043,S4_dual,S4_dual,min,,,off,1.2,score_goal,1.034833966860419,1.034833966860419,False,True,True,1.034833966860419,False,True,True,False,False,1050,34,0.2512871287128713,0.62,0.0,0.0198019801980198,0.1089108910891089,7,19,0,0,1,3,,0.7499917107395433,False,False,normal,MEAN,False,0,1050,True,True,"[""x4"", ""x2"", ""x3"", ""x1"", ""x5""]",5,5,0,100.0,True,0.24989999999999984,24.989999999999984,True,True,True,True,True,C:\dev\PIDO\IIT_PIDO\result\bench\aion\20260902_115957\runs\run_rosenbrock_20260902_131427_447720_e533\OPT\artifacts\public\opt_results.csv,C:\dev\PIDO\IIT_PIDO\result\bench\aion\20260902_115957\runs\run_rosenbrock_20260902_131427_447720_e533\OPT\metadata.json,C:\dev\PIDO\IIT_PIDO\result\bench\aion\20260902_115957\runs\run_rosenbrock_20260902_131427_447720_e533\Explorer\metadata_S4_dual.json,C:\dev\PIDO\IIT_PIDO\result\bench\aion\20260902_115957\runs\run_rosenbrock_20260902_131427_447720_e533\Explorer\artifacts\public\S4_dual\selected_bounds.json,C:\dev\PIDO\IIT_PIDO\result\bench\aion\20260902_115957\runs\run_rosenbrock_20260902_131427_447720_e533
28,3,rosenbrock,2043,S4_dual,S4_dual,min,,,off,1.2,score_goal,1.0044480550868995,1.0044480550868995,False,True,True,1.0044480550868995,False,True,True,False,False,1050,36,0.2512871287128713,0.62,0.0,0.0198019801980198,0.1089108910891089,8,22,0,0,0,0,,0.8676513833239881,False,False,normal,MEAN,False,0,1050,True,True,"[""x3"", ""x4"", ""x2"", ""x1"", ""x5""]",5,5,0,100.0,True,0.24989999999999996,24.989999999999995,True,True,True,True,True,C:\dev\PIDO\IIT_PIDO\result\bench\aion\20260902_115957\runs\run_rosenbrock_20260902_133012_930469_a06d\OPT\artifacts\public\opt_results.csv,C:\dev\PIDO\IIT_PIDO\result\bench\aion\20260902_115957\runs\run_rosenbrock_20260902_133012_930469_a06d\OPT\metadata.json,C:\dev\PIDO\IIT_PIDO\result\bench\aion\20260902_115957\runs\run_rosenbrock_20260902_133012_930469_a06d\Explorer\metadata_S4_dual.json,C:\dev\PIDO\IIT_PIDO\result\bench\aion\20260902_115957\runs\run_rosenbrock_20260902_133012_930469_a06d\Explorer\artifacts\public\S4_dual\selected_bounds.json,C:\dev\PIDO\IIT_PIDO\result\bench\aion\20260902_115957\runs\run_rosenbrock_20260902_133012_930469_a06d
29,4,rosenbrock,3043,S4_dual,S4_dual,min,,,off,1.2,score_goal,1.0148488876639659,1.0148488876639659,False,True,True,1.014848887663966,False,True,True,False,False,1050,32,0.2709090909090909,0.62,0.0,0.0181818181818181,0.0909090909090909,0,0,0,0,0,1,,0.9612531801858424,False,False,normal,MEAN,False,0,1050,True,True,"[""x3"", ""x4"", ""x2"", ""x1"", ""x5""]",5,5,0,100.0,True,0.24989999999999968,24.989999999999966,True,True,True,True,True,C:\dev\PIDO\IIT_PIDO\result\bench\aion\20260902_115957\runs\run_rosenbrock_20260902_134549_033376_5fd2\OPT\artifacts\public\opt_results.csv,C:\dev\PIDO\IIT_PIDO\result\bench\aion\20260902_115957\runs\run_rosenbrock_20260902_134549_033376_5fd2\OPT\metadata.json,C:\dev\PIDO\IIT_PIDO\result\bench\aion\20260902_115957\runs\run_rosenbrock_20260902_134549_033376_5fd2\Explorer\metadata_S4_dual.json,C:\dev\PIDO\IIT_PIDO\result\bench\aion\20260902_115957\runs\run_rosenbrock_20260902_134549_033376_5fd2\Explorer\artifacts\public\S4_dual\selected_bounds.json,C:\dev\PIDO\IIT_PIDO\result\bench\aion\20260902_115957\runs\run_rosenbrock_20260902_134549_033376_5fd2
30,5,rosenbrock,4043,S4_dual,S4_dual,min,,,off,1.2,score_goal,1.003612737333364,1.003612737333364,False,True,True,1.003612737333364,False,True,True,False,False,1050,13,0.2709090909090909,0.62,0.0,0.0181818181818181,0.0909090909090909,0,0,0,0,0,1,,1.0083989938779894,False,False,normal,MEAN,False,0,1050,True,True,"[""x3"", ""x4"", ""x2"", ""x1"", ""x5""]",5,5,0,100.0,True,0.24989999999999984,24.989999999999984,True,True,True,True,True,C:\dev\PIDO\IIT_PIDO\result\bench\aion\20260902_115957\runs\run_rosenbrock_20260902_140312_465225_ee87\OPT\artifacts\public\opt_results.csv,C:\dev\PIDO\IIT_PIDO\result\bench\aion\20260902_115957\runs\run_rosenbrock_20260902_140312_465225_ee87\OPT\metadata.json,C:\dev\PIDO\IIT_PIDO\result\bench\aion\20260902_115957\runs\run_rosenbrock_20260902_140312_465225_ee87\Explorer\metadata_S4_dual.json,C:\dev\PIDO\IIT_PIDO\result\bench\aion\20260902_115957\runs\run_rosenbrock_20260902_140312_465225_ee87\Explorer\artifacts\public\S4_dual\selected_bounds.json,C:\dev\PIDO\IIT_PIDO\result\bench\aion\20260902_115957\runs\run_rosenbrock_20260902_140312_465225_ee87
31,6,rosenbrock,5043,S4_dual,S4_dual,min,,,off,1.2,score_goal,1.0254714149954374,1.0254714149954374,False,True,True,1.0254714149954374,False,True,True,False,False,1050,28,0.2512871287128713,0.62,0.0,0.0198019801980198,0.1089108910891089,7,20,0,0,0,3,,0.991043565396012,False,False,normal,MEAN,False,0,1050,True,True,"[""x2"", ""x4"", ""x3"", ""x1"", ""x5""]",5,5,0,100.0,True,0.24989999999999982,24.98999999999998,True,True,True,True,True,C:\dev\PIDO\IIT_PIDO\result\bench\aion\20260902_115957\runs\run_rosenbrock_20260902_141912_359365_80d1\OPT\artifacts\public\opt_results.csv,C:\dev\PIDO\IIT_PIDO\result\bench\aion\20260902_115957\runs\run_rosenbrock_20260902_141912_359365_80d1\OPT\metadata.json,C:\dev\PIDO\IIT_PIDO\result\bench\aion\20260902_115957\runs\run_rosenbrock_20260902_141912_359365_80d1\Explorer\metadata_S4_dual.json,C:\dev\PIDO\IIT_PIDO\result\bench\aion\20260902_115957\runs\run_rosenbrock_20260902_141912_359365_80d1\Explorer\artifacts\public\S4_dual\selected_bounds.json,C:\dev\PIDO\IIT_PIDO\result\bench\aion\20260902_115957\runs\run_rosenbrock_20260902_141912_359365_80d1
32,7,rosenbrock,6043,S4_dual,S4_dual,min,,,off,1.2,score_goal,1.0143580082163248,1.0143580082163248,False,True,True,1.0143580082163248,False,True,True,False,False,1050,10,0.2512871287128713,0.62,0.0,0.0198019801980198,0.1089108910891089,7,22,0,0,0,1,,0.868807559092545,False,False,normal,MEAN,False,0,1050,True,True,"[""x4"", ""x2"", ""x3"", ""x1"", ""x5""]",5,5,0,100.0,True,0.24989999999999984,24.989999999999984,True,True,True,True,True,C:\dev\PIDO\IIT_PIDO\result\bench\aion\20260902_115957\runs\run_rosenbrock_20260902_143603_927455_65a3\OPT\artifacts\public\opt_results.csv,C:\dev\PIDO\IIT_PIDO\result\bench\aion\20260902_115957\runs\run_rosenbrock_20260902_143603_927455_65a3\OPT\metadata.json,C:\dev\PIDO\IIT_PIDO\result\bench\aion\20260902_115957\runs\run_rosenbrock_20260902_143603_927455_65a3\Explorer\metadata_S4_dual.json,C:\dev\PIDO\IIT_PIDO\result\bench\aion\20260902_115957\runs\run_rosenbrock_20260902_143603_927455_65a3\Explorer\artifacts\public\S4_dual\selected_bounds.json,C:\dev\PIDO\IIT_PIDO\result\bench\aion\20260902_115957\runs\run_rosenbrock_20260902_143603_927455_65a3
33,8,rosenbrock,7043,S4_dual,S4_dual,min,,,off,1.2,score_goal,1.007367015189023,1.007367015189023,False,True,True,1.007367015189023,False,True,True,False,False,1050,13,0.19,0.78,0.0,0.0,0.03,0,0,0,0,0,1,,0.858625696845607,False,False,normal,MEAN,True,34,1050,True,True,"[""x3"", ""x4"", ""x2"", ""x1"", ""x5""]",5,5,0,100.0,True,0.24989999999999982,24.98999999999998,True,True,True,True,True,C:\dev\PIDO\IIT_PIDO\result\bench\aion\20260902_115957\runs\run_rosenbrock_20260902_145140_794688_495b\OPT\artifacts\public\opt_results.csv,C:\dev\PIDO\IIT_PIDO\result\bench\aion\20260902_115957\runs\run_rosenbrock_20260902_145140_794688_495b\OPT\metadata.json,C:\dev\PIDO\IIT_PIDO\result\bench\aion\20260902_115957\runs\run_rosenbrock_20260902_145140_794688_495b\Explorer\metadata_S4_dual.json,C:\dev\PIDO\IIT_PIDO\result\bench\aion\20260902_115957\runs\run_rosenbrock_20260902_145140_794688_495b\Explorer\artifacts\public\S4_dual\selected_bounds.json,C:\dev\PIDO\IIT_PIDO\result\bench\aion\20260902_115957\runs\run_rosenbrock_20260902_145140_794688_495b
34,9,rosenbrock,8043,S4_dual,S4_dual,min,,,off,1.2,score_goal,1.0015660710169962,1.0015660710169962,False,True,True,1.0015660710169962,False,True,True,False,False,1050,40,0.2709090909090909,0.62,0.0,0.0181818181818181,0.0909090909090909,8,19,0,0,0,3,,1.019343020696951,False,False,normal,MEAN,False,0,1050,True,True,"[""x2"", ""x4"", ""x3"", ""x1"", ""x5""]",5,5,0,100.0,True,0.24989999999999996,24.989999999999995,True,True,True,True,True,C:\dev\PIDO\IIT_PIDO\result\bench\aion\20260902_115957\runs\run_rosenbrock_20260902_150717_916638_e4bd\OPT\artifacts\public\opt_results.csv,C:\dev\PIDO\IIT_PIDO\result\bench\aion\20260902_115957\runs\run_rosenbrock_20260902_150717_916638_e4bd\OPT\metadata.json,C:\dev\PIDO\IIT_PIDO\result\bench\aion\20260902_115957\runs\run_rosenbrock_20260902_150717_916638_e4bd\Explorer\metadata_S4_dual.json,C:\dev\PIDO\IIT_PIDO\result\bench\aion\20260902_115957\runs\run_rosenbrock_20260902_150717_916638_e4bd\Explorer\artifacts\public\S4_dual\selected_bounds.json,C:\dev\PIDO\IIT_PIDO\result\bench\aion\20260902_115957\runs\run_rosenbrock_20260902_150717_916638_e4bd
35,10,rosenbrock,9043,S4_dual,S4_dual,min,,,off,1.2,score_goal,1.0023911779149832,1.0023911779149832,False,True,True,1.0023911779149832,False,True,True,False,False,1050,12,0.2709090909090909,0.62,0.0,0.0181818181818181,0.0909090909090909,1,0,0,0,0,0,,0.8502734599784958,False,False,normal,MEAN,False,0,1050,True,True,"[""x3"", ""x2"", ""x4"", ""x1"", ""x5""]",5,5,0,100.0,True,0.2498999999999998,24.98999999999998,True,True,True,True,True,C:\dev\PIDO\IIT_PIDO\result\bench\aion\20260902_115957\runs\run_rosenbrock_20260902_152354_931196_ab66\OPT\artifacts\public\opt_results.csv,C:\dev\PIDO\IIT_PIDO\result\bench\aion\20260902_115957\runs\run_rosenbrock_20260902_152354_931196_ab66\OPT\metadata.json,C:\dev\PIDO\IIT_PIDO\result\bench\aion\20260902_115957\runs\run_rosenbrock_20260902_152354_931196_ab66\Explorer\metadata_S4_dual.json,C:\dev\PIDO\IIT_PIDO\result\bench\aion\20260902_115957\runs\run_rosenbrock_20260902_152354_931196_ab66\Explorer\artifacts\public\S4_dual\selected_bounds.json,C:\dev\PIDO\IIT_PIDO\result\bench\aion\20260902_115957\runs\run_rosenbrock_20260902_152354_931196_ab66
36,1,goldstein_price,44,S4_dual,S4_dual,min,,,off,3.6,score_goal,3.000087895426947,3.000087895426947,False,True,True,3.000087895426947,False,True,True,False,False,350,6,0.22,0.78,0.0,0.0,0.0,5,20,0,5,0,0,,2.8892591560265823,False,False,normal,LCB,True,7,350,True,True,"[""x2"", ""x1""]",2,2,0,100.0,True,0.2498999999999997,24.98999999999997,True,True,True,True,True,C:\dev\PIDO\IIT_PIDO\result\bench\aion\20260902_115957\runs\run_goldstein_price_20260902_154007_702347_ba4d\OPT\artifacts\public\opt_results.csv,C:\dev\PIDO\IIT_PIDO\result\bench\aion\20260902_115957\runs\run_goldstein_price_20260902_154007_702347_ba4d\OPT\metadata.json,C:\dev\PIDO\IIT_PIDO\result\bench\aion\20260902_115957\runs\run_goldstein_price_20260902_154007_702347_ba4d\Explorer\metadata_S4_dual.json,C:\dev\PIDO\IIT_PIDO\result\bench\aion\20260902_115957\runs\run_goldstein_price_20260902_154007_702347_ba4d\Explorer\artifacts\public\S4_dual\selected_bounds.json,C:\dev\PIDO\IIT_PIDO\result\bench\aion\20260902_115957\runs\run_goldstein_price_20260902_154007_702347_ba4d
37,2,goldstein_price,1044,S4_dual,S4_dual,min,,,off,3.6,score_goal,3.00003388261136,3.00003388261136,False,True,True,3.00003388261136,False,True,True,False,False,350,6,0.22,0.78,0.0,0.0,0.0,5,20,0,5,0,0,,2.831688672959692,False,False,normal,LCB,True,4,350,True,True,"[""x2"", ""x1""]",2,2,0,100.0,True,0.24989999999999982,24.98999999999998,True,True,True,True,True,C:\dev\PIDO\IIT_PIDO\result\bench\aion\20260902_115957\runs\run_goldstein_price_20260902_154312_376544_c4d1\OPT\artifacts\public\opt_results.csv,C:\dev\PIDO\IIT_PIDO\result\bench\aion\20260902_115957\runs\run_goldstein_price_20260902_154312_376544_c4d1\OPT\metadata.json,C:\dev\PIDO\IIT_PIDO\result\bench\aion\20260902_115957\runs\run_goldstein_price_20260902_154312_376544_c4d1\Explorer\metadata_S4_dual.json,C:\dev\PIDO\IIT_PIDO\result\bench\aion\20260902_115957\runs\run_goldstein_price_20260902_154312_376544_c4d1\Explorer\artifacts\public\S4_dual\selected_bounds.json,C:\dev\PIDO\IIT_PIDO\result\bench\aion\20260902_115957\runs\run_goldstein_price_20260902_154312_376544_c4d1
38,3,goldstein_price,2044,S4_dual,S4_dual,min,,,off,3.6,score_goal,3.0000137661169908,3.0000137661169908,False,True,True,3.0000137661169908,False,True,True,False,False,350,9,0.22,0.78,0.0,0.0,0.0,7,23,0,0,0,0,,2.9698692162722864,False,False,normal,LCB,True,3,350,True,True,"[""x2"", ""x1""]",2,2,0,100.0,True,0.2499,24.990000000000002,True,True,True,True,True,C:\dev\PIDO\IIT_PIDO\result\bench\aion\20260902_115957\runs\run_goldstein_price_20260902_154554_360158_b8d0\OPT\artifacts\public\opt_results.csv,C:\dev\PIDO\IIT_PIDO\result\bench\aion\20260902_115957\runs\run_goldstein_price_20260902_154554_360158_b8d0\OPT\metadata.json,C:\dev\PIDO\IIT_PIDO\result\bench\aion\20260902_115957\runs\run_goldstein_price_20260902_154554_360158_b8d0\Explorer\metadata_S4_dual.json,C:\dev\PIDO\IIT_PIDO\result\bench\aion\20260902_115957\runs\run_goldstein_price_20260902_154554_360158_b8d0\Explorer\artifacts\public\S4_dual\selected_bounds.json,C:\dev\PIDO\IIT_PIDO\result\bench\aion\20260902_115957\runs\run_goldstein_price_20260902_154554_360158_b8d0
39,4,goldstein_price,3044,S4_dual,S4_dual,min,,,off,3.6,score_goal,3.0000882757803797,3.0000882757803797,False,True,True,3.00008827578038,False,True,True,False,False,350,8,0.22,0.78,0.0,0.0,0.0,5,20,0,5,0,0,,2.7709729067872457,False,False,normal,LCB,True,5,350,True,True,"[""x2"", ""x1""]",2,2,0,100.0,True,0.2498999999999998,24.98999999999998,True,True,True,True,True,C:\dev\PIDO\IIT_PIDO\result\bench\aion\20260902_115957\runs\run_goldstein_price_20260902_154856_302362_b928\OPT\artifacts\public\opt_results.csv,C:\dev\PIDO\IIT_PIDO\result\bench\aion\20260902_115957\runs\run_goldstein_price_20260902_154856_302362_b928\OPT\metadata.json,C:\dev\PIDO\IIT_PIDO\result\bench\aion\20260902_115957\runs\run_goldstein_price_20260902_154856_302362_b928\Explorer\metadata_S4_dual.json,C:\dev\PIDO\IIT_PIDO\result\bench\aion\20260902_115957\runs\run_goldstein_price_20260902_154856_302362_b928\Explorer\artifacts\public\S4_dual\selected_bounds.json,C:\dev\PIDO\IIT_PIDO\result\bench\aion\20260902_115957\runs\run_goldstein_price_20260902_154856_302362_b928
40,5,goldstein_price,4044,S4_dual,S4_dual,min,,,off,3.6,score_goal,3.000455440405392,3.000455440405392,False,True,True,3.000455440405392,False,True,True,False,False,350,6,0.22,0.78,0.0,0.0,0.0,5,20,0,5,0,0,,3.057396856326119,False,False,normal,LCB,True,4,350,True,True,"[""x2"", ""x1""]",2,2,0,100.0,True,0.24989999999999996,24.989999999999995,True,True,True,True,True,C:\dev\PIDO\IIT_PIDO\result\bench\aion\20260902_115957\runs\run_goldstein_price_20260902_155151_212627_29fd\OPT\artifacts\public\opt_results.csv,C:\dev\PIDO\IIT_PIDO\result\bench\aion\20260902_115957\runs\run_goldstein_price_20260902_155151_212627_29fd\OPT\metadata.json,C:\dev\PIDO\IIT_PIDO\result\bench\aion\20260902_115957\runs\run_goldstein_price_20260902_155151_212627_29fd\Explorer\metadata_S4_dual.json,C:\dev\PIDO\IIT_PIDO\result\bench\aion\20260902_115957\runs\run_goldstein_price_20260902_155151_212627_29fd\Explorer\artifacts\public\S4_dual\selected_bounds.json,C:\dev\PIDO\IIT_PIDO\result\bench\aion\20260902_115957\runs\run_goldstein_price_20260902_155151_212627_29fd
41,6,goldstein_price,5044,S4_dual,S4_dual,min,,,off,3.6,score_goal,3.000019772519148,3.000019772519148,False,True,True,3.000019772519148,False,True,True,False,False,350,7,0.2709090909090909,0.62,0.0,0.0181818181818181,0.0909090909090909,9,21,0,0,0,0,,2.969025887324534,False,False,normal,MEAN,False,0,350,True,True,"[""x2"", ""x1""]",2,2,0,100.0,True,0.2498999999999998,24.98999999999998,True,True,True,True,True,C:\dev\PIDO\IIT_PIDO\result\bench\aion\20260902_115957\runs\run_goldstein_price_20260902_155448_459911_8faf\OPT\artifacts\public\opt_results.csv,C:\dev\PIDO\IIT_PIDO\result\bench\aion\20260902_115957\runs\run_goldstein_price_20260902_155448_459911_8faf\OPT\metadata.json,C:\dev\PIDO\IIT_PIDO\result\bench\aion\20260902_115957\runs\run_goldstein_price_20260902_155448_459911_8faf\Explorer\metadata_S4_dual.json,C:\dev\PIDO\IIT_PIDO\result\bench\aion\20260902_115957\runs\run_goldstein_price_20260902_155448_459911_8faf\Explorer\artifacts\public\S4_dual\selected_bounds.json,C:\dev\PIDO\IIT_PIDO\result\bench\aion\20260902_115957\runs\run_goldstein_price_20260902_155448_459911_8faf
42,7,goldstein_price,6044,S4_dual,S4_dual,min,,,off,3.6,score_goal,3.000165944703401,3.000165944703401,False,True,True,3.000165944703401,False,True,True,False,False,350,8,0.22,0.78,0.0,0.0,0.0,5,20,0,5,0,0,,2.7843052340085475,False,False,normal,LCB,True,6,350,True,True,"[""x2"", ""x1""]",2,2,0,100.0,True,0.2498999999999999,24.98999999999999,True,True,True,True,True,C:\dev\PIDO\IIT_PIDO\result\bench\aion\20260902_115957\runs\run_goldstein_price_20260902_155808_185131_ba86\OPT\artifacts\public\opt_results.csv,C:\dev\PIDO\IIT_PIDO\result\bench\aion\20260902_115957\runs\run_goldstein_price_20260902_155808_185131_ba86\OPT\metadata.json,C:\dev\PIDO\IIT_PIDO\result\bench\aion\20260902_115957\runs\run_goldstein_price_20260902_155808_185131_ba86\Explorer\metadata_S4_dual.json,C:\dev\PIDO\IIT_PIDO\result\bench\aion\20260902_115957\runs\run_goldstein_price_20260902_155808_185131_ba86\Explorer\artifacts\public\S4_dual\selected_bounds.json,C:\dev\PIDO\IIT_PIDO\result\bench\aion\20260902_115957\runs\run_goldstein_price_20260902_155808_185131_ba86
43,8,goldstein_price,7044,S4_dual,S4_dual,min,,,off,3.6,score_goal,3.000661664173919,3.000661664173919,False,True,True,3.000661664173919,False,True,True,False,False,350,7,0.22,0.78,0.0,0.0,0.0,5,20,0,5,0,0,,2.6770524517279823,False,False,normal,LCB,True,8,350,True,True,"[""x2"", ""x1""]",2,2,0,100.0,True,0.24989999999999984,24.989999999999984,True,True,True,True,True,C:\dev\PIDO\IIT_PIDO\result\bench\aion\20260902_115957\runs\run_goldstein_price_20260902_160109_381901_00b0\OPT\artifacts\public\opt_results.csv,C:\dev\PIDO\IIT_PIDO\result\bench\aion\20260902_115957\runs\run_goldstein_price_20260902_160109_381901_00b0\OPT\metadata.json,C:\dev\PIDO\IIT_PIDO\result\bench\aion\20260902_115957\runs\run_goldstein_price_20260902_160109_381901_00b0\Explorer\metadata_S4_dual.json,C:\dev\PIDO\IIT_PIDO\result\bench\aion\20260902_115957\runs\run_goldstein_price_20260902_160109_381901_00b0\Explorer\artifacts\public\S4_dual\selected_bounds.json,C:\dev\PIDO\IIT_PIDO\result\bench\aion\20260902_115957\runs\run_goldstein_price_20260902_160109_381901_00b0
44,9,goldstein_price,8044,S4_dual,S4_dual,min,,,off,3.6,score_goal,3.000439996532158,3.000439996532158,False,True,True,3.000439996532158,False,True,True,False,False,350,9,0.22,0.78,0.0,0.0,0.0,5,20,0,5,0,0,,2.3835763724755266,False,False,normal,LCB,True,5,350,True,True,"[""x2"", ""x1""]",2,2,0,100.0,True,0.2499,24.990000000000002,True,True,True,True,True,C:\dev\PIDO\IIT_PIDO\result\bench\aion\20260902_115957\runs\run_goldstein_price_20260902_160659_441096_6500\OPT\artifacts\public\opt_results.csv,C:\dev\PIDO\IIT_PIDO\result\bench\aion\20260902_115957\runs\run_goldstein_price_20260902_160659_441096_6500\OPT\metadata.json,C:\dev\PIDO\IIT_PIDO\result\bench\aion\20260902_115957\runs\run_goldstein_price_20260902_160659_441096_6500\Explorer\metadata_S4_dual.json,C:\dev\PIDO\IIT_PIDO\result\bench\aion\20260902_115957\runs\run_goldstein_price_20260902_160659_441096_6500\Explorer\artifacts\public\S4_dual\selected_bounds.json,C:\dev\PIDO\IIT_PIDO\result\bench\aion\20260902_115957\runs\run_goldstein_price_20260902_160659_441096_6500
45,10,goldstein_price,9044,S4_dual,S4_dual,min,,,off,3.6,score_goal,3.0000414013221546,3.0000414013221546,False,True,True,3.0000414013221546,False,True,True,False,False,350,6,0.22,0.78,0.0,0.0,0.0,5,20,0,5,0,0,,2.9025016002771387,False,False,normal,LCB,True,7,350,True,True,"[""x2"", ""x1""]",2,2,0,100.0,True,0.24989999999999976,24.989999999999977,True,True,True,True,True,C:\dev\PIDO\IIT_PIDO\result\bench\aion\20260902_115957\runs\run_goldstein_price_20260902_161657_382936_da92\OPT\artifacts\public\opt_results.csv,C:\dev\PIDO\IIT_PIDO\result\bench\aion\20260902_115957\runs\run_goldstein_price_20260902_161657_382936_da92\OPT\metadata.json,C:\dev\PIDO\IIT_PIDO\result\bench\aion\20260902_115957\runs\run_goldstein_price_20260902_161657_382936_da92\Explorer\metadata_S4_dual.json,C:\dev\PIDO\IIT_PIDO\result\bench\aion\20260902_115957\runs\run_goldstein_price_20260902_161657_382936_da92\Explorer\artifacts\public\S4_dual\selected_bounds.json,C:\dev\PIDO\IIT_PIDO\result\bench\aion\20260902_115957\runs\run_goldstein_price_20260902_161657_382936_da92
46,11,goldstein_price,10044,S4_dual,S4_dual,min,,,off,3.6,score_goal,3.000066458522984,3.000066458522984,False,True,True,3.000066458522984,False,True,True,False,False,350,11,0.2709090909090909,0.62,0.0,0.0181818181818181,0.0909090909090909,0,1,0,0,0,0,,3.006060039834381,False,False,normal,MEAN,False,0,350,True,True,"[""x2"", ""x1""]",2,2,0,100.0,True,0.24989999999999982,24.98999999999998,True,True,True,True,True,C:\dev\PIDO\IIT_PIDO\result\bench\aion\20260902_115957\runs\run_goldstein_price_20260902_162615_449225_2ea2\OPT\artifacts\public\opt_results.csv,C:\dev\PIDO\IIT_PIDO\result\bench\aion\20260902_115957\runs\run_goldstein_price_20260902_162615_449225_2ea2\OPT\metadata.json,C:\dev\PIDO\IIT_PIDO\result\bench\aion\20260902_115957\runs\run_goldstein_price_20260902_162615_449225_2ea2\Explorer\metadata_S4_dual.json,C:\dev\PIDO\IIT_PIDO\result\bench\aion\20260902_115957\runs\run_goldstein_price_20260902_162615_449225_2ea2\Explorer\artifacts\public\S4_dual\selected_bounds.json,C:\dev\PIDO\IIT_PIDO\result\bench\aion\20260902_115957\runs\run_goldstein_price_20260902_162615_449225_2ea2
47,12,goldstein_price,11044,S4_dual,S4_dual,min,,,off,3.6,score_goal,3.0000028648390638,3.0000028648390638,False,True,True,3.000002864839064,False,True,True,False,False,350,7,0.16,0.84,0.0,0.0,0.0,1,0,0,0,0,0,,2.581586996178073,False,False,normal,LCB,True,10,350,True,True,"[""x2"", ""x1""]",2,2,0,100.0,True,0.24989999999999996,24.989999999999995,True,True,True,True,True,C:\dev\PIDO\IIT_PIDO\result\bench\aion\20260902_115957\runs\run_goldstein_price_20260902_163824_224529_2d80\OPT\artifacts\public\opt_results.csv,C:\dev\PIDO\IIT_PIDO\result\bench\aion\20260902_115957\runs\run_goldstein_price_20260902_163824_224529_2d80\OPT\metadata.json,C:\dev\PIDO\IIT_PIDO\result\bench\aion\20260902_115957\runs\run_goldstein_price_20260902_163824_224529_2d80\Explorer\metadata_S4_dual.json,C:\dev\PIDO\IIT_PIDO\result\bench\aion\20260902_115957\runs\run_goldstein_price_20260902_163824_224529_2d80\Explorer\artifacts\public\S4_dual\selected_bounds.json,C:\dev\PIDO\IIT_PIDO\result\bench\aion\20260902_115957\runs\run_goldstein_price_20260902_163824_224529_2d80
48,13,goldstein_price,12044,S4_dual,S4_dual,min,,,off,3.6,score_goal,3.0001755571399005,3.0001755571399005,False,True,True,3.0001755571399005,False,True,True,False,False,350,6,0.22,0.78,0.0,0.0,0.0,5,20,0,5,0,0,,2.9439787090714424,False,False,normal,LCB,True,7,350,True,True,"[""x2"", ""x1""]",2,2,0,100.0,True,0.24989999999999984,24.989999999999984,True,True,True,True,True,C:\dev\PIDO\IIT_PIDO\result\bench\aion\20260902_115957\runs\run_goldstein_price_20260902_164907_520536_dda1\OPT\artifacts\public\opt_results.csv,C:\dev\PIDO\IIT_PIDO\result\bench\aion\20260902_115957\runs\run_goldstein_price_20260902_164907_520536_dda1\OPT\metadata.json,C:\dev\PIDO\IIT_PIDO\result\bench\aion\20260902_115957\runs\run_goldstein_price_20260902_164907_520536_dda1\Explorer\metadata_S4_dual.json,C:\dev\PIDO\IIT_PIDO\result\bench\aion\20260902_115957\runs\run_goldstein_price_20260902_164907_520536_dda1\Explorer\artifacts\public\S4_dual\selected_bounds.json,C:\dev\PIDO\IIT_PIDO\result\bench\aion\20260902_115957\runs\run_goldstein_price_20260902_164907_520536_dda1
49,14,goldstein_price,13044,S4_dual,S4_dual,min,,,off,3.6,score_goal,3.000047043847305,3.000047043847305,False,True,True,3.000047043847305,False,True,True,False,False,350,6,0.2709090909090909,0.62,0.0,0.0181818181818181,0.0909090909090909,8,19,0,0,0,3,,2.9993116656352186,False,False,normal,MEAN,False,0,350,True,True,"[""x2"", ""x1""]",2,2,0,100.0,True,0.2498999999999999,24.98999999999999,True,True,True,True,True,C:\dev\PIDO\IIT_PIDO\result\bench\aion\20260902_115957\runs\run_goldstein_price_20260902_165938_504959_84fe\OPT\artifacts\public\opt_results.csv,C:\dev\PIDO\IIT_PIDO\result\bench\aion\20260902_115957\runs\run_goldstein_price_20260902_165938_504959_84fe\OPT\metadata.json,C:\dev\PIDO\IIT_PIDO\result\bench\aion\20260902_115957\runs\run_goldstein_price_20260902_165938_504959_84fe\Explorer\metadata_S4_dual.json,C:\dev\PIDO\IIT_PIDO\result\bench\aion\20260902_115957\runs\run_goldstein_price_20260902_165938_504959_84fe\Explorer\artifacts\public\S4_dual\selected_bounds.json,C:\dev\PIDO\IIT_PIDO\result\bench\aion\20260902_115957\runs\run_goldstein_price_20260902_165938_504959_84fe
50,15,goldstein_price,14044,S4_dual,S4_dual,min,,,off,3.6,score_goal,3.000075128000542,3.000075128000542,False,True,True,3.000075128000542,False,True,True,False,False,350,5,0.16,0.84,0.0,0.0,0.0,3,22,0,5,0,0,,0.5370727872891181,False,False,normal,LCB,True,12,350,True,True,"[""x2"", ""x1""]",2,2,0,100.0,True,0.24989999999999976,24.989999999999977,True,True,True,True,True,C:\dev\PIDO\IIT_PIDO\result\bench\aion\20260902_115957\runs\run_goldstein_price_20260902_170745_572990_2fa9\OPT\artifacts\public\opt_results.csv,C:\dev\PIDO\IIT_PIDO\result\bench\aion\20260902_115957\runs\run_goldstein_price_20260902_170745_572990_2fa9\OPT\metadata.json,C:\dev\PIDO\IIT_PIDO\result\bench\aion\20260902_115957\runs\run_goldstein_price_20260902_170745_572990_2fa9\Explorer\metadata_S4_dual.json,C:\dev\PIDO\IIT_PIDO\result\bench\aion\20260902_115957\runs\run_goldstein_price_20260902_170745_572990_2fa9\Explorer\artifacts\public\S4_dual\selected_bounds.json,C:\dev\PIDO\IIT_PIDO\result\bench\aion\20260902_115957\runs\run_goldstein_price_20260902_170745_572990_2fa9
51,16,goldstein_price,15044,S4_dual,S4_dual,min,,,off,3.6,score_goal,3.0000869635858667,3.0000869635858667,False,True,True,3.0000869635858667,False,True,True,False,False,350,5,0.22,0.78,0.0,0.0,0.0,0,1,0,0,0,0,,2.9338695876756566,False,False,normal,LCB,True,8,350,True,True,"[""x2"", ""x1""]",2,2,0,100.0,True,0.2499,24.990000000000002,True,True,True,True,True,C:\dev\PIDO\IIT_PIDO\result\bench\aion\20260902_115957\runs\run_goldstein_price_20260902_171739_715945_32be\OPT\artifacts\public\opt_results.csv,C:\dev\PIDO\IIT_PIDO\result\bench\aion\20260902_115957\runs\run_goldstein_price_20260902_171739_715945_32be\OPT\metadata.json,C:\dev\PIDO\IIT_PIDO\result\bench\aion\20260902_115957\runs\run_goldstein_price_20260902_171739_715945_32be\Explorer\metadata_S4_dual.json,C:\dev\PIDO\IIT_PIDO\result\bench\aion\20260902_115957\runs\run_goldstein_price_20260902_171739_715945_32be\Explorer\artifacts\public\S4_dual\selected_bounds.json,C:\dev\PIDO\IIT_PIDO\result\bench\aion\20260902_115957\runs\run_goldstein_price_20260902_171739_715945_32be
52,17,goldstein_price,16044,S4_dual,S4_dual,min,,,off,3.6,score_goal,3.000506191288316,3.000506191288316,False,True,True,3.000506191288316,False,True,True,False,False,350,8,0.2709090909090909,0.62,0.0,0.0181818181818181,0.0909090909090909,0,0,0,0,0,1,,3.0005560004019003,False,False,normal,MEAN,False,0,350,True,True,"[""x2"", ""x1""]",2,2,0,100.0,True,0.24989999999999993,24.98999999999999,True,True,True,True,True,C:\dev\PIDO\IIT_PIDO\result\bench\aion\20260902_115957\runs\run_goldstein_price_20260902_172332_248904_e193\OPT\artifacts\public\opt_results.csv,C:\dev\PIDO\IIT_PIDO\result\bench\aion\20260902_115957\runs\run_goldstein_price_20260902_172332_248904_e193\OPT\metadata.json,C:\dev\PIDO\IIT_PIDO\result\bench\aion\20260902_115957\runs\run_goldstein_price_20260902_172332_248904_e193\Explorer\metadata_S4_dual.json,C:\dev\PIDO\IIT_PIDO\result\bench\aion\20260902_115957\runs\run_goldstein_price_20260902_172332_248904_e193\Explorer\artifacts\public\S4_dual\selected_bounds.json,C:\dev\PIDO\IIT_PIDO\result\bench\aion\20260902_115957\runs\run_goldstein_price_20260902_172332_248904_e193
53,18,goldstein_price,17044,S4_dual,S4_dual,min,,,off,3.6,score_goal,3.0004415518559324,3.0004415518559324,False,True,True,3.0004415518559324,False,True,True,False,False,350,8,0.2709090909090909,0.62,0.0,0.0181818181818181,0.0909090909090909,8,18,0,0,1,3,,2.828224425751614,False,False,normal,MEAN,False,0,350,True,True,"[""x2"", ""x1""]",2,2,0,100.0,True,0.2498999999999999,24.98999999999999,True,True,True,True,True,C:\dev\PIDO\IIT_PIDO\result\bench\aion\20260902_115957\runs\run_goldstein_price_20260902_173034_856361_19fc\OPT\artifacts\public\opt_results.csv,C:\dev\PIDO\IIT_PIDO\result\bench\aion\20260902_115957\runs\run_goldstein_price_20260902_173034_856361_19fc\OPT\metadata.json,C:\dev\PIDO\IIT_PIDO\result\bench\aion\20260902_115957\runs\run_goldstein_price_20260902_173034_856361_19fc\Explorer\metadata_S4_dual.json,C:\dev\PIDO\IIT_PIDO\result\bench\aion\20260902_115957\runs\run_goldstein_price_20260902_173034_856361_19fc\Explorer\artifacts\public\S4_dual\selected_bounds.json,C:\dev\PIDO\IIT_PIDO\result\bench\aion\20260902_115957\runs\run_goldstein_price_20260902_173034_856361_19fc
54,19,goldstein_price,18044,S4_dual,S4_dual,min,,,off,3.6,score_goal,3.0003861416405684,3.0003861416405684,False,True,True,3.0003861416405684,False,True,True,False,False,350,15,0.2709090909090909,0.62,0.0,0.0181818181818181,0.0909090909090909,8,19,0,0,0,3,,2.965124336552975,False,False,normal,MEAN,False,0,350,True,True,"[""x2"", ""x1""]",2,2,0,100.0,True,0.24989999999999996,24.989999999999995,True,True,True,True,True,C:\dev\PIDO\IIT_PIDO\result\bench\aion\20260902_115957\runs\run_goldstein_price_20260902_173442_445676_271b\OPT\artifacts\public\opt_results.csv,C:\dev\PIDO\IIT_PIDO\result\bench\aion\20260902_115957\runs\run_goldstein_price_20260902_173442_445676_271b\OPT\metadata.json,C:\dev\PIDO\IIT_PIDO\result\bench\aion\20260902_115957\runs\run_goldstein_price_20260902_173442_445676_271b\Explorer\metadata_S4_dual.json,C:\dev\PIDO\IIT_PIDO\result\bench\aion\20260902_115957\runs\run_goldstein_price_20260902_173442_445676_271b\Explorer\artifacts\public\S4_dual\selected_bounds.json,C:\dev\PIDO\IIT_PIDO\result\bench\aion\20260902_115957\runs\run_goldstein_price_20260902_173442_445676_271b
55,20,goldstein_price,19044,S4_dual,S4_dual,min,,,off,3.6,score_goal,3.000002891925203,3.000002891925203,False,True,True,3.000002891925203,False,True,True,False,False,350,9,0.16,0.84,0.0,0.0,0.0,3,22,0,5,0,0,,2.9175736759148365,False,False,normal,LCB,True,14,350,True,True,"[""x2"", ""x1""]",2,2,0,100.0,True,0.24989999999999982,24.98999999999998,True,True,True,True,True,C:\dev\PIDO\IIT_PIDO\result\bench\aion\20260902_115957\runs\run_goldstein_price_20260902_173720_045328_6c63\OPT\artifacts\public\opt_results.csv,C:\dev\PIDO\IIT_PIDO\result\bench\aion\20260902_115957\runs\run_goldstein_price_20260902_173720_045328_6c63\OPT\metadata.json,C:\dev\PIDO\IIT_PIDO\result\bench\aion\20260902_115957\runs\run_goldstein_price_20260902_173720_045328_6c63\Explorer\metadata_S4_dual.json,C:\dev\PIDO\IIT_PIDO\result\bench\aion\20260902_115957\runs\run_goldstein_price_20260902_173720_045328_6c63\Explorer\artifacts\public\S4_dual\selected_bounds.json,C:\dev\PIDO\IIT_PIDO\result\bench\aion\20260902_115957\runs\run_goldstein_price_20260902_173720_045328_6c63
56,21,goldstein_price,20044,S4_dual,S4_dual,min,,,off,3.6,score_goal,3.000593580572164,3.000593580572164,False,True,True,3.000593580572164,False,True,True,False,False,350,8,0.2709090909090909,0.62,0.0,0.0181818181818181,0.0909090909090909,9,21,0,0,0,0,,2.9929933713428625,False,False,normal,MEAN,False,0,350,True,True,"[""x2"", ""x1""]",2,2,0,100.0,True,0.24989999999999984,24.989999999999984,True,True,True,True,True,C:\dev\PIDO\IIT_PIDO\result\bench\aion\20260902_115957\runs\run_goldstein_price_20260902_173950_986606_662e\OPT\artifacts\public\opt_results.csv,C:\dev\PIDO\IIT_PIDO\result\bench\aion\20260902_115957\runs\run_goldstein_price_20260902_173950_986606_662e\OPT\metadata.json,C:\dev\PIDO\IIT_PIDO\result\bench\aion\20260902_115957\runs\run_goldstein_price_20260902_173950_986606_662e\Explorer\metadata_S4_dual.json,C:\dev\PIDO\IIT_PIDO\result\bench\aion\20260902_115957\runs\run_goldstein_price_20260902_173950_986606_662e\Explorer\artifacts\public\S4_dual\selected_bounds.json,C:\dev\PIDO\IIT_PIDO\result\bench\aion\20260902_115957\runs\run_goldstein_price_20260902_173950_986606_662e
57,22,goldstein_price,21044,S4_dual,S4_dual,min,,,off,3.6,score_goal,3.000043323068567,3.000043323068567,False,True,True,3.000043323068567,False,True,True,False,False,350,4,0.16,0.84,0.0,0.0,0.0,0,0,0,0,0,1,,2.667419543045961,False,False,normal,LCB,True,11,350,True,True,"[""x2"", ""x1""]",2,2,0,100.0,True,0.24989999999999996,24.989999999999995,True,True,True,True,True,C:\dev\PIDO\IIT_PIDO\result\bench\aion\20260902_115957\runs\run_goldstein_price_20260902_174236_248228_6633\OPT\artifacts\public\opt_results.csv,C:\dev\PIDO\IIT_PIDO\result\bench\aion\20260902_115957\runs\run_goldstein_price_20260902_174236_248228_6633\OPT\metadata.json,C:\dev\PIDO\IIT_PIDO\result\bench\aion\20260902_115957\runs\run_goldstein_price_20260902_174236_248228_6633\Explorer\metadata_S4_dual.json,C:\dev\PIDO\IIT_PIDO\result\bench\aion\20260902_115957\runs\run_goldstein_price_20260902_174236_248228_6633\Explorer\artifacts\public\S4_dual\selected_bounds.json,C:\dev\PIDO\IIT_PIDO\result\bench\aion\20260902_115957\runs\run_goldstein_price_20260902_174236_248228_6633
58,23,goldstein_price,22044,S4_dual,S4_dual,min,,,off,3.6,score_goal,3.000043484810643,3.000043484810643,False,True,True,3.000043484810643,False,True,True,False,False,350,7,0.2709090909090909,0.62,0.0,0.0181818181818181,0.0909090909090909,1,0,0,0,0,0,,1.2384982752574274,False,False,normal,MEAN,False,0,350,True,True,"[""x2"", ""x1""]",2,2,0,100.0,True,0.24989999999999993,24.98999999999999,True,True,True,True,True,C:\dev\PIDO\IIT_PIDO\result\bench\aion\20260902_115957\runs\run_goldstein_price_20260902_174505_816117_fc3c\OPT\artifacts\public\opt_results.csv,C:\dev\PIDO\IIT_PIDO\result\bench\aion\20260902_115957\runs\run_goldstein_price_20260902_174505_816117_fc3c\OPT\metadata.json,C:\dev\PIDO\IIT_PIDO\result\bench\aion\20260902_115957\runs\run_goldstein_price_20260902_174505_816117_fc3c\Explorer\metadata_S4_dual.json,C:\dev\PIDO\IIT_PIDO\result\bench\aion\20260902_115957\runs\run_goldstein_price_20260902_174505_816117_fc3c\Explorer\artifacts\public\S4_dual\selected_bounds.json,C:\dev\PIDO\IIT_PIDO\result\bench\aion\20260902_115957\runs\run_goldstein_price_20260902_174505_816117_fc3c
59,24,goldstein_price,23044,S4_dual,S4_dual,min,,,off,3.6,score_goal,3.000068015042701,3.000068015042701,False,True,True,3.000068015042701,False,True,True,False,False,350,9,0.2709090909090909,0.62,0.0,0.0181818181818181,0.0909090909090909,1,0,0,0,0,0,,2.965139213934748,False,False,normal,MEAN,False,0,350,True,True,"[""x2"", ""x1""]",2,2,0,100.0,True,0.24989999999999984,24.989999999999984,True,True,True,True,True,C:\dev\PIDO\IIT_PIDO\result\bench\aion\20260902_115957\runs\run_goldstein_price_20260902_174742_458947_ee0f\OPT\artifacts\public\opt_results.csv,C:\dev\PIDO\IIT_PIDO\result\bench\aion\20260902_115957\runs\run_goldstein_price_20260902_174742_458947_ee0f\OPT\metadata.json,C:\dev\PIDO\IIT_PIDO\result\bench\aion\20260902_115957\runs\run_goldstein_price_20260902_174742_458947_ee0f\Explorer\metadata_S4_dual.json,C:\dev\PIDO\IIT_PIDO\result\bench\aion\20260902_115957\runs\run_goldstein_price_20260902_174742_458947_ee0f\Explorer\artifacts\public\S4_dual\selected_bounds.json,C:\dev\PIDO\IIT_PIDO\result\bench\aion\20260902_115957\runs\run_goldstein_price_20260902_174742_458947_ee0f
60,25,goldstein_price,24044,S4_dual,S4_dual,min,,,off,3.6,score_goal,3.000059533165985,3.000059533165985,False,True,True,3.000059533165985,False,True,True,False,False,350,10,0.16,0.84,0.0,0.0,0.0,3,22,0,5,0,0,,2.932310631439422,False,False,normal,LCB,True,11,350,True,True,"[""x2"", ""x1""]",2,2,0,100.0,True,0.2498999999999998,24.98999999999998,True,True,True,True,True,C:\dev\PIDO\IIT_PIDO\result\bench\aion\20260902_115957\runs\run_goldstein_price_20260902_175011_362537_8543\OPT\artifacts\public\opt_results.csv,C:\dev\PIDO\IIT_PIDO\result\bench\aion\20260902_115957\runs\run_goldstein_price_20260902_175011_362537_8543\OPT\metadata.json,C:\dev\PIDO\IIT_PIDO\result\bench\aion\20260902_115957\runs\run_goldstein_price_20260902_175011_362537_8543\Explorer\metadata_S4_dual.json,C:\dev\PIDO\IIT_PIDO\result\bench\aion\20260902_115957\runs\run_goldstein_price_20260902_175011_362537_8543\Explorer\artifacts\public\S4_dual\selected_bounds.json,C:\dev\PIDO\IIT_PIDO\result\bench\aion\20260902_115957\runs\run_goldstein_price_20260902_175011_362537_8543
61,26,goldstein_price,25044,S4_dual,S4_dual,min,,,off,3.6,score_goal,3.0000736733879267,3.0000736733879267,False,True,True,3.0000736733879267,False,True,True,False,False,350,6,0.22,0.78,0.0,0.0,0.0,0,1,0,0,0,0,,2.951154856004455,False,False,normal,LCB,True,6,350,True,True,"[""x2"", ""x1""]",2,2,0,100.0,True,0.24989999999999982,24.98999999999998,True,True,True,True,True,C:\dev\PIDO\IIT_PIDO\result\bench\aion\20260902_115957\runs\run_goldstein_price_20260902_175249_782278_3fdf\OPT\artifacts\public\opt_results.csv,C:\dev\PIDO\IIT_PIDO\result\bench\aion\20260902_115957\runs\run_goldstein_price_20260902_175249_782278_3fdf\OPT\metadata.json,C:\dev\PIDO\IIT_PIDO\result\bench\aion\20260902_115957\runs\run_goldstein_price_20260902_175249_782278_3fdf\Explorer\metadata_S4_dual.json,C:\dev\PIDO\IIT_PIDO\result\bench\aion\20260902_115957\runs\run_goldstein_price_20260902_175249_782278_3fdf\Explorer\artifacts\public\S4_dual\selected_bounds.json,C:\dev\PIDO\IIT_PIDO\result\bench\aion\20260902_115957\runs\run_goldstein_price_20260902_175249_782278_3fdf
62,27,goldstein_price,26044,S4_dual,S4_dual,min,,,off,3.6,score_goal,3.000038981241631,3.000038981241631,False,True,True,3.000038981241631,False,True,True,False,False,350,7,0.16,0.84,0.0,0.0,0.0,3,22,0,5,0,0,,2.9516973058765754,False,False,normal,LCB,True,15,350,True,True,"[""x2"", ""x1""]",2,2,0,100.0,True,0.2498999999999998,24.98999999999998,True,True,True,True,True,C:\dev\PIDO\IIT_PIDO\result\bench\aion\20260902_115957\runs\run_goldstein_price_20260902_175531_080921_4d91\OPT\artifacts\public\opt_results.csv,C:\dev\PIDO\IIT_PIDO\result\bench\aion\20260902_115957\runs\run_goldstein_price_20260902_175531_080921_4d91\OPT\metadata.json,C:\dev\PIDO\IIT_PIDO\result\bench\aion\20260902_115957\runs\run_goldstein_price_20260902_175531_080921_4d91\Explorer\metadata_S4_dual.json,C:\dev\PIDO\IIT_PIDO\result\bench\aion\20260902_115957\runs\run_goldstein_price_20260902_175531_080921_4d91\Explorer\artifacts\public\S4_dual\selected_bounds.json,C:\dev\PIDO\IIT_PIDO\result\bench\aion\20260902_115957\runs\run_goldstein_price_20260902_175531_080921_4d91
63,28,goldstein_price,27044,S4_dual,S4_dual,min,,,off,3.6,score_goal,3.001462505739878,3.001462505739878,False,True,True,3.001462505739878,False,True,True,False,False,350,12,0.22,0.78,0.0,0.0,0.0,5,20,0,5,0,0,,2.820180203922216,False,False,normal,LCB,True,8,350,True,True,"[""x2"", ""x1""]",2,2,0,100.0,True,0.2498999999999998,24.98999999999998,True,True,True,True,True,C:\dev\PIDO\IIT_PIDO\result\bench\aion\20260902_115957\runs\run_goldstein_price_20260902_175821_364097_206c\OPT\artifacts\public\opt_results.csv,C:\dev\PIDO\IIT_PIDO\result\bench\aion\20260902_115957\runs\run_goldstein_price_20260902_175821_364097_206c\OPT\metadata.json,C:\dev\PIDO\IIT_PIDO\result\bench\aion\20260902_115957\runs\run_goldstein_price_20260902_175821_364097_206c\Explorer\metadata_S4_dual.json,C:\dev\PIDO\IIT_PIDO\result\bench\aion\20260902_115957\runs\run_goldstein_price_20260902_175821_364097_206c\Explorer\artifacts\public\S4_dual\selected_bounds.json,C:\dev\PIDO\IIT_PIDO\result\bench\aion\20260902_115957\runs\run_goldstein_price_20260902_175821_364097_206c
64,29,goldstein_price,28044,S4_dual,S4_dual,min,,,off,3.6,score_goal,3.0000299896419262,3.0000299896419262,False,True,True,3.0000299896419262,False,True,True,False,False,350,6,0.16,0.84,0.0,0.0,0.0,3,22,0,5,0,0,,2.951780092237754,False,False,normal,LCB,True,12,350,True,True,"[""x2"", ""x1""]",2,2,0,100.0,True,0.24989999999999993,24.98999999999999,True,True,True,True,True,C:\dev\PIDO\IIT_PIDO\result\bench\aion\20260902_115957\runs\run_goldstein_price_20260902_180102_758839_3ee3\OPT\artifacts\public\opt_results.csv,C:\dev\PIDO\IIT_PIDO\result\bench\aion\20260902_115957\runs\run_goldstein_price_20260902_180102_758839_3ee3\OPT\metadata.json,C:\dev\PIDO\IIT_PIDO\result\bench\aion\20260902_115957\runs\run_goldstein_price_20260902_180102_758839_3ee3\Explorer\metadata_S4_dual.json,C:\dev\PIDO\IIT_PIDO\result\bench\aion\20260902_115957\runs\run_goldstein_price_20260902_180102_758839_3ee3\Explorer\artifacts\public\S4_dual\selected_bounds.json,C:\dev\PIDO\IIT_PIDO\result\bench\aion\20260902_115957\runs\run_goldstein_price_20260902_180102_758839_3ee3
65,30,goldstein_price,29044,S4_dual,S4_dual,min,,,off,3.6,score_goal,3.0000604090831535,3.0000604090831535,False,True,True,3.000060409083153,False,True,True,False,False,350,11,0.22,0.78,0.0,0.0,0.0,5,20,0,5,0,0,,2.952126887335896,False,False,normal,LCB,True,5,350,True,True,"[""x2"", ""x1""]",2,2,0,100.0,True,0.24989999999999993,24.98999999999999,True,True,True,True,True,C:\dev\PIDO\IIT_PIDO\result\bench\aion\20260902_115957\runs\run_goldstein_price_20260902_180412_167007_48f7\OPT\artifacts\public\opt_results.csv,C:\dev\PIDO\IIT_PIDO\result\bench\aion\20260902_115957\runs\run_goldstein_price_20260902_180412_167007_48f7\OPT\metadata.json,C:\dev\PIDO\IIT_PIDO\result\bench\aion\20260902_115957\runs\run_goldstein_price_20260902_180412_167007_48f7\Explorer\metadata_S4_dual.json,C:\dev\PIDO\IIT_PIDO\result\bench\aion\20260902_115957\runs\run_goldstein_price_20260902_180412_167007_48f7\Explorer\artifacts\public\S4_dual\selected_bounds.json,C:\dev\PIDO\IIT_PIDO\result\bench\aion\20260902_115957\runs\run_goldstein_price_20260902_180412_167007_48f7
66,31,goldstein_price,30044,S4_dual,S4_dual,min,,,off,3.6,score_goal,3.0000868144416133,3.0000868144416133,False,True,True,3.0000868144416133,False,True,True,False,False,350,8,0.22,0.78,0.0,0.0,0.0,5,20,0,5,0,0,,2.94100995499991,False,False,normal,LCB,True,7,350,True,True,"[""x2"", ""x1""]",2,2,0,100.0,True,0.24989999999999968,24.989999999999966,True,True,True,True,True,C:\dev\PIDO\IIT_PIDO\result\bench\aion\20260902_115957\runs\run_goldstein_price_20260902_180655_627190_5631\OPT\artifacts\public\opt_results.csv,C:\dev\PIDO\IIT_PIDO\result\bench\aion\20260902_115957\runs\run_goldstein_price_20260902_180655_627190_5631\OPT\metadata.json,C:\dev\PIDO\IIT_PIDO\result\bench\aion\20260902_115957\runs\run_goldstein_price_20260902_180655_627190_5631\Explorer\metadata_S4_dual.json,C:\dev\PIDO\IIT_PIDO\result\bench\aion\20260902_115957\runs\run_goldstein_price_20260902_180655_627190_5631\Explorer\artifacts\public\S4_dual\selected_bounds.json,C:\dev\PIDO\IIT_PIDO\result\bench\aion\20260902_115957\runs\run_goldstein_price_20260902_180655_627190_5631
67,32,goldstein_price,31044,S4_dual,S4_dual,min,,,off,3.6,score_goal,3.0000246026278403,3.0000246026278403,False,True,True,3.0000246026278403,False,True,True,False,False,350,7,0.2709090909090909,0.62,0.0,0.0181818181818181,0.0909090909090909,0,1,0,0,0,0,,3.0032244531573866,False,False,normal,MEAN,False,0,350,True,True,"[""x2"", ""x1""]",2,2,0,100.0,True,0.24989999999999973,24.989999999999974,True,True,True,True,True,C:\dev\PIDO\IIT_PIDO\result\bench\aion\20260902_115957\runs\run_goldstein_price_20260902_180948_613235_2a76\OPT\artifacts\public\opt_results.csv,C:\dev\PIDO\IIT_PIDO\result\bench\aion\20260902_115957\runs\run_goldstein_price_20260902_180948_613235_2a76\OPT\metadata.json,C:\dev\PIDO\IIT_PIDO\result\bench\aion\20260902_115957\runs\run_goldstein_price_20260902_180948_613235_2a76\Explorer\metadata_S4_dual.json,C:\dev\PIDO\IIT_PIDO\result\bench\aion\20260902_115957\runs\run_goldstein_price_20260902_180948_613235_2a76\Explorer\artifacts\public\S4_dual\selected_bounds.json,C:\dev\PIDO\IIT_PIDO\result\bench\aion\20260902_115957\runs\run_goldstein_price_20260902_180948_613235_2a76
68,33,goldstein_price,32044,S4_dual,S4_dual,min,,,off,3.6,score_goal,3.0000072516490857,3.0000072516490857,False,True,True,3.0000072516490857,False,True,True,False,False,350,9,0.16,0.84,0.0,0.0,0.0,1,0,0,0,0,0,,2.60970079472129,False,False,normal,LCB,True,14,350,True,True,"[""x2"", ""x1""]",2,2,0,100.0,True,0.24989999999999984,24.989999999999984,True,True,True,True,True,C:\dev\PIDO\IIT_PIDO\result\bench\aion\20260902_115957\runs\run_goldstein_price_20260902_181212_334155_2e64\OPT\artifacts\public\opt_results.csv,C:\dev\PIDO\IIT_PIDO\result\bench\aion\20260902_115957\runs\run_goldstein_price_20260902_181212_334155_2e64\OPT\metadata.json,C:\dev\PIDO\IIT_PIDO\result\bench\aion\20260902_115957\runs\run_goldstein_price_20260902_181212_334155_2e64\Explorer\metadata_S4_dual.json,C:\dev\PIDO\IIT_PIDO\result\bench\aion\20260902_115957\runs\run_goldstein_price_20260902_181212_334155_2e64\Explorer\artifacts\public\S4_dual\selected_bounds.json,C:\dev\PIDO\IIT_PIDO\result\bench\aion\20260902_115957\runs\run_goldstein_price_20260902_181212_334155_2e64
69,34,goldstein_price,33044,S4_dual,S4_dual,min,,,off,3.6,score_goal,3.0000794281622514,3.0000794281622514,False,True,True,3.000079428162252,False,True,True,False,False,350,11,0.16,0.84,0.0,0.0,0.0,0,0,0,1,0,0,,2.971681962743192,False,False,normal,LCB,True,17,350,True,True,"[""x2"", ""x1""]",2,2,0,100.0,True,0.2498999999999998,24.98999999999998,True,True,True,True,True,C:\dev\PIDO\IIT_PIDO\result\bench\aion\20260902_115957\runs\run_goldstein_price_20260902_181447_101814_1fdc\OPT\artifacts\public\opt_results.csv,C:\dev\PIDO\IIT_PIDO\result\bench\aion\20260902_115957\runs\run_goldstein_price_20260902_181447_101814_1fdc\OPT\metadata.json,C:\dev\PIDO\IIT_PIDO\result\bench\aion\20260902_115957\runs\run_goldstein_price_20260902_181447_101814_1fdc\Explorer\metadata_S4_dual.json,C:\dev\PIDO\IIT_PIDO\result\bench\aion\20260902_115957\runs\run_goldstein_price_20260902_181447_101814_1fdc\Explorer\artifacts\public\S4_dual\selected_bounds.json,C:\dev\PIDO\IIT_PIDO\result\bench\aion\20260902_115957\runs\run_goldstein_price_20260902_181447_101814_1fdc
70,35,goldstein_price,34044,S4_dual,S4_dual,min,,,off,3.6,score_goal,3.000406168436848,3.000406168436848,False,True,True,3.000406168436848,False,True,True,False,False,350,10,0.2709090909090909,0.62,0.0,0.0181818181818181,0.0909090909090909,0,0,0,0,0,1,,2.9956921187502417,False,False,normal,MEAN,False,0,350,True,True,"[""x2"", ""x1""]",2,2,0,100.0,True,0.24989999999999998,24.99,True,True,True,True,True,C:\dev\PIDO\IIT_PIDO\result\bench\aion\20260902_115957\runs\run_goldstein_price_20260902_181717_629028_6784\OPT\artifacts\public\opt_results.csv,C:\dev\PIDO\IIT_PIDO\result\bench\aion\20260902_115957\runs\run_goldstein_price_20260902_181717_629028_6784\OPT\metadata.json,C:\dev\PIDO\IIT_PIDO\result\bench\aion\20260902_115957\runs\run_goldstein_price_20260902_181717_629028_6784\Explorer\metadata_S4_dual.json,C:\dev\PIDO\IIT_PIDO\result\bench\aion\20260902_115957\runs\run_goldstein_price_20260902_181717_629028_6784\Explorer\artifacts\public\S4_dual\selected_bounds.json,C:\dev\PIDO\IIT_PIDO\result\bench\aion\20260902_115957\runs\run_goldstein_price_20260902_181717_629028_6784
71,36,goldstein_price,35044,S4_dual,S4_dual,min,,,off,3.6,score_goal,3.000654220150457,3.000654220150457,False,True,True,3.000654220150457,False,True,True,False,False,350,9,0.2709090909090909,0.62,0.0,0.0181818181818181,0.0909090909090909,0,1,0,0,0,0,,2.989267386314964,False,False,normal,MEAN,False,0,350,True,True,"[""x2"", ""x1""]",2,2,0,100.0,True,0.2498999999999998,24.98999999999998,True,True,True,True,True,C:\dev\PIDO\IIT_PIDO\result\bench\aion\20260902_115957\runs\run_goldstein_price_20260902_181948_550055_cc6b\OPT\artifacts\public\opt_results.csv,C:\dev\PIDO\IIT_PIDO\result\bench\aion\20260902_115957\runs\run_goldstein_price_20260902_181948_550055_cc6b\OPT\metadata.json,C:\dev\PIDO\IIT_PIDO\result\bench\aion\20260902_115957\runs\run_goldstein_price_20260902_181948_550055_cc6b\Explorer\metadata_S4_dual.json,C:\dev\PIDO\IIT_PIDO\result\bench\aion\20260902_115957\runs\run_goldstein_price_20260902_181948_550055_cc6b\Explorer\artifacts\public\S4_dual\selected_bounds.json,C:\dev\PIDO\IIT_PIDO\result\bench\aion\20260902_115957\runs\run_goldstein_price_20260902_181948_550055_cc6b
72,37,goldstein_price,36044,S4_dual,S4_dual,min,,,off,3.6,score_goal,3.0001023147624215,3.0001023147624215,False,True,True,3.000102314762421,False,True,True,False,False,350,9,0.22,0.78,0.0,0.0,0.0,5,20,0,5,0,0,,2.8535117931074065,False,False,normal,LCB,True,9,350,True,True,"[""x2"", ""x1""]",2,2,0,100.0,True,0.2499,24.990000000000002,True,True,True,True,True,C:\dev\PIDO\IIT_PIDO\result\bench\aion\20260902_115957\runs\run_goldstein_price_20260902_182223_075518_5754\OPT\artifacts\public\opt_results.csv,C:\dev\PIDO\IIT_PIDO\result\bench\aion\20260902_115957\runs\run_goldstein_price_20260902_182223_075518_5754\OPT\metadata.json,C:\dev\PIDO\IIT_PIDO\result\bench\aion\20260902_115957\runs\run_goldstein_price_20260902_182223_075518_5754\Explorer\metadata_S4_dual.json,C:\dev\PIDO\IIT_PIDO\result\bench\aion\20260902_115957\runs\run_goldstein_price_20260902_182223_075518_5754\Explorer\artifacts\public\S4_dual\selected_bounds.json,C:\dev\PIDO\IIT_PIDO\result\bench\aion\20260902_115957\runs\run_goldstein_price_20260902_182223_075518_5754
73,38,goldstein_price,37044,S4_dual,S4_dual,min,,,off,3.6,score_goal,3.0000178731128746,3.0000178731128746,False,True,True,3.0000178731128746,False,True,True,False,False,350,11,0.16,0.84,0.0,0.0,0.0,3,22,0,5,0,0,,2.240958497339126,False,False,normal,LCB,True,11,350,True,True,"[""x2"", ""x1""]",2,2,0,100.0,True,0.24989999999999996,24.989999999999995,True,True,True,True,True,C:\dev\PIDO\IIT_PIDO\result\bench\aion\20260902_115957\runs\run_goldstein_price_20260902_182516_570889_46d4\OPT\artifacts\public\opt_results.csv,C:\dev\PIDO\IIT_PIDO\result\bench\aion\20260902_115957\runs\run_goldstein_price_20260902_182516_570889_46d4\OPT\metadata.json,C:\dev\PIDO\IIT_PIDO\result\bench\aion\20260902_115957\runs\run_goldstein_price_20260902_182516_570889_46d4\Explorer\metadata_S4_dual.json,C:\dev\PIDO\IIT_PIDO\result\bench\aion\20260902_115957\runs\run_goldstein_price_20260902_182516_570889_46d4\Explorer\artifacts\public\S4_dual\selected_bounds.json,C:\dev\PIDO\IIT_PIDO\result\bench\aion\20260902_115957\runs\run_goldstein_price_20260902_182516_570889_46d4
74,39,goldstein_price,38044,S4_dual,S4_dual,min,,,off,3.6,score_goal,3.000052850388443,3.000052850388443,False,True,True,3.000052850388443,False,True,True,False,False,350,8,0.2709090909090909,0.62,0.0,0.0181818181818181,0.0909090909090909,8,18,0,0,1,3,,2.8630891064220805,False,False,normal,MEAN,False,0,350,True,True,"[""x2"", ""x1""]",2,2,0,100.0,True,0.24989999999999973,24.989999999999974,True,True,True,True,True,C:\dev\PIDO\IIT_PIDO\result\bench\aion\20260902_115957\runs\run_goldstein_price_20260902_182759_229479_0950\OPT\artifacts\public\opt_results.csv,C:\dev\PIDO\IIT_PIDO\result\bench\aion\20260902_115957\runs\run_goldstein_price_20260902_182759_229479_0950\OPT\metadata.json,C:\dev\PIDO\IIT_PIDO\result\bench\aion\20260902_115957\runs\run_goldstein_price_20260902_182759_229479_0950\Explorer\metadata_S4_dual.json,C:\dev\PIDO\IIT_PIDO\result\bench\aion\20260902_115957\runs\run_goldstein_price_20260902_182759_229479_0950\Explorer\artifacts\public\S4_dual\selected_bounds.json,C:\dev\PIDO\IIT_PIDO\result\bench\aion\20260902_115957\runs\run_goldstein_price_20260902_182759_229479_0950
75,40,goldstein_price,39044,S4_dual,S4_dual,min,,,off,3.6,score_goal,3.0000376278000056,3.0000376278000056,False,True,True,3.0000376278000056,False,True,True,False,False,350,7,0.16,0.84,0.0,0.0,0.0,3,22,0,5,0,0,,2.9374483699430103,False,False,normal,LCB,True,11,350,True,True,"[""x2"", ""x1""]",2,2,0,100.0,True,0.24989999999999987,24.989999999999988,True,True,True,True,True,C:\dev\PIDO\IIT_PIDO\result\bench\aion\20260902_115957\runs\run_goldstein_price_20260902_183026_153706_2d94\OPT\artifacts\public\opt_results.csv,C:\dev\PIDO\IIT_PIDO\result\bench\aion\20260902_115957\runs\run_goldstein_price_20260902_183026_153706_2d94\OPT\metadata.json,C:\dev\PIDO\IIT_PIDO\result\bench\aion\20260902_115957\runs\run_goldstein_price_20260902_183026_153706_2d94\Explorer\metadata_S4_dual.json,C:\dev\PIDO\IIT_PIDO\result\bench\aion\20260902_115957\runs\run_goldstein_price_20260902_183026_153706_2d94\Explorer\artifacts\public\S4_dual\selected_bounds.json,C:\dev\PIDO\IIT_PIDO\result\bench\aion\20260902_115957\runs\run_goldstein_price_20260902_183026_153706_2d94
76,41,goldstein_price,40044,S4_dual,S4_dual,min,,,off,3.6,score_goal,3.000016825784451,3.000016825784451,False,True,True,3.000016825784451,False,True,True,False,False,350,10,0.22,0.78,0.0,0.0,0.0,1,0,0,0,0,0,,2.791483565012632,False,False,normal,LCB,True,8,350,True,True,"[""x2"", ""x1""]",2,2,0,100.0,True,0.24989999999999998,24.99,True,True,True,True,True,C:\dev\PIDO\IIT_PIDO\result\bench\aion\20260902_115957\runs\run_goldstein_price_20260902_183304_485356_1c39\OPT\artifacts\public\opt_results.csv,C:\dev\PIDO\IIT_PIDO\result\bench\aion\20260902_115957\runs\run_goldstein_price_20260902_183304_485356_1c39\OPT\metadata.json,C:\dev\PIDO\IIT_PIDO\result\bench\aion\20260902_115957\runs\run_goldstein_price_20260902_183304_485356_1c39\Explorer\metadata_S4_dual.json,C:\dev\PIDO\IIT_PIDO\result\bench\aion\20260902_115957\runs\run_goldstein_price_20260902_183304_485356_1c39\Explorer\artifacts\public\S4_dual\selected_bounds.json,C:\dev\PIDO\IIT_PIDO\result\bench\aion\20260902_115957\runs\run_goldstein_price_20260902_183304_485356_1c39
77,42,goldstein_price,41044,S4_dual,S4_dual,min,,,off,3.6,score_goal,3.0003701092373976,3.0003701092373976,False,True,True,3.0003701092373976,False,True,True,False,False,350,10,0.2709090909090909,0.62,0.0,0.0181818181818181,0.0909090909090909,8,19,0,0,0,3,,2.9903138592857204,False,False,normal,MEAN,False,0,350,True,True,"[""x2"", ""x1""]",2,2,0,100.0,True,0.24989999999999987,24.989999999999988,True,True,True,True,True,C:\dev\PIDO\IIT_PIDO\result\bench\aion\20260902_115957\runs\run_goldstein_price_20260902_183520_429470_f64f\OPT\artifacts\public\opt_results.csv,C:\dev\PIDO\IIT_PIDO\result\bench\aion\20260902_115957\runs\run_goldstein_price_20260902_183520_429470_f64f\OPT\metadata.json,C:\dev\PIDO\IIT_PIDO\result\bench\aion\20260902_115957\runs\run_goldstein_price_20260902_183520_429470_f64f\Explorer\metadata_S4_dual.json,C:\dev\PIDO\IIT_PIDO\result\bench\aion\20260902_115957\runs\run_goldstein_price_20260902_183520_429470_f64f\Explorer\artifacts\public\S4_dual\selected_bounds.json,C:\dev\PIDO\IIT_PIDO\result\bench\aion\20260902_115957\runs\run_goldstein_price_20260902_183520_429470_f64f
78,43,goldstein_price,42044,S4_dual,S4_dual,min,,,off,3.6,score_goal,3.000278189328798,3.000278189328798,False,True,True,3.000278189328798,False,True,True,False,False,350,9,0.22,0.78,0.0,0.0,0.0,1,0,0,0,0,0,,2.452381712228765,False,False,normal,LCB,True,4,350,True,True,"[""x2"", ""x1""]",2,2,0,100.0,True,0.2498999999999999,24.98999999999999,True,True,True,True,True,C:\dev\PIDO\IIT_PIDO\result\bench\aion\20260902_115957\runs\run_goldstein_price_20260902_183751_965296_faf1\OPT\artifacts\public\opt_results.csv,C:\dev\PIDO\IIT_PIDO\result\bench\aion\20260902_115957\runs\run_goldstein_price_20260902_183751_965296_faf1\OPT\metadata.json,C:\dev\PIDO\IIT_PIDO\result\bench\aion\20260902_115957\runs\run_goldstein_price_20260902_183751_965296_faf1\Explorer\metadata_S4_dual.json,C:\dev\PIDO\IIT_PIDO\result\bench\aion\20260902_115957\runs\run_goldstein_price_20260902_183751_965296_faf1\Explorer\artifacts\public\S4_dual\selected_bounds.json,C:\dev\PIDO\IIT_PIDO\result\bench\aion\20260902_115957\runs\run_goldstein_price_20260902_183751_965296_faf1
79,44,goldstein_price,43044,S4_dual,S4_dual,min,,,off,3.6,score_goal,3.00001542675353,3.00001542675353,False,True,True,3.00001542675353,False,True,True,False,False,350,7,0.2709090909090909,0.62,0.0,0.0181818181818181,0.0909090909090909,9,21,0,0,0,0,,3.000415312716271,False,False,normal,MEAN,False,0,350,True,True,"[""x2"", ""x1""]",2,2,0,100.0,True,0.2498999999999998,24.98999999999998,True,True,True,True,True,C:\dev\PIDO\IIT_PIDO\result\bench\aion\20260902_115957\runs\run_goldstein_price_20260902_184010_422274_ff8b\OPT\artifacts\public\opt_results.csv,C:\dev\PIDO\IIT_PIDO\result\bench\aion\20260902_115957\runs\run_goldstein_price_20260902_184010_422274_ff8b\OPT\metadata.json,C:\dev\PIDO\IIT_PIDO\result\bench\aion\20260902_115957\runs\run_goldstein_price_20260902_184010_422274_ff8b\Explorer\metadata_S4_dual.json,C:\dev\PIDO\IIT_PIDO\result\bench\aion\20260902_115957\runs\run_goldstein_price_20260902_184010_422274_ff8b\Explorer\artifacts\public\S4_dual\selected_bounds.json,C:\dev\PIDO\IIT_PIDO\result\bench\aion\20260902_115957\runs\run_goldstein_price_20260902_184010_422274_ff8b
80,45,goldstein_price,44044,S4_dual,S4_dual,min,,,off,3.6,score_goal,3.000393132430495,3.000393132430495,False,True,True,3.000393132430495,False,True,True,False,False,350,6,0.22,0.78,0.0,0.0,0.0,5,20,0,5,0,0,,2.751788323457988,False,False,normal,LCB,True,7,350,True,True,"[""x2"", ""x1""]",2,2,0,100.0,True,0.24989999999999998,24.99,True,True,True,True,True,C:\dev\PIDO\IIT_PIDO\result\bench\aion\20260902_115957\runs\run_goldstein_price_20260902_184243_366597_8d9f\OPT\artifacts\public\opt_results.csv,C:\dev\PIDO\IIT_PIDO\result\bench\aion\20260902_115957\runs\run_goldstein_price_20260902_184243_366597_8d9f\OPT\metadata.json,C:\dev\PIDO\IIT_PIDO\result\bench\aion\20260902_115957\runs\run_goldstein_price_20260902_184243_366597_8d9f\Explorer\metadata_S4_dual.json,C:\dev\PIDO\IIT_PIDO\result\bench\aion\20260902_115957\runs\run_goldstein_price_20260902_184243_366597_8d9f\Explorer\artifacts\public\S4_dual\selected_bounds.json,C:\dev\PIDO\IIT_PIDO\result\bench\aion\20260902_115957\runs\run_goldstein_price_20260902_184243_366597_8d9f
81,46,goldstein_price,45044,S4_dual,S4_dual,min,,,off,3.6,score_goal,3.0000200862144033,3.0000200862144033,False,True,True,3.0000200862144037,False,True,True,False,False,350,7,0.22,0.78,0.0,0.0,0.0,5,20,0,5,0,0,,2.9646505550951243,False,False,normal,LCB,True,6,350,True,True,"[""x2"", ""x1""]",2,2,0,100.0,True,0.2498999999999999,24.98999999999999,True,True,True,True,True,C:\dev\PIDO\IIT_PIDO\result\bench\aion\20260902_115957\runs\run_goldstein_price_20260902_184527_874564_e8a7\OPT\artifacts\public\opt_results.csv,C:\dev\PIDO\IIT_PIDO\result\bench\aion\20260902_115957\runs\run_goldstein_price_20260902_184527_874564_e8a7\OPT\metadata.json,C:\dev\PIDO\IIT_PIDO\result\bench\aion\20260902_115957\runs\run_goldstein_price_20260902_184527_874564_e8a7\Explorer\metadata_S4_dual.json,C:\dev\PIDO\IIT_PIDO\result\bench\aion\20260902_115957\runs\run_goldstein_price_20260902_184527_874564_e8a7\Explorer\artifacts\public\S4_dual\selected_bounds.json,C:\dev\PIDO\IIT_PIDO\result\bench\aion\20260902_115957\runs\run_goldstein_price_20260902_184527_874564_e8a7
82,47,goldstein_price,46044,S4_dual,S4_dual,min,,,off,3.6,score_goal,3.0002012134557967,3.0002012134557967,False,True,True,3.0002012134557967,False,True,True,False,False,350,10,0.16,0.84,0.0,0.0,0.0,4,24,0,2,0,0,,2.910866181242799,False,False,normal,LCB,True,12,350,True,True,"[""x2"", ""x1""]",2,2,0,100.0,True,0.24989999999999996,24.989999999999995,True,True,True,True,True,C:\dev\PIDO\IIT_PIDO\result\bench\aion\20260902_115957\runs\run_goldstein_price_20260902_184804_491119_8ffa\OPT\artifacts\public\opt_results.csv,C:\dev\PIDO\IIT_PIDO\result\bench\aion\20260902_115957\runs\run_goldstein_price_20260902_184804_491119_8ffa\OPT\metadata.json,C:\dev\PIDO\IIT_PIDO\result\bench\aion\20260902_115957\runs\run_goldstein_price_20260902_184804_491119_8ffa\Explorer\metadata_S4_dual.json,C:\dev\PIDO\IIT_PIDO\result\bench\aion\20260902_115957\runs\run_goldstein_price_20260902_184804_491119_8ffa\Explorer\artifacts\public\S4_dual\selected_bounds.json,C:\dev\PIDO\IIT_PIDO\result\bench\aion\20260902_115957\runs\run_goldstein_price_20260902_184804_491119_8ffa
83,48,goldstein_price,47044,S4_dual,S4_dual,min,,,off,3.6,score_goal,3.000194801595345,3.000194801595345,False,True,True,3.000194801595345,False,True,True,False,False,350,11,0.16,0.84,0.0,0.0,0.0,1,0,0,0,0,0,,0.6878712964438125,False,False,normal,LCB,True,10,350,True,True,"[""x2"", ""x1""]",2,2,0,100.0,True,0.2499,24.990000000000002,True,True,True,True,True,C:\dev\PIDO\IIT_PIDO\result\bench\aion\20260902_115957\runs\run_goldstein_price_20260902_185032_293551_8fdf\OPT\artifacts\public\opt_results.csv,C:\dev\PIDO\IIT_PIDO\result\bench\aion\20260902_115957\runs\run_goldstein_price_20260902_185032_293551_8fdf\OPT\metadata.json,C:\dev\PIDO\IIT_PIDO\result\bench\aion\20260902_115957\runs\run_goldstein_price_20260902_185032_293551_8fdf\Explorer\metadata_S4_dual.json,C:\dev\PIDO\IIT_PIDO\result\bench\aion\20260902_115957\runs\run_goldstein_price_20260902_185032_293551_8fdf\Explorer\artifacts\public\S4_dual\selected_bounds.json,C:\dev\PIDO\IIT_PIDO\result\bench\aion\20260902_115957\runs\run_goldstein_price_20260902_185032_293551_8fdf
84,49,goldstein_price,48044,S4_dual,S4_dual,min,,,off,3.6,score_goal,3.0000945025344805,3.0000945025344805,False,True,True,3.0000945025344805,False,True,True,False,False,350,8,0.22,0.78,0.0,0.0,0.0,5,20,0,5,0,0,,2.753939173015856,False,False,normal,LCB,True,4,350,True,True,"[""x2"", ""x1""]",2,2,0,100.0,True,0.24989999999999998,24.99,True,True,True,True,True,C:\dev\PIDO\IIT_PIDO\result\bench\aion\20260902_115957\runs\run_goldstein_price_20260902_185304_673401_7801\OPT\artifacts\public\opt_results.csv,C:\dev\PIDO\IIT_PIDO\result\bench\aion\20260902_115957\runs\run_goldstein_price_20260902_185304_673401_7801\OPT\metadata.json,C:\dev\PIDO\IIT_PIDO\result\bench\aion\20260902_115957\runs\run_goldstein_price_20260902_185304_673401_7801\Explorer\metadata_S4_dual.json,C:\dev\PIDO\IIT_PIDO\result\bench\aion\20260902_115957\runs\run_goldstein_price_20260902_185304_673401_7801\Explorer\artifacts\public\S4_dual\selected_bounds.json,C:\dev\PIDO\IIT_PIDO\result\bench\aion\20260902_115957\runs\run_goldstein_price_20260902_185304_673401_7801
85,50,goldstein_price,49044,S4_dual,S4_dual,min,,,off,3.6,score_goal,3.000420275286936,3.000420275286936,False,True,True,3.000420275286936,False,True,True,False,False,350,8,0.22,0.78,0.0,0.0,0.0,0,0,0,0,0,1,,2.8273504505578018,False,False,normal,LCB,True,5,350,True,True,"[""x2"", ""x1""]",2,2,0,100.0,True,0.2499,24.990000000000002,True,True,True,True,True,C:\dev\PIDO\IIT_PIDO\result\bench\aion\20260902_115957\runs\run_goldstein_price_20260902_185527_982605_49f2\OPT\artifacts\public\opt_results.csv,C:\dev\PIDO\IIT_PIDO\result\bench\aion\20260902_115957\runs\run_goldstein_price_20260902_185527_982605_49f2\OPT\metadata.json,C:\dev\PIDO\IIT_PIDO\result\bench\aion\20260902_115957\runs\run_goldstein_price_20260902_185527_982605_49f2\Explorer\metadata_S4_dual.json,C:\dev\PIDO\IIT_PIDO\result\bench\aion\20260902_115957\runs\run_goldstein_price_20260902_185527_982605_49f2\Explorer\artifacts\public\S4_dual\selected_bounds.json,C:\dev\PIDO\IIT_PIDO\result\bench\aion\20260902_115957\runs\run_goldstein_price_20260902_185527_982605_49f2
86,1,six_hump_camel,45,S4_dual,S4_dual,min,,,off,-0.86,score_goal,-1.0266642870327902,-1.0266642870327902,False,True,True,-1.0266642870327902,False,True,True,False,False,15,3,0.2148148148148148,0.62,0.0,0.02,0.1451851851851852,7,23,0,0,0,0,,-1.0286984135744903,False,False,inactive,MEAN,False,0,15,True,True,"[""x1"", ""x2""]",2,2,0,100.0,True,0.2498999999999999,24.98999999999999,True,True,True,True,True,C:\dev\PIDO\IIT_PIDO\result\bench\aion\20260902_115957\runs\run_six_hump_camel_20260902_185822_848096_54de\OPT\artifacts\public\opt_results.csv,C:\dev\PIDO\IIT_PIDO\result\bench\aion\20260902_115957\runs\run_six_hump_camel_20260902_185822_848096_54de\OPT\metadata.json,C:\dev\PIDO\IIT_PIDO\result\bench\aion\20260902_115957\runs\run_six_hump_camel_20260902_185822_848096_54de\Explorer\metadata_S4_dual.json,C:\dev\PIDO\IIT_PIDO\result\bench\aion\20260902_115957\runs\run_six_hump_camel_20260902_185822_848096_54de\Explorer\artifacts\public\S4_dual\selected_bounds.json,C:\dev\PIDO\IIT_PIDO\result\bench\aion\20260902_115957\runs\run_six_hump_camel_20260902_185822_848096_54de
87,2,six_hump_camel,1045,S4_dual,S4_dual,min,,,off,-0.86,score_goal,-0.9455709763274704,-0.9455709763274704,False,True,True,-0.9455709763274704,False,True,True,False,False,15,2,0.2199999999999999,0.78,0.0,0.0,0.0,0,1,0,0,0,0,,-0.951722728752048,False,False,inactive,LCB,True,8,15,True,True,"[""x1"", ""x2""]",2,2,0,100.0,True,0.2499,24.990000000000002,True,True,True,True,True,C:\dev\PIDO\IIT_PIDO\result\bench\aion\20260902_115957\runs\run_six_hump_camel_20260902_185914_618629_cf49\OPT\artifacts\public\opt_results.csv,C:\dev\PIDO\IIT_PIDO\result\bench\aion\20260902_115957\runs\run_six_hump_camel_20260902_185914_618629_cf49\OPT\metadata.json,C:\dev\PIDO\IIT_PIDO\result\bench\aion\20260902_115957\runs\run_six_hump_camel_20260902_185914_618629_cf49\Explorer\metadata_S4_dual.json,C:\dev\PIDO\IIT_PIDO\result\bench\aion\20260902_115957\runs\run_six_hump_camel_20260902_185914_618629_cf49\Explorer\artifacts\public\S4_dual\selected_bounds.json,C:\dev\PIDO\IIT_PIDO\result\bench\aion\20260902_115957\runs\run_six_hump_camel_20260902_185914_618629_cf49
88,3,six_hump_camel,2045,S4_dual,S4_dual,min,,,off,-0.86,score_goal,-1.0299078451125707,-1.0299078451125707,False,True,True,-1.0299078451125707,False,True,True,False,False,12,2,0.2199999999999999,0.78,0.0,0.0,0.0,7,23,0,0,0,0,,-1.03293006268715,False,False,inactive,LCB,True,3,15,True,True,"[""x2"", ""x1""]",2,2,0,100.0,True,0.24990000000000004,24.990000000000006,True,True,True,True,True,C:\dev\PIDO\IIT_PIDO\result\bench\aion\20260902_115957\runs\run_six_hump_camel_20260902_185951_629917_673a\OPT\artifacts\public\opt_results.csv,C:\dev\PIDO\IIT_PIDO\result\bench\aion\20260902_115957\runs\run_six_hump_camel_20260902_185951_629917_673a\OPT\metadata.json,C:\dev\PIDO\IIT_PIDO\result\bench\aion\20260902_115957\runs\run_six_hump_camel_20260902_185951_629917_673a\Explorer\metadata_S4_dual.json,C:\dev\PIDO\IIT_PIDO\result\bench\aion\20260902_115957\runs\run_six_hump_camel_20260902_185951_629917_673a\Explorer\artifacts\public\S4_dual\selected_bounds.json,C:\dev\PIDO\IIT_PIDO\result\bench\aion\20260902_115957\runs\run_six_hump_camel_20260902_185951_629917_673a
89,4,six_hump_camel,3045,S4_dual,S4_dual,min,,,off,-0.86,score_goal,-1.0296905911259335,-1.0296905911259335,False,True,True,-1.0296905911259335,False,True,True,False,False,13,5,0.2148148148148148,0.62,0.0,0.02,0.1451851851851852,0,1,0,0,0,0,,-1.0322197500024437,False,False,inactive,MEAN,False,0,15,True,True,"[""x1"", ""x2""]",2,2,0,100.0,True,0.24989999999999998,24.99,True,True,True,True,True,C:\dev\PIDO\IIT_PIDO\result\bench\aion\20260902_115957\runs\run_six_hump_camel_20260902_190032_025328_49c0\OPT\artifacts\public\opt_results.csv,C:\dev\PIDO\IIT_PIDO\result\bench\aion\20260902_115957\runs\run_six_hump_camel_20260902_190032_025328_49c0\OPT\metadata.json,C:\dev\PIDO\IIT_PIDO\result\bench\aion\20260902_115957\runs\run_six_hump_camel_20260902_190032_025328_49c0\Explorer\metadata_S4_dual.json,C:\dev\PIDO\IIT_PIDO\result\bench\aion\20260902_115957\runs\run_six_hump_camel_20260902_190032_025328_49c0\Explorer\artifacts\public\S4_dual\selected_bounds.json,C:\dev\PIDO\IIT_PIDO\result\bench\aion\20260902_115957\runs\run_six_hump_camel_20260902_190032_025328_49c0
90,5,six_hump_camel,4045,S4_dual,S4_dual,min,,,off,-0.86,score_goal,-0.8762550648642304,-0.8762550648642304,False,True,True,-0.8762550648642304,False,True,True,False,False,15,2,0.16,0.84,0.0,0.0,0.0,1,0,0,0,0,0,,-0.8797716664023242,False,False,inactive,LCB,True,10,15,True,True,"[""x2"", ""x1""]",2,2,0,100.0,True,0.24989999999999998,24.99,True,True,True,True,True,C:\dev\PIDO\IIT_PIDO\result\bench\aion\20260902_115957\runs\run_six_hump_camel_20260902_190110_032638_55a2\OPT\artifacts\public\opt_results.csv,C:\dev\PIDO\IIT_PIDO\result\bench\aion\20260902_115957\runs\run_six_hump_camel_20260902_190110_032638_55a2\OPT\metadata.json,C:\dev\PIDO\IIT_PIDO\result\bench\aion\20260902_115957\runs\run_six_hump_camel_20260902_190110_032638_55a2\Explorer\metadata_S4_dual.json,C:\dev\PIDO\IIT_PIDO\result\bench\aion\20260902_115957\runs\run_six_hump_camel_20260902_190110_032638_55a2\Explorer\artifacts\public\S4_dual\selected_bounds.json,C:\dev\PIDO\IIT_PIDO\result\bench\aion\20260902_115957\runs\run_six_hump_camel_20260902_190110_032638_55a2
91,6,six_hump_camel,5045,S4_dual,S4_dual,min,,,off,-0.86,score_goal,-1.0250380097254181,-1.0250380097254181,False,True,True,-1.025038009725418,False,True,True,False,False,15,6,0.2148148148148148,0.62,0.0,0.02,0.1451851851851852,7,23,0,0,0,0,,-1.0250069468907914,False,False,inactive,MEAN,False,0,15,True,True,"[""x1"", ""x2""]",2,2,0,100.0,True,0.24989999999999998,24.99,True,True,True,True,True,C:\dev\PIDO\IIT_PIDO\result\bench\aion\20260902_115957\runs\run_six_hump_camel_20260902_190148_859409_f13c\OPT\artifacts\public\opt_results.csv,C:\dev\PIDO\IIT_PIDO\result\bench\aion\20260902_115957\runs\run_six_hump_camel_20260902_190148_859409_f13c\OPT\metadata.json,C:\dev\PIDO\IIT_PIDO\result\bench\aion\20260902_115957\runs\run_six_hump_camel_20260902_190148_859409_f13c\Explorer\metadata_S4_dual.json,C:\dev\PIDO\IIT_PIDO\result\bench\aion\20260902_115957\runs\run_six_hump_camel_20260902_190148_859409_f13c\Explorer\artifacts\public\S4_dual\selected_bounds.json,C:\dev\PIDO\IIT_PIDO\result\bench\aion\20260902_115957\runs\run_six_hump_camel_20260902_190148_859409_f13c
92,7,six_hump_camel,6045,S4_dual,S4_dual,min,,,off,-0.86,score_goal,-1.0171068246432031,-1.0171068246432031,False,True,True,-1.0171068246432031,False,True,True,False,False,11,5,0.2148148148148148,0.62,0.0,0.02,0.1451851851851852,0,1,0,0,0,0,,-1.0175133836293768,False,False,inactive,MEAN,False,0,15,True,True,"[""x1"", ""x2""]",2,2,0,100.0,True,0.2499,24.990000000000002,True,True,True,True,True,C:\dev\PIDO\IIT_PIDO\result\bench\aion\20260902_115957\runs\run_six_hump_camel_20260902_190231_737722_5cbf\OPT\artifacts\public\opt_results.csv,C:\dev\PIDO\IIT_PIDO\result\bench\aion\20260902_115957\runs\run_six_hump_camel_20260902_190231_737722_5cbf\OPT\metadata.json,C:\dev\PIDO\IIT_PIDO\result\bench\aion\20260902_115957\runs\run_six_hump_camel_20260902_190231_737722_5cbf\Explorer\metadata_S4_dual.json,C:\dev\PIDO\IIT_PIDO\result\bench\aion\20260902_115957\runs\run_six_hump_camel_20260902_190231_737722_5cbf\Explorer\artifacts\public\S4_dual\selected_bounds.json,C:\dev\PIDO\IIT_PIDO\result\bench\aion\20260902_115957\runs\run_six_hump_camel_20260902_190231_737722_5cbf
93,8,six_hump_camel,7045,S4_dual,S4_dual,min,,,off,-0.86,score_goal,-1.0226801009513042,-1.0226801009513042,False,True,True,-1.0226801009513042,False,True,True,False,False,15,2,0.2148148148148148,0.62,0.0,0.02,0.1451851851851852,7,23,0,0,0,0,,-1.0838249385843983,False,False,inactive,MEAN,False,0,15,True,True,"[""x2"", ""x1""]",2,2,0,100.0,True,0.24989999999999998,24.99,True,True,True,True,True,C:\dev\PIDO\IIT_PIDO\result\bench\aion\20260902_115957\runs\run_six_hump_camel_20260902_190312_828347_563e\OPT\artifacts\public\opt_results.csv,C:\dev\PIDO\IIT_PIDO\result\bench\aion\20260902_115957\runs\run_six_hump_camel_20260902_190312_828347_563e\OPT\metadata.json,C:\dev\PIDO\IIT_PIDO\result\bench\aion\20260902_115957\runs\run_six_hump_camel_20260902_190312_828347_563e\Explorer\metadata_S4_dual.json,C:\dev\PIDO\IIT_PIDO\result\bench\aion\20260902_115957\runs\run_six_hump_camel_20260902_190312_828347_563e\Explorer\artifacts\public\S4_dual\selected_bounds.json,C:\dev\PIDO\IIT_PIDO\result\bench\aion\20260902_115957\runs\run_six_hump_camel_20260902_190312_828347_563e
94,9,six_hump_camel,8045,S4_dual,S4_dual,min,,,off,-0.86,score_goal,-1.0314172129703802,-1.0314172129703802,False,True,True,-1.0314172129703802,False,True,True,False,False,15,4,0.2199999999999999,0.78,0.0,0.0,0.0,7,23,0,0,0,0,,-1.032012434632329,False,False,inactive,LCB,True,3,15,True,True,"[""x1"", ""x2""]",2,2,0,100.0,True,0.24989999999999987,24.989999999999988,True,True,True,True,True,C:\dev\PIDO\IIT_PIDO\result\bench\aion\20260902_115957\runs\run_six_hump_camel_20260902_190350_648994_81f3\OPT\artifacts\public\opt_results.csv,C:\dev\PIDO\IIT_PIDO\result\bench\aion\20260902_115957\runs\run_six_hump_camel_20260902_190350_648994_81f3\OPT\metadata.json,C:\dev\PIDO\IIT_PIDO\result\bench\aion\20260902_115957\runs\run_six_hump_camel_20260902_190350_648994_81f3\Explorer\metadata_S4_dual.json,C:\dev\PIDO\IIT_PIDO\result\bench\aion\20260902_115957\runs\run_six_hump_camel_20260902_190350_648994_81f3\Explorer\artifacts\public\S4_dual\selected_bounds.json,C:\dev\PIDO\IIT_PIDO\result\bench\aion\20260902_115957\runs\run_six_hump_camel_20260902_190350_648994_81f3
95,10,six_hump_camel,9045,S4_dual,S4_dual,min,,,off,-0.86,score_goal,-1.0287546855069671,-1.0287546855069671,False,True,True,-1.0287546855069671,False,True,True,False,False,14,5,0.2199999999999999,0.78,0.0,0.0,0.0,5,20,0,5,0,0,,-1.0398060837277532,False,False,inactive,LCB,True,5,15,True,True,"[""x1"", ""x2""]",2,2,0,100.0,True,0.2498999999999999,24.98999999999999,True,True,True,True,True,C:\dev\PIDO\IIT_PIDO\result\bench\aion\20260902_115957\runs\run_six_hump_camel_20260902_190432_647511_bd27\OPT\artifacts\public\opt_results.csv,C:\dev\PIDO\IIT_PIDO\result\bench\aion\20260902_115957\runs\run_six_hump_camel_20260902_190432_647511_bd27\OPT\metadata.json,C:\dev\PIDO\IIT_PIDO\result\bench\aion\20260902_115957\runs\run_six_hump_camel_20260902_190432_647511_bd27\Explorer\metadata_S4_dual.json,C:\dev\PIDO\IIT_PIDO\result\bench\aion\20260902_115957\runs\run_six_hump_camel_20260902_190432_647511_bd27\Explorer\artifacts\public\S4_dual\selected_bounds.json,C:\dev\PIDO\IIT_PIDO\result\bench\aion\20260902_115957\runs\run_six_hump_camel_20260902_190432_647511_bd27
96,11,six_hump_camel,10045,S4_dual,S4_dual,min,,,off,-0.86,score_goal,-1.029853284154361,-1.029853284154361,False,True,True,-1.029853284154361,False,True,True,False,False,13,4,0.2148148148148148,0.62,0.0,0.02,0.1451851851851852,0,1,0,0,0,0,,-1.0313278619830786,False,False,inactive,MEAN,False,0,15,True,True,"[""x1"", ""x2""]",2,2,0,100.0,True,0.24989999999999996,24.989999999999995,True,True,True,True,True,C:\dev\PIDO\IIT_PIDO\result\bench\aion\20260902_115957\runs\run_six_hump_camel_20260902_190508_663450_7b6c\OPT\artifacts\public\opt_results.csv,C:\dev\PIDO\IIT_PIDO\result\bench\aion\20260902_115957\runs\run_six_hump_camel_20260902_190508_663450_7b6c\OPT\metadata.json,C:\dev\PIDO\IIT_PIDO\result\bench\aion\20260902_115957\runs\run_six_hump_camel_20260902_190508_663450_7b6c\Explorer\metadata_S4_dual.json,C:\dev\PIDO\IIT_PIDO\result\bench\aion\20260902_115957\runs\run_six_hump_camel_20260902_190508_663450_7b6c\Explorer\artifacts\public\S4_dual\selected_bounds.json,C:\dev\PIDO\IIT_PIDO\result\bench\aion\20260902_115957\runs\run_six_hump_camel_20260902_190508_663450_7b6c
97,12,six_hump_camel,11045,S4_dual,S4_dual,min,,,off,-0.86,score_goal,-1.0093639829009364,-1.0093639829009364,False,True,True,-1.0093639829009364,False,True,True,False,False,12,4,0.2148148148148148,0.62,0.0,0.02,0.1451851851851852,7,23,0,0,0,0,,-0.9959809219528872,False,False,inactive,MEAN,False,0,15,True,True,"[""x1"", ""x2""]",2,2,0,100.0,True,0.24989999999999996,24.989999999999995,True,True,True,True,True,C:\dev\PIDO\IIT_PIDO\result\bench\aion\20260902_115957\runs\run_six_hump_camel_20260902_190549_991658_e5dd\OPT\artifacts\public\opt_results.csv,C:\dev\PIDO\IIT_PIDO\result\bench\aion\20260902_115957\runs\run_six_hump_camel_20260902_190549_991658_e5dd\OPT\metadata.json,C:\dev\PIDO\IIT_PIDO\result\bench\aion\20260902_115957\runs\run_six_hump_camel_20260902_190549_991658_e5dd\Explorer\metadata_S4_dual.json,C:\dev\PIDO\IIT_PIDO\result\bench\aion\20260902_115957\runs\run_six_hump_camel_20260902_190549_991658_e5dd\Explorer\artifacts\public\S4_dual\selected_bounds.json,C:\dev\PIDO\IIT_PIDO\result\bench\aion\20260902_115957\runs\run_six_hump_camel_20260902_190549_991658_e5dd
98,13,six_hump_camel,12045,S4_dual,S4_dual,min,,,off,-0.86,score_goal,-0.8677716731081824,-0.8677716731081824,False,True,True,-0.8677716731081824,False,True,True,False,False,11,3,0.2148148148148148,0.62,0.0,0.02,0.1451851851851852,7,23,0,0,0,0,,-0.8817816367261802,False,False,inactive,MEAN,False,0,15,True,True,"[""x1"", ""x2""]",2,2,0,100.0,True,0.2499,24.990000000000002,True,True,True,True,True,C:\dev\PIDO\IIT_PIDO\result\bench\aion\20260902_115957\runs\run_six_hump_camel_20260902_190626_894718_638f\OPT\artifacts\public\opt_results.csv,C:\dev\PIDO\IIT_PIDO\result\bench\aion\20260902_115957\runs\run_six_hump_camel_20260902_190626_894718_638f\OPT\metadata.json,C:\dev\PIDO\IIT_PIDO\result\bench\aion\20260902_115957\runs\run_six_hump_camel_20260902_190626_894718_638f\Explorer\metadata_S4_dual.json,C:\dev\PIDO\IIT_PIDO\result\bench\aion\20260902_115957\runs\run_six_hump_camel_20260902_190626_894718_638f\Explorer\artifacts\public\S4_dual\selected_bounds.json,C:\dev\PIDO\IIT_PIDO\result\bench\aion\20260902_115957\runs\run_six_hump_camel_20260902_190626_894718_638f
99,14,six_hump_camel,13045,S4_dual,S4_dual,min,,,off,-0.86,score_goal,-1.0063795957795987,-1.0063795957795987,False,True,True,-1.006379595779599,False,True,True,False,False,11,3,0.2148148148148148,0.62,0.0,0.02,0.1451851851851852,1,0,0,0,0,0,,-1.0065475614273334,False,False,inactive,MEAN,False,0,15,True,True,"[""x1"", ""x2""]",2,2,0,100.0,True,0.2499,24.990000000000002,True,True,True,True,True,C:\dev\PIDO\IIT_PIDO\result\bench\aion\20260902_115957\runs\run_six_hump_camel_20260902_190705_799281_c65a\OPT\artifacts\public\opt_results.csv,C:\dev\PIDO\IIT_PIDO\result\bench\aion\20260902_115957\runs\run_six_hump_camel_20260902_190705_799281_c65a\OPT\metadata.json,C:\dev\PIDO\IIT_PIDO\result\bench\aion\20260902_115957\runs\run_six_hump_camel_20260902_190705_799281_c65a\Explorer\metadata_S4_dual.json,C:\dev\PIDO\IIT_PIDO\result\bench\aion\20260902_115957\runs\run_six_hump_camel_20260902_190705_799281_c65a\Explorer\artifacts\public\S4_dual\selected_bounds.json,C:\dev\PIDO\IIT_PIDO\result\bench\aion\20260902_115957\runs\run_six_hump_camel_20260902_190705_799281_c65a
100,15,six_hump_camel,14045,S4_dual,S4_dual,min,,,off,-0.86,score_goal,-1.031211089868618,-1.031211089868618,False,True,True,-1.031211089868618,False,True,True,False,False,15,5,0.2305660377358489,0.62,0.0,0.02,0.129433962264151,0,1,0,0,0,0,,-1.032327047773598,False,False,inactive,MEAN,False,0,15,True,True,"[""x2"", ""x1""]",2,2,0,100.0,True,0.24989999999999996,24.989999999999995,True,True,True,True,True,C:\dev\PIDO\IIT_PIDO\result\bench\aion\20260902_115957\runs\run_six_hump_camel_20260902_190742_017361_b579\OPT\artifacts\public\opt_results.csv,C:\dev\PIDO\IIT_PIDO\result\bench\aion\20260902_115957\runs\run_six_hump_camel_20260902_190742_017361_b579\OPT\metadata.json,C:\dev\PIDO\IIT_PIDO\result\bench\aion\20260902_115957\runs\run_six_hump_camel_20260902_190742_017361_b579\Explorer\metadata_S4_dual.json,C:\dev\PIDO\IIT_PIDO\result\bench\aion\20260902_115957\runs\run_six_hump_camel_20260902_190742_017361_b579\Explorer\artifacts\public\S4_dual\selected_bounds.json,C:\dev\PIDO\IIT_PIDO\result\bench\aion\20260902_115957\runs\run_six_hump_camel_20260902_190742_017361_b579
101,16,six_hump_camel,15045,S4_dual,S4_dual,min,,,off,-0.86,score_goal,-1.029057378583076,-1.029057378583076,False,True,True,-1.029057378583076,False,True,True,False,False,15,3,0.2148148148148148,0.62,0.0,0.02,0.1451851851851852,7,23,0,0,0,0,,-1.0307821529261512,False,False,inactive,MEAN,False,0,15,True,True,"[""x1"", ""x2""]",2,2,0,100.0,True,0.24990000000000007,24.990000000000006,True,True,True,True,True,C:\dev\PIDO\IIT_PIDO\result\bench\aion\20260902_115957\runs\run_six_hump_camel_20260902_190824_289915_436b\OPT\artifacts\public\opt_results.csv,C:\dev\PIDO\IIT_PIDO\result\bench\aion\20260902_115957\runs\run_six_hump_camel_20260902_190824_289915_436b\OPT\metadata.json,C:\dev\PIDO\IIT_PIDO\result\bench\aion\20260902_115957\runs\run_six_hump_camel_20260902_190824_289915_436b\Explorer\metadata_S4_dual.json,C:\dev\PIDO\IIT_PIDO\result\bench\aion\20260902_115957\runs\run_six_hump_camel_20260902_190824_289915_436b\Explorer\artifacts\public\S4_dual\selected_bounds.json,C:\dev\PIDO\IIT_PIDO\result\bench\aion\20260902_115957\runs\run_six_hump_camel_20260902_190824_289915_436b
102,17,six_hump_camel,16045,S4_dual,S4_dual,min,,,off,-0.86,score_goal,-0.9908393539732482,-0.9908393539732482,False,True,True,-0.9908393539732482,False,True,True,False,False,15,3,0.2199999999999999,0.78,0.0,0.0,0.0,5,20,0,5,0,0,,-0.1243555652258755,False,False,inactive,LCB,True,8,15,True,True,"[""x1"", ""x2""]",2,2,0,100.0,True,0.24989999999999982,24.98999999999998,True,True,True,True,True,C:\dev\PIDO\IIT_PIDO\result\bench\aion\20260902_115957\runs\run_six_hump_camel_20260902_190903_881269_f402\OPT\artifacts\public\opt_results.csv,C:\dev\PIDO\IIT_PIDO\result\bench\aion\20260902_115957\runs\run_six_hump_camel_20260902_190903_881269_f402\OPT\metadata.json,C:\dev\PIDO\IIT_PIDO\result\bench\aion\20260902_115957\runs\run_six_hump_camel_20260902_190903_881269_f402\Explorer\metadata_S4_dual.json,C:\dev\PIDO\IIT_PIDO\result\bench\aion\20260902_115957\runs\run_six_hump_camel_20260902_190903_881269_f402\Explorer\artifacts\public\S4_dual\selected_bounds.json,C:\dev\PIDO\IIT_PIDO\result\bench\aion\20260902_115957\runs\run_six_hump_camel_20260902_190903_881269_f402
103,18,six_hump_camel,17045,S4_dual,S4_dual,min,,,off,-0.86,score_goal,-1.0295579765675829,-1.0295579765675829,False,True,True,-1.0295579765675829,False,True,True,False,False,15,4,0.2148148148148148,0.62,0.0,0.02,0.1451851851851852,7,23,0,0,0,0,,-1.0287183152556143,False,False,inactive,MEAN,False,0,15,True,True,"[""x1"", ""x2""]",2,2,0,100.0,True,0.24989999999999984,24.989999999999984,True,True,True,True,True,C:\dev\PIDO\IIT_PIDO\result\bench\aion\20260902_115957\runs\run_six_hump_camel_20260902_190944_744470_45fd\OPT\artifacts\public\opt_results.csv,C:\dev\PIDO\IIT_PIDO\result\bench\aion\20260902_115957\runs\run_six_hump_camel_20260902_190944_744470_45fd\OPT\metadata.json,C:\dev\PIDO\IIT_PIDO\result\bench\aion\20260902_115957\runs\run_six_hump_camel_20260902_190944_744470_45fd\Explorer\metadata_S4_dual.json,C:\dev\PIDO\IIT_PIDO\result\bench\aion\20260902_115957\runs\run_six_hump_camel_20260902_190944_744470_45fd\Explorer\artifacts\public\S4_dual\selected_bounds.json,C:\dev\PIDO\IIT_PIDO\result\bench\aion\20260902_115957\runs\run_six_hump_camel_20260902_190944_744470_45fd
104,19,six_hump_camel,18045,S4_dual,S4_dual,min,,,off,-0.86,score_goal,-1.031137623112999,-1.031137623112999,False,True,True,-1.031137623112999,False,True,True,False,False,13,4,0.2148148148148148,0.62,0.0,0.02,0.1451851851851852,7,23,0,0,0,0,,-1.0301526013179103,False,False,inactive,MEAN,False,0,15,True,True,"[""x1"", ""x2""]",2,2,0,100.0,True,0.24989999999999996,24.989999999999995,True,True,True,True,True,C:\dev\PIDO\IIT_PIDO\result\bench\aion\20260902_115957\runs\run_six_hump_camel_20260902_191026_217293_e084\OPT\artifacts\public\opt_results.csv,C:\dev\PIDO\IIT_PIDO\result\bench\aion\20260902_115957\runs\run_six_hump_camel_20260902_191026_217293_e084\OPT\metadata.json,C:\dev\PIDO\IIT_PIDO\result\bench\aion\20260902_115957\runs\run_six_hump_camel_20260902_191026_217293_e084\Explorer\metadata_S4_dual.json,C:\dev\PIDO\IIT_PIDO\result\bench\aion\20260902_115957\runs\run_six_hump_camel_20260902_191026_217293_e084\Explorer\artifacts\public\S4_dual\selected_bounds.json,C:\dev\PIDO\IIT_PIDO\result\bench\aion\20260902_115957\runs\run_six_hump_camel_20260902_191026_217293_e084
105,20,six_hump_camel,19045,S4_dual,S4_dual,min,,,off,-0.86,score_goal,-1.0297261227271297,-1.0297261227271297,False,True,True,-1.0297261227271295,False,True,True,False,False,15,6,0.2148148148148148,0.62,0.0,0.02,0.1451851851851852,7,23,0,0,0,0,,-1.0318126629534,False,False,inactive,MEAN,False,0,15,True,True,"[""x1"", ""x2""]",2,2,0,100.0,True,0.24989999999999998,24.99,True,True,True,True,True,C:\dev\PIDO\IIT_PIDO\result\bench\aion\20260902_115957\runs\run_six_hump_camel_20260902_191106_109374_b048\OPT\artifacts\public\opt_results.csv,C:\dev\PIDO\IIT_PIDO\result\bench\aion\20260902_115957\runs\run_six_hump_camel_20260902_191106_109374_b048\OPT\metadata.json,C:\dev\PIDO\IIT_PIDO\result\bench\aion\20260902_115957\runs\run_six_hump_camel_20260902_191106_109374_b048\Explorer\metadata_S4_dual.json,C:\dev\PIDO\IIT_PIDO\result\bench\aion\20260902_115957\runs\run_six_hump_camel_20260902_191106_109374_b048\Explorer\artifacts\public\S4_dual\selected_bounds.json,C:\dev\PIDO\IIT_PIDO\result\bench\aion\20260902_115957\runs\run_six_hump_camel_20260902_191106_109374_b048
106,21,six_hump_camel,20045,S4_dual,S4_dual,min,,,off,-0.86,score_goal,-1.031359544931745,-1.031359544931745,False,True,True,-1.031359544931745,False,True,True,False,False,13,3,0.2199999999999999,0.78,0.0,0.0,0.0,0,0,0,1,0,0,,-1.0329009678676515,False,False,inactive,LCB,True,5,15,True,True,"[""x1"", ""x2""]",2,2,0,100.0,True,0.24989999999999996,24.989999999999995,True,True,True,True,True,C:\dev\PIDO\IIT_PIDO\result\bench\aion\20260902_115957\runs\run_six_hump_camel_20260902_191147_484769_c338\OPT\artifacts\public\opt_results.csv,C:\dev\PIDO\IIT_PIDO\result\bench\aion\20260902_115957\runs\run_six_hump_camel_20260902_191147_484769_c338\OPT\metadata.json,C:\dev\PIDO\IIT_PIDO\result\bench\aion\20260902_115957\runs\run_six_hump_camel_20260902_191147_484769_c338\Explorer\metadata_S4_dual.json,C:\dev\PIDO\IIT_PIDO\result\bench\aion\20260902_115957\runs\run_six_hump_camel_20260902_191147_484769_c338\Explorer\artifacts\public\S4_dual\selected_bounds.json,C:\dev\PIDO\IIT_PIDO\result\bench\aion\20260902_115957\runs\run_six_hump_camel_20260902_191147_484769_c338
107,22,six_hump_camel,21045,S4_dual,S4_dual,min,,,off,-0.86,score_goal,-1.02468715659084,-1.02468715659084,False,True,True,-1.02468715659084,False,True,True,False,False,15,3,0.2148148148148148,0.62,0.0,0.02,0.1451851851851852,7,23,0,0,0,0,,-1.0125897871244731,False,False,inactive,MEAN,False,0,15,True,True,"[""x1"", ""x2""]",2,2,0,100.0,True,0.2499,24.990000000000002,True,True,True,True,True,C:\dev\PIDO\IIT_PIDO\result\bench\aion\20260902_115957\runs\run_six_hump_camel_20260902_191223_269545_8e0d\OPT\artifacts\public\opt_results.csv,C:\dev\PIDO\IIT_PIDO\result\bench\aion\20260902_115957\runs\run_six_hump_camel_20260902_191223_269545_8e0d\OPT\metadata.json,C:\dev\PIDO\IIT_PIDO\result\bench\aion\20260902_115957\runs\run_six_hump_camel_20260902_191223_269545_8e0d\Explorer\metadata_S4_dual.json,C:\dev\PIDO\IIT_PIDO\result\bench\aion\20260902_115957\runs\run_six_hump_camel_20260902_191223_269545_8e0d\Explorer\artifacts\public\S4_dual\selected_bounds.json,C:\dev\PIDO\IIT_PIDO\result\bench\aion\20260902_115957\runs\run_six_hump_camel_20260902_191223_269545_8e0d
108,23,six_hump_camel,22045,S4_dual,S4_dual,min,,,off,-0.86,score_goal,-1.028112886796538,-1.028112886796538,False,True,True,-1.028112886796538,False,True,True,False,False,15,2,0.2199999999999999,0.78,0.0,0.0,0.0,0,1,0,0,0,0,,-1.0330820764382005,False,False,inactive,LCB,True,5,15,True,True,"[""x1"", ""x2""]",2,2,0,100.0,True,0.2498999999999999,24.98999999999999,True,True,True,True,True,C:\dev\PIDO\IIT_PIDO\result\bench\aion\20260902_115957\runs\run_six_hump_camel_20260902_191304_449387_0ab7\OPT\artifacts\public\opt_results.csv,C:\dev\PIDO\IIT_PIDO\result\bench\aion\20260902_115957\runs\run_six_hump_camel_20260902_191304_449387_0ab7\OPT\metadata.json,C:\dev\PIDO\IIT_PIDO\result\bench\aion\20260902_115957\runs\run_six_hump_camel_20260902_191304_449387_0ab7\Explorer\metadata_S4_dual.json,C:\dev\PIDO\IIT_PIDO\result\bench\aion\20260902_115957\runs\run_six_hump_camel_20260902_191304_449387_0ab7\Explorer\artifacts\public\S4_dual\selected_bounds.json,C:\dev\PIDO\IIT_PIDO\result\bench\aion\20260902_115957\runs\run_six_hump_camel_20260902_191304_449387_0ab7
109,24,six_hump_camel,23045,S4_dual,S4_dual,min,,,off,-0.86,score_goal,-1.0130093686596853,-1.0130093686596853,False,True,True,-1.0130093686596853,False,True,True,False,False,15,4,0.2148148148148148,0.62,0.0,0.02,0.1451851851851852,7,23,0,0,0,0,,-0.985660972071571,False,False,inactive,MEAN,False,0,15,True,True,"[""x1"", ""x2""]",2,2,0,100.0,True,0.2499,24.990000000000002,True,True,True,True,True,C:\dev\PIDO\IIT_PIDO\result\bench\aion\20260902_115957\runs\run_six_hump_camel_20260902_191346_372204_8870\OPT\artifacts\public\opt_results.csv,C:\dev\PIDO\IIT_PIDO\result\bench\aion\20260902_115957\runs\run_six_hump_camel_20260902_191346_372204_8870\OPT\metadata.json,C:\dev\PIDO\IIT_PIDO\result\bench\aion\20260902_115957\runs\run_six_hump_camel_20260902_191346_372204_8870\Explorer\metadata_S4_dual.json,C:\dev\PIDO\IIT_PIDO\result\bench\aion\20260902_115957\runs\run_six_hump_camel_20260902_191346_372204_8870\Explorer\artifacts\public\S4_dual\selected_bounds.json,C:\dev\PIDO\IIT_PIDO\result\bench\aion\20260902_115957\runs\run_six_hump_camel_20260902_191346_372204_8870
110,25,six_hump_camel,24045,S4_dual,S4_dual,min,,,off,-0.86,score_goal,-1.0292906111743247,-1.0292906111743247,False,True,True,-1.0292906111743247,False,True,True,False,False,13,2,0.2199999999999999,0.78,0.0,0.0,0.0,5,20,0,5,0,0,,-1.098516065566192,False,False,inactive,LCB,True,6,15,True,True,"[""x1"", ""x2""]",2,2,0,100.0,True,0.2498999999999999,24.98999999999999,True,True,True,True,True,C:\dev\PIDO\IIT_PIDO\result\bench\aion\20260902_115957\runs\run_six_hump_camel_20260902_191424_349264_43c9\OPT\artifacts\public\opt_results.csv,C:\dev\PIDO\IIT_PIDO\result\bench\aion\20260902_115957\runs\run_six_hump_camel_20260902_191424_349264_43c9\OPT\metadata.json,C:\dev\PIDO\IIT_PIDO\result\bench\aion\20260902_115957\runs\run_six_hump_camel_20260902_191424_349264_43c9\Explorer\metadata_S4_dual.json,C:\dev\PIDO\IIT_PIDO\result\bench\aion\20260902_115957\runs\run_six_hump_camel_20260902_191424_349264_43c9\Explorer\artifacts\public\S4_dual\selected_bounds.json,C:\dev\PIDO\IIT_PIDO\result\bench\aion\20260902_115957\runs\run_six_hump_camel_20260902_191424_349264_43c9
