run,repeat,problem,seed,strategy,executed_strategy,fallback_from,fallback_applied,survivor_optimum_included,optimum_hit_count,optimum_total_count,selected_feature_count,strategy_policy,modeler_selected_features,modeler_selected_real_count,modeler_selected_dummy_count,modeler_real_coverage_pct,modeler_all_real_included,modeler_all_real_only,volume_ratio,volume_ratio_pct,explorer_bounds_pass,explorer_joint_pass,explorer_metadata,selected_bounds_path,run_root,p_dim,usable_n,usable_n_over_p,doe_failure_reason,doe_config_hash,doe_budget_policy,doe_initial_corner_ratio,doe_initial_corner_ratio_base,doe_initial_corner_ratio_policy,doe_initial_corner_np_ratio,doe_initial_corner_p_dim,doe_has_pre_constraints,doe_has_post_constraints,doe_additional_triggered,doe_added_samples,doe_gate1_pass_rate,doe_gate2_pass_rate,doe_gate1_score_mean,doe_gate2_score_mean,doe_gate1_score_last,doe_gate2_score_last,doe_gate1_score_ema_mean,doe_gate2_score_ema_mean,doe_gate1_score_ema_last,doe_gate2_score_ema_last,doe_gate_decision_source_last,doe_phase2_entered,doe_used_budget_ratio_final,doe_phase2_gate1_score_min,doe_phase2_gate2_score_min,doe_phase2_gate2_score_sticky_min,doe_gate_smoothing_enabled,doe_gate_ema_alpha,doe_gate_ema_warmup_stages,doe_gate_smoothing_use_for_phase2,doe_gate_smoothing_use_for_stop,doe_collapse_span_ratio_threshold,doe_collapse_anchor_streak_threshold,doe_collapse_min_stage,doe_diversity_injection_ratio,doe_diversity_injection_min_points,doe_diversity_injection_max_ratio,doe_diversity_boundary_floor_ratio,doe_phase2_min_used_budget_ratio,doe_phase2_np_gate_last,doe_early_stop_min_used_budget_ratio,doe_early_stop_min_usable_np_ratio,doe_budget_used,doe_budget_total,doe_budget_exhausted,doe_stage_count_total,doe_stage_gate_eval_count,doe_gate_eval_skipped_count,doe_phase2_first_stage,doe_phase2_stage_count,doe_phase2_transition_count,doe_gate_stop_raw_count,doe_gate_stop_final_count,doe_gate_stop_blocked_count,doe_collapse_detected_count,doe_diversity_injection_applied_count,doe_diversity_sample_count_total,doe_diversity_hit_rate_mean,doe_dynamic_exec_allocation_enabled,doe_exec_round_shares,doe_alloc_multiplier_last,doe_alloc_multiplier_mean,doe_alloc_eff_prev_last,doe_alloc_eff_ref_last,doe_alloc_dynamic_applied_count,doe_used_budget_ratio_phase2_first,doe_terminated_by,doe_p_dim,doe_usable_n,doe_usable_n_over_p,doe_additional_gp_x_scaling_enabled,doe_additional_gp_x_scaling_mode,doe_additional_gp_x_scaling_auto_span_ratio_threshold,doe_additional_gp_x_scaling_span_floor,doe_local_span_ratio_mean_last,doe_anchor_spread_zero_streak_max,doe_metadata,explorer_strategy_alias,explorer_strategy_mode,explorer_p_dim,explorer_usable_n,explorer_usable_n_over_p,explorer_selected_bounds_volume_ratio,explorer_pred_cluster_signal_mode,explorer_pred_cluster_beta_used,explorer_pred_cluster_confidence,explorer_pred_cluster_selected_count,explorer_pred_cluster_sigma_mean_selected,explorer_pred_refine_shift_norm,explorer_pred_obj_miss_case,explorer_pred_obj_iou,explorer_pred_obj_center_l1_norm,explorer_pred_multistart_det_fraction_used,explorer_pred_refine_bounds_scale_used,explorer_gp_x_scaling_applied_pred,explorer_gp_x_scaling_applied_obj,explorer_gp_x_scaling_span_ratio_pred,explorer_gp_x_scaling_span_ratio_obj,explorer_gp_uncertainty_dim_weights,explorer_pred_n_starts_used,explorer_dual_policy_mode,explorer_dual_total_starts_target,explorer_dual_total_starts_used,explorer_dual_np_ratio_used,explorer_dual_pred_ratio_used,explorer_dual_obj_ratio_used,explorer_dual_n_pred_starts,explorer_dual_n_obj_starts,explorer_dual_disagreement_center_l1_norm,explorer_dual_disagreement_iou,explorer_dual_disagreement_triggered,explorer_dual_center_bias_used,explorer_dual_center_tilt_strength_base,explorer_dual_center_tilt_strength_used_mean,explorer_dual_center_tilt_applied,explorer_dual_volume_cap_target,explorer_dual_volume_ratio_before_cap,explorer_dual_volume_cap_applied,explorer_post_cap_side_mass_shift_applied,explorer_post_cap_side_mass_shift_dims,explorer_constrained_boundary_preserve_applied,explorer_constrained_boundary_preserve_dims,explorer_low_dim_balance_guard_applied,explorer_low_dim_balance_guard_info,volume_cap_pass,joint_pass,fail_type
1,1,cantilever_beam,42,S4_dual,S4_dual,,False,True,1,1,4,high_dim_active,"[""h1"", ""b1"", ""b2"", ""H""]",4,0,100.0,True,True,0.2498999999999999,24.98999999999999,1,True,C:\dev\PIDO\IIT_PIDO\result\bench\aion\20260901_091126\runs\run_cantilever_beam_20260901_091126_354050_78be\Explorer\metadata_S4_dual.json,C:\dev\PIDO\IIT_PIDO\result\bench\aion\20260901_091126\runs\run_cantilever_beam_20260901_091126_354050_78be\Explorer\artifacts\public\S4_dual\selected_bounds.json,C:\dev\PIDO\IIT_PIDO\result\bench\aion\20260901_091126\runs\run_cantilever_beam_20260901_091126_354050_78be,4,90,10.0,,52b772442c8a7b87ea77e3cc7bca86ca3791f476,consume_all,0.1,0.1,adaptive_p_gt_6_keep,10.0,9,True,False,True,63,0.6666666666666666,0.8333333333333334,0.5741868035035015,0.9123694069983972,0.6666666666666666,0.7878787878787878,0.413209350357312,0.933150840981622,0.6246561658709978,0.8883759967506102,ema,True,1.0,0.55,0.75,0.65,True,0.35,2,True,True,0.22,2,2,0.2,2,0.4,0.12,0.3,7.4,0.5,20.0,90,90,True,6,6,0,4.0,2,1,3,0,3,0,0,0,,,,,,,,,0.7777777777777778,budget_exhausted,9,90,10.0,True,bounds,3.0,1e-12,0.22302705861693609,0,C:\dev\PIDO\IIT_PIDO\result\bench\aion\20260901_091126\runs\run_cantilever_beam_20260901_091126_354050_78be\DOE\metadata.json,s4,dual_refine_ei,4,90,22.5,0.2498999999999999,score_beta_sigma,0.2,0.7326995523608277,4,11.709660234605185,,pred_obj_disjoint,0.0003923318948805713,0.3341201824513474,0.35,1.3,True,True,11.11111111111111,11.11111111111111,"[0.9877837303196468, 0.9094122892914215, 1.1299147459063759, 0.9728892344825558]",0,routed_v2,40.0,40.0,22.5,0.0,1.0,0.0,40.0,0.3341201824513474,0.0003923318948805713,True,0.5,0.55,0.414841533220335,True,0.2499,0.33716260961998284,True,True,"[{'dim': 0, 'side': 'lb', 'gap_ratio': 0.07182385443875516, 'ref_value': 0.10028595452954471, 'old_lb': 0.16492742352442435, 'old_ub': 1.0, 'new_lb': 0.1, 'new_ub': 0.9350725764755756}]",False,[],False,"{'applied': False, 'reason': 'dim_gate', 'center_l1_before': None, 'center_l1_after': None, 'current_volume_ratio': None, 'volume_ratio_after': None}",1,1,pass
2,2,cantilever_beam,1042,S4_dual,S4_dual,,False,True,1,1,4,high_dim_active,"[""h1"", ""b2"", ""b1"", ""H""]",4,0,100.0,True,True,0.24990000000000004,24.990000000000006,1,True,C:\dev\PIDO\IIT_PIDO\result\bench\aion\20260901_091126\runs\run_cantilever_beam_20260901_091323_422195_6a65\Explorer\metadata_S4_dual.json,C:\dev\PIDO\IIT_PIDO\result\bench\aion\20260901_091126\runs\run_cantilever_beam_20260901_091323_422195_6a65\Explorer\artifacts\public\S4_dual\selected_bounds.json,C:\dev\PIDO\IIT_PIDO\result\bench\aion\20260901_091126\runs\run_cantilever_beam_20260901_091323_422195_6a65,4,90,10.0,,52b772442c8a7b87ea77e3cc7bca86ca3791f476,consume_all,0.1,0.1,adaptive_p_gt_6_keep,10.0,9,True,False,True,63,0.8333333333333334,0.5,0.5772261689974993,0.914899310519315,0.7333333333333333,0.8571428571428571,0.40232858884287936,0.9378975631750315,0.6211009181396592,0.8955471991896107,ema,True,1.0,0.55,0.75,0.65,True,0.35,2,True,True,0.22,2,2,0.2,2,0.4,0.12,0.3,7.4,0.5,20.0,90,90,True,6,6,0,4.0,2,1,2,0,2,0,0,0,,,,,,,,,0.7777777777777778,budget_exhausted,9,90,10.0,True,bounds,3.0,1e-12,0.37496989029847594,0,C:\dev\PIDO\IIT_PIDO\result\bench\aion\20260901_091126\runs\run_cantilever_beam_20260901_091323_422195_6a65\DOE\metadata.json,s4,dual_refine_ei,4,90,22.5,0.24990000000000004,score_beta_sigma,0.2,0.5139388124903679,14,26.778297727850912,,pred_obj_disjoint,0.0074431622807337085,0.23294010131001763,0.35,1.3,True,True,11.11111111111111,11.11111111111111,"[1.0278325201181906, 0.9165022795780865, 1.0278332326071022, 1.0278319676966208]",0,routed_v2,40.0,40.0,22.5,0.0,1.0,0.0,40.0,0.23294010131001763,0.0074431622807337085,True,0.5,0.55,0.6123562690149246,True,0.2499,0.24990000000000004,False,False,[],False,[],False,"{'applied': False, 'reason': 'dim_gate', 'center_l1_before': None, 'center_l1_after': None, 'current_volume_ratio': None, 'volume_ratio_after': None}",1,1,pass
3,3,cantilever_beam,2042,S4_dual,S4_dual,,False,True,1,1,4,high_dim_active,"[""b1"", ""h1"", ""b2"", ""H""]",4,0,100.0,True,True,0.24990000000003476,24.990000000003477,1,True,C:\dev\PIDO\IIT_PIDO\result\bench\aion\20260901_091126\runs\run_cantilever_beam_20260901_091555_313894_9b85\Explorer\metadata_S4_dual.json,C:\dev\PIDO\IIT_PIDO\result\bench\aion\20260901_091126\runs\run_cantilever_beam_20260901_091555_313894_9b85\Explorer\artifacts\public\S4_dual\selected_bounds.json,C:\dev\PIDO\IIT_PIDO\result\bench\aion\20260901_091126\runs\run_cantilever_beam_20260901_091555_313894_9b85,4,90,10.0,,52b772442c8a7b87ea77e3cc7bca86ca3791f476,consume_all,0.1,0.1,adaptive_p_gt_6_keep,10.0,9,True,False,True,63,0.5,0.3333333333333333,0.4865096411174863,0.8958690409768243,0.3333333333333333,0.875,0.3620829439281048,0.9088157856317892,0.4803638507218069,0.8902278048590329,ema,True,1.0,0.55,0.75,0.65,True,0.35,2,True,True,0.22,2,2,0.2,2,0.4,0.12,0.3,7.4,0.5,20.0,90,90,True,6,6,0,4.0,1,1,1,0,1,0,0,0,,,,,,,,,0.7777777777777778,budget_exhausted,9,90,10.0,True,bounds,3.0,1e-12,0.34489121120432115,0,C:\dev\PIDO\IIT_PIDO\result\bench\aion\20260901_091126\runs\run_cantilever_beam_20260901_091555_313894_9b85\DOE\metadata.json,s4,dual_refine_ei,4,90,22.5,0.24990000000003476,score_beta_sigma,0.2,0.5200158781512355,22,24.493471045155328,0.0017116060698265303,pred_obj_aligned_or_unknown,0.1497527811952703,0.10159984953476475,0.35,1.3,True,True,11.11111111111111,11.11111111111111,,10,routed_v2,40.0,40.0,22.5,0.25,0.75,10.0,30.0,0.10159984953476475,0.1497527811952703,True,0.5,0.55,0.5587991724412061,True,0.2499,0.24990000000003476,False,False,[],False,[],False,"{'applied': False, 'reason': 'dim_gate', 'center_l1_before': None, 'center_l1_after': None, 'current_volume_ratio': None, 'volume_ratio_after': None}",1,1,pass
4,4,cantilever_beam,3042,S4_dual,S4_dual,,False,True,1,1,4,high_dim_active,"[""h1"", ""b1"", ""b2"", ""H""]",4,0,100.0,True,True,0.24990000000000004,24.990000000000006,1,True,C:\dev\PIDO\IIT_PIDO\result\bench\aion\20260901_091126\runs\run_cantilever_beam_20260901_091751_431231_9fac\Explorer\metadata_S4_dual.json,C:\dev\PIDO\IIT_PIDO\result\bench\aion\20260901_091126\runs\run_cantilever_beam_20260901_091751_431231_9fac\Explorer\artifacts\public\S4_dual\selected_bounds.json,C:\dev\PIDO\IIT_PIDO\result\bench\aion\20260901_091126\runs\run_cantilever_beam_20260901_091751_431231_9fac,4,90,10.0,,52b772442c8a7b87ea77e3cc7bca86ca3791f476,consume_all,0.1,0.1,adaptive_p_gt_6_keep,10.0,9,True,False,True,63,0.3333333333333333,1.0,0.46877121816818074,0.9374639405086854,0.6470588235294118,0.9555555555555556,0.3296006743673175,0.9351716447717341,0.5358898915719215,0.9401492413666251,ema,True,1.0,0.55,0.75,0.65,True,0.35,2,True,True,0.22,2,2,0.2,2,0.4,0.12,0.3,7.4,0.5,20.0,90,90,True,6,6,0,5.0,1,1,2,0,2,0,0,0,,,,,,,,,0.8888888888888888,budget_exhausted,9,90,10.0,True,bounds,3.0,1e-12,0.7382537757058816,0,C:\dev\PIDO\IIT_PIDO\result\bench\aion\20260901_091126\runs\run_cantilever_beam_20260901_091751_431231_9fac\DOE\metadata.json,s4,dual_refine_ei,4,90,22.5,0.24990000000000004,score_beta_sigma,0.2,0.47927394179451993,22,36.78779882038482,,pred_obj_disjoint,0.05398081114858342,0.13259851971934503,0.35,1.3,True,True,11.11111111111111,11.11111111111111,"[0.9838821252240197, 1.0020115475757256, 1.0120862841077631, 1.0020200430924913]",0,routed_v2,40.0,40.0,22.5,0.0,1.0,0.0,40.0,0.13259851971934503,0.05398081114858342,True,0.5,0.55,0.7251085410359661,True,0.2499,0.3441384612192211,True,True,"[{'dim': 0, 'side': 'ub', 'gap_ratio': 0.04182060215748123, 'ref_value': 0.6224832798955033, 'old_lb': 0.1, 'old_ub': 0.5848447379537702, 'new_lb': 0.1385385419417331, 'new_ub': 0.6233832798955034}, {'dim': 1, 'side': 'ub', 'gap_ratio': 0.0779751045994523, 'ref_value': 11.978632013919096, 'old_lb': 2.0, 'old_ub': 11.198880967924573, 'new_lb': 2.7897510459945227, 'new_ub': 11.988632013919096}, {'dim': 2, 'side': 'ub', 'gap_ratio': 0.048224003943285104, 'ref_value': 1.3945757899316338, 'old_lb': 0.1, 'old_ub': 1.302950182439392, 'new_lb': 0.1935256074922418, 'new_ub': 1.3964757899316338}, {'dim': 3, 'side': 'lb', 'gap_ratio': 0.05328650284891434, 'ref_value': 3.60091811748235, 'old_lb': 3.8140641288780075, 'old_ub': 7.0, 'new_lb': 3.59691811748235, 'new_ub': 6.782853988604343}]",True,"[{'dim': 0, 'side': 'lb', 'old_lb': 0.1385385419417331, 'old_ub': 0.6233832798955034, 'new_lb': 0.1, 'new_ub': 0.5848447379537702, 'policy_lb': False, 'policy_ub': False, 'touch_lb': True, 'touch_ub': False, 'gap': 0.03853854194173309, 'gap_ratio': 0.04282060215748121, 'below_legacy_deadband': False}, {'dim': 2, 'side': 'lb', 'old_lb': 0.1935256074922418, 'old_ub': 1.3964757899316338, 'new_lb': 0.1, 'new_ub': 1.302950182439392, 'policy_lb': True, 'policy_ub': False, 'touch_lb': True, 'touch_ub': False, 'gap': 0.09352560749224179, 'gap_ratio': 0.049224003943285154, 'below_legacy_deadband': False}, {'dim': 3, 'side': 'ub', 'old_lb': 3.59691811748235, 'old_ub': 6.782853988604343, 'new_lb': 3.8140641288780075, 'new_ub': 7.0, 'policy_lb': False, 'policy_ub': True, 'touch_lb': False, 'touch_ub': True, 'gap': 0.21714601139565737, 'gap_ratio': 0.05428650284891434, 'below_legacy_deadband': False}]",False,"{'applied': False, 'reason': 'dim_gate', 'center_l1_before': None, 'center_l1_after': None, 'current_volume_ratio': None, 'volume_ratio_after': None}",1,1,pass
5,5,cantilever_beam,4042,S4_dual,S4_dual,,False,True,1,1,4,high_dim_active,"[""h1"", ""b1"", ""b2"", ""H""]",4,0,100.0,True,True,0.2499000000002624,24.990000000026242,1,True,C:\dev\PIDO\IIT_PIDO\result\bench\aion\20260901_091126\runs\run_cantilever_beam_20260901_092013_441824_0cc2\Explorer\metadata_S4_dual.json,C:\dev\PIDO\IIT_PIDO\result\bench\aion\20260901_091126\runs\run_cantilever_beam_20260901_092013_441824_0cc2\Explorer\artifacts\public\S4_dual\selected_bounds.json,C:\dev\PIDO\IIT_PIDO\result\bench\aion\20260901_091126\runs\run_cantilever_beam_20260901_092013_441824_0cc2,4,90,10.0,,52b772442c8a7b87ea77e3cc7bca86ca3791f476,consume_all,0.1,0.1,adaptive_p_gt_6_keep,10.0,9,True,False,True,63,0.6666666666666666,0.8333333333333334,0.545082552613101,0.9300780269372431,0.3333333333333333,0.8780487804878049,0.405444093677477,0.9483670552398565,0.5190408711291481,0.9149158363037551,ema,True,1.0,0.55,0.75,0.65,True,0.35,2,True,True,0.22,2,2,0.2,2,0.4,0.12,0.3,7.4,0.5,20.0,90,90,True,6,6,0,4.0,1,1,4,0,4,0,0,0,,,,,,,,,0.7777777777777778,budget_exhausted,9,90,10.0,True,bounds,3.0,1e-12,0.05903822167615661,0,C:\dev\PIDO\IIT_PIDO\result\bench\aion\20260901_091126\runs\run_cantilever_beam_20260901_092013_441824_0cc2\DOE\metadata.json,s4,dual_refine_ei,4,90,22.5,0.2499000000002624,score_beta_sigma,0.2,0.5827201952865059,22,22.569273185806583,0.02140484843899496,pred_obj_aligned_or_unknown,0.15898556370016326,0.07947628243549291,0.35,1.3,True,True,11.11111111111111,11.11111111111111,"[0.9999990773066876, 1.0000003075644375, 1.0000003075644375, 1.0000003075644375]",10,routed_v2,40.0,40.0,22.5,0.25,0.75,10.0,30.0,0.07947628243549291,0.15898556370016326,True,0.5,0.55,0.75,True,0.2499,0.2499000000002624,False,False,[],False,[],False,"{'applied': False, 'reason': 'dim_gate', 'center_l1_before': None, 'center_l1_after': None, 'current_volume_ratio': None, 'volume_ratio_after': None}",1,1,pass
6,6,cantilever_beam,5042,S4_dual,S4_dual,,False,True,1,1,4,high_dim_active,"[""h1"", ""b1"", ""b2"", ""H""]",4,0,100.0,True,True,0.2499000000000349,24.99000000000349,1,True,C:\dev\PIDO\IIT_PIDO\result\bench\aion\20260901_091126\runs\run_cantilever_beam_20260901_092214_308375_37be\Explorer\metadata_S4_dual.json,C:\dev\PIDO\IIT_PIDO\result\bench\aion\20260901_091126\runs\run_cantilever_beam_20260901_092214_308375_37be\Explorer\artifacts\public\S4_dual\selected_bounds.json,C:\dev\PIDO\IIT_PIDO\result\bench\aion\20260901_091126\runs\run_cantilever_beam_20260901_092214_308375_37be,4,90,10.0,,52b772442c8a7b87ea77e3cc7bca86ca3791f476,consume_all,0.1,0.1,adaptive_p_gt_6_keep,10.0,9,True,False,True,63,0.6666666666666666,0.8333333333333334,0.5669142457962784,0.9190190895387369,0.3333333333333333,0.90625,0.42990324820805154,0.9325595997937208,0.5143020056277195,0.9092972143601523,ema,True,1.0,0.55,0.75,0.65,True,0.35,2,True,True,0.22,2,2,0.2,2,0.4,0.12,0.3,7.4,0.5,20.0,90,90,True,6,6,0,4.0,1,1,3,0,3,0,0,0,,,,,,,,,0.7777777777777778,budget_exhausted,9,90,10.0,True,bounds,3.0,1e-12,0.10645273980898318,0,C:\dev\PIDO\IIT_PIDO\result\bench\aion\20260901_091126\runs\run_cantilever_beam_20260901_092214_308375_37be\DOE\metadata.json,s4,dual_refine_ei,4,90,22.5,0.2499000000000349,score_beta_sigma,0.2,0.6320248138169726,22,15.057683774432807,0.03934751641298474,pred_obj_aligned_or_unknown,0.12056836420627376,0.13489115020194564,0.35,1.3,True,True,11.11111111111111,11.11111111111111,"[1.2939555318113793, 1.1743994663022994, 0.8418284287147946, 0.6898165731715268]",10,routed_v2,40.0,40.0,22.5,0.25,0.75,10.0,30.0,0.13489115020194564,0.12056836420627376,True,0.5,0.55,0.7499999999999999,True,0.2499,0.2499000000000349,False,False,[],False,[],False,"{'applied': False, 'reason': 'dim_gate', 'center_l1_before': None, 'center_l1_after': None, 'current_volume_ratio': None, 'volume_ratio_after': None}",1,1,pass
7,7,cantilever_beam,6042,S4_dual,S4_dual,,False,False,0,1,4,high_dim_active,"[""b1"", ""h1"", ""b2"", ""H""]",4,0,100.0,True,True,0.2499000000001727,24.99000000001727,0,False,C:\dev\PIDO\IIT_PIDO\result\bench\aion\20260901_091126\runs\run_cantilever_beam_20260901_092450_139002_29ee\Explorer\metadata_S4_dual.json,C:\dev\PIDO\IIT_PIDO\result\bench\aion\20260901_091126\runs\run_cantilever_beam_20260901_092450_139002_29ee\Explorer\artifacts\public\S4_dual\selected_bounds.json,C:\dev\PIDO\IIT_PIDO\result\bench\aion\20260901_091126\runs\run_cantilever_beam_20260901_092450_139002_29ee,4,90,10.0,,52b772442c8a7b87ea77e3cc7bca86ca3791f476,consume_all,0.1,0.1,adaptive_p_gt_6_keep,10.0,9,True,False,True,63,0.6666666666666666,0.8333333333333334,0.6095117620978606,0.9332430286505063,0.5,0.975609756097561,0.4543885910408408,0.9332753438466604,0.6008456246220115,0.9455096321462985,ema,True,1.0,0.55,0.75,0.65,True,0.35,2,True,True,0.22,2,2,0.2,2,0.4,0.12,0.3,7.4,0.5,20.0,90,90,True,6,6,0,4.0,2,1,3,0,3,0,0,0,,,,,,,,,0.7777777777777778,budget_exhausted,9,90,10.0,True,bounds,3.0,1e-12,0.057822815908703466,0,C:\dev\PIDO\IIT_PIDO\result\bench\aion\20260901_091126\runs\run_cantilever_beam_20260901_092450_139002_29ee\DOE\metadata.json,s4,dual_refine_ei,4,90,22.5,0.2499000000001727,score_beta_sigma,0.2,0.6650475186512654,3,13.060476064976905,,pred_obj_disjoint,0.0007075832120678644,0.11996439818890516,0.35,1.3,True,True,11.11111111111111,11.11111111111111,"[1.0002032573875337, 1.0013663107894348, 0.9856676472970094, 1.012762784526022]",0,routed_v2,40.0,40.0,22.5,0.0,1.0,0.0,40.0,0.11996439818890516,0.0007075832120678644,True,0.5,0.55,0.75,True,0.2499,0.2499000000001727,False,False,[],False,[],False,"{'applied': False, 'reason': 'dim_gate', 'center_l1_before': None, 'center_l1_after': None, 'current_volume_ratio': None, 'volume_ratio_after': None}",1,0,over_shrink_fail
8,8,cantilever_beam,7042,S4_dual,S4_dual,,False,True,1,1,4,high_dim_active,"[""h1"", ""b1"", ""b2"", ""H""]",4,0,100.0,True,True,0.24990000000041193,24.990000000041192,1,True,C:\dev\PIDO\IIT_PIDO\result\bench\aion\20260901_091126\runs\run_cantilever_beam_20260901_092738_162935_0075\Explorer\metadata_S4_dual.json,C:\dev\PIDO\IIT_PIDO\result\bench\aion\20260901_091126\runs\run_cantilever_beam_20260901_092738_162935_0075\Explorer\artifacts\public\S4_dual\selected_bounds.json,C:\dev\PIDO\IIT_PIDO\result\bench\aion\20260901_091126\runs\run_cantilever_beam_20260901_092738_162935_0075,4,90,10.0,,52b772442c8a7b87ea77e3cc7bca86ca3791f476,consume_all,0.1,0.1,adaptive_p_gt_6_keep,10.0,9,True,False,True,63,0.8333333333333334,1.0,0.634057714047301,0.9198113389809325,0.6,0.9024390243902439,0.44479460097043844,0.9324945530289219,0.6599502907331735,0.9140407633445582,ema,True,1.0,0.55,0.75,0.65,True,0.35,2,True,True,0.22,2,2,0.2,2,0.4,0.12,0.3,7.4,0.5,20.0,90,90,True,6,6,0,4.0,2,1,5,0,5,0,0,0,,,,,,,,,0.7777777777777778,budget_exhausted,9,90,10.0,True,bounds,3.0,1e-12,0.05527927917069217,0,C:\dev\PIDO\IIT_PIDO\result\bench\aion\20260901_091126\runs\run_cantilever_beam_20260901_092738_162935_0075\DOE\metadata.json,s4,dual_refine_ei,4,90,22.5,0.24990000000041193,score_beta_sigma,0.2,0.5813978200532093,22,20.036404520359238,0.06210136173718944,pred_obj_aligned_or_unknown,0.3094925762654168,0.05396106879470145,0.35,1.3,True,True,11.11111111111111,11.11111111111111,"[1.0457520891228302, 1.0457479888140722, 1.0457479888251198, 0.8627519332379775]",10,routed_v2,40.0,40.0,22.5,0.25,0.75,10.0,30.0,0.05396106879470145,0.3094925762654168,False,0.5,0.55,0.4227920225719155,True,0.2499,0.24990000000041193,False,False,[],False,[],False,"{'applied': False, 'reason': 'dim_gate', 'center_l1_before': None, 'center_l1_after': None, 'current_volume_ratio': None, 'volume_ratio_after': None}",1,1,pass
9,9,cantilever_beam,8042,S4_dual,S4_dual,,False,True,1,1,4,high_dim_active,"[""h1"", ""b1"", ""b2"", ""H""]",4,0,100.0,True,True,0.2499000000003069,24.99000000003069,1,True,C:\dev\PIDO\IIT_PIDO\result\bench\aion\20260901_091126\runs\run_cantilever_beam_20260901_093023_603844_3893\Explorer\metadata_S4_dual.json,C:\dev\PIDO\IIT_PIDO\result\bench\aion\20260901_091126\runs\run_cantilever_beam_20260901_093023_603844_3893\Explorer\artifacts\public\S4_dual\selected_bounds.json,C:\dev\PIDO\IIT_PIDO\result\bench\aion\20260901_091126\runs\run_cantilever_beam_20260901_093023_603844_3893,4,90,10.0,,52b772442c8a7b87ea77e3cc7bca86ca3791f476,consume_all,0.1,0.1,adaptive_p_gt_6_keep,10.0,9,True,False,True,63,0.3333333333333333,1.0,0.5497491923212313,0.9382284637334356,0.7333333333333333,1.0,0.40612221123420783,0.93653929658067,0.6334608471510739,0.954262770013634,ema,True,1.0,0.55,0.75,0.65,True,0.35,2,True,True,0.22,2,2,0.2,2,0.4,0.12,0.3,7.4,0.5,20.0,90,90,True,6,6,0,4.0,2,1,2,0,2,0,0,0,,,,,,,,,0.7777777777777778,budget_exhausted,9,90,10.0,True,bounds,3.0,1e-12,0.06729111052221419,0,C:\dev\PIDO\IIT_PIDO\result\bench\aion\20260901_091126\runs\run_cantilever_beam_20260901_093023_603844_3893\DOE\metadata.json,s4,dual_refine_ei,4,90,22.5,0.2499000000003069,score_beta_sigma,0.2,0.5521127074383295,22,25.27492173637752,0.003346823653830677,pred_obj_aligned_or_unknown,0.3231371315903334,0.07766748127436898,0.35,1.3,True,True,11.11111111111111,11.11111111111111,"[1.0, 1.0, 1.0, 1.0]",10,routed_v2,40.0,40.0,22.5,0.25,0.75,10.0,30.0,0.07766748127436898,0.3231371315903334,False,0.5,0.55,0.44000000000000006,True,0.2499,0.2499000000003069,False,False,[],False,[],False,"{'applied': False, 'reason': 'dim_gate', 'center_l1_before': None, 'center_l1_after': None, 'current_volume_ratio': None, 'volume_ratio_after': None}",1,1,pass
10,10,cantilever_beam,9042,S4_dual,S4_dual,,False,True,1,1,4,high_dim_active,"[""h1"", ""b1"", ""b2"", ""H""]",4,0,100.0,True,True,0.24990000000032245,24.990000000032246,1,True,C:\dev\PIDO\IIT_PIDO\result\bench\aion\20260901_091126\runs\run_cantilever_beam_20260901_093253_932273_b1b0\Explorer\metadata_S4_dual.json,C:\dev\PIDO\IIT_PIDO\result\bench\aion\20260901_091126\runs\run_cantilever_beam_20260901_093253_932273_b1b0\Explorer\artifacts\public\S4_dual\selected_bounds.json,C:\dev\PIDO\IIT_PIDO\result\bench\aion\20260901_091126\runs\run_cantilever_beam_20260901_093253_932273_b1b0,4,90,10.0,,52b772442c8a7b87ea77e3cc7bca86ca3791f476,consume_all,0.1,0.1,adaptive_p_gt_6_keep,10.0,9,True,False,True,63,0.5,1.0,0.5609210648219937,0.9312097654760386,0.28,0.9454545454545454,0.4262821557008157,0.9305223919670547,0.5123866256579899,0.9316527589522348,ema,True,1.0,0.55,0.75,0.65,True,0.35,2,True,True,0.22,2,2,0.2,2,0.4,0.12,0.3,7.4,0.5,20.0,90,90,True,6,6,0,4.0,1,1,3,0,3,0,0,0,,,,,,,,,0.7777777777777778,budget_exhausted,9,90,10.0,True,bounds,3.0,1e-12,0.46868032626624767,0,C:\dev\PIDO\IIT_PIDO\result\bench\aion\20260901_091126\runs\run_cantilever_beam_20260901_093253_932273_b1b0\DOE\metadata.json,s4,dual_refine_ei,4,90,22.5,0.24990000000032245,score_beta_sigma,0.2,0.589358024818486,22,17.901639826886736,0.036361099588689966,pred_obj_aligned_or_unknown,0.4003643284407467,0.03846762934494445,0.35,1.3,True,True,11.11111111111111,11.11111111111111,"[1.0325530343558753, 1.3096740474731463, 0.8718069078475307, 0.7859660103234483]",10,routed_v2,40.0,40.0,22.5,0.25,0.75,10.0,30.0,0.03846762934494445,0.4003643284407467,False,0.5,0.55,0.44000000000000006,True,0.2499,0.24990000000032245,False,False,[],False,[],False,"{'applied': False, 'reason': 'dim_gate', 'center_l1_before': None, 'center_l1_after': None, 'current_volume_ratio': None, 'volume_ratio_after': None}",1,1,pass
11,11,cantilever_beam,10042,S4_dual,S4_dual,,False,True,1,1,4,high_dim_active,"[""h1"", ""b1"", ""b2"", ""H""]",4,0,100.0,True,True,0.24990000000015608,24.99000000001561,1,True,C:\dev\PIDO\IIT_PIDO\result\bench\aion\20260901_091126\runs\run_cantilever_beam_20260901_093540_084370_7db4\Explorer\metadata_S4_dual.json,C:\dev\PIDO\IIT_PIDO\result\bench\aion\20260901_091126\runs\run_cantilever_beam_20260901_093540_084370_7db4\Explorer\artifacts\public\S4_dual\selected_bounds.json,C:\dev\PIDO\IIT_PIDO\result\bench\aion\20260901_091126\runs\run_cantilever_beam_20260901_093540_084370_7db4,4,90,10.0,,52b772442c8a7b87ea77e3cc7bca86ca3791f476,consume_all,0.1,0.1,adaptive_p_gt_6_keep,10.0,9,True,False,True,63,0.6666666666666666,0.16666666666666666,0.5986492879600754,0.8877795361943313,0.7142857142857143,0.8780487804878049,0.43448485366432354,0.8960033233344381,0.6257620184939676,0.8839038145203202,ema,True,1.0,0.55,0.75,0.65,True,0.35,2,True,True,0.22,2,2,0.2,2,0.4,0.12,0.3,7.4,0.5,20.0,90,90,True,6,6,0,4.0,2,1,0,0,0,0,0,0,,,,,,,,,0.7777777777777778,budget_exhausted,9,90,10.0,True,bounds,3.0,1e-12,0.4922200951138253,0,C:\dev\PIDO\IIT_PIDO\result\bench\aion\20260901_091126\runs\run_cantilever_beam_20260901_093540_084370_7db4\DOE\metadata.json,s4,dual_refine_ei,4,90,22.5,0.24990000000015608,score_beta_sigma,0.2,0.5559460346526379,22,51.56372296174487,0.0029647054657108685,pred_obj_aligned_or_unknown,0.4481996149332636,0.052228485349429116,0.35,1.3,True,True,11.11111111111111,11.11111111111111,"[1.0, 1.0, 1.0, 1.0]",10,routed_v2,40.0,40.0,22.5,0.25,0.75,10.0,30.0,0.052228485349429116,0.4481996149332636,False,0.5,0.55,0.44000000000000006,True,0.2499,0.24990000000015608,False,False,[],False,[],False,"{'applied': False, 'reason': 'dim_gate', 'center_l1_before': None, 'center_l1_after': None, 'current_volume_ratio': None, 'volume_ratio_after': None}",1,1,pass
12,12,cantilever_beam,11042,S4_dual,S4_dual,,False,True,1,1,4,high_dim_active,"[""h1"", ""b2"", ""b1"", ""H""]",4,0,100.0,True,True,0.24990000000041226,24.990000000041228,1,True,C:\dev\PIDO\IIT_PIDO\result\bench\aion\20260901_091126\runs\run_cantilever_beam_20260901_093823_206654_1152\Explorer\metadata_S4_dual.json,C:\dev\PIDO\IIT_PIDO\result\bench\aion\20260901_091126\runs\run_cantilever_beam_20260901_093823_206654_1152\Explorer\artifacts\public\S4_dual\selected_bounds.json,C:\dev\PIDO\IIT_PIDO\result\bench\aion\20260901_091126\runs\run_cantilever_beam_20260901_093823_206654_1152,4,90,10.0,,52b772442c8a7b87ea77e3cc7bca86ca3791f476,consume_all,0.1,0.1,adaptive_p_gt_6_keep,10.0,9,True,False,True,63,0.6666666666666666,0.8333333333333334,0.6197619091701312,0.9167878485977806,0.3684210526315789,0.8837209302325582,0.4730861594832983,0.9199130970490591,0.5842651093778397,0.9075913096647499,ema,True,1.0,0.55,0.75,0.65,True,0.35,2,True,True,0.22,2,2,0.2,2,0.4,0.12,0.3,7.4,0.5,20.0,90,90,True,6,6,0,4.0,2,1,4,0,4,0,0,0,,,,,,,,,0.7777777777777778,budget_exhausted,9,90,10.0,True,bounds,3.0,1e-12,0.07386049381572077,0,C:\dev\PIDO\IIT_PIDO\result\bench\aion\20260901_091126\runs\run_cantilever_beam_20260901_093823_206654_1152\DOE\metadata.json,s4,dual_refine_ei,4,90,22.5,0.24990000000041226,score_beta_sigma,0.2,0.6022156294624319,10,17.996952643278412,,pred_obj_disjoint,0.0,0.152261096499029,0.35,1.3,True,True,11.11111111111111,11.11111111111111,"[1.1525344538210114, 0.9428833680988461, 0.9221143704044888, 0.9824678076756541]",0,routed_v2,40.0,40.0,22.5,0.0,1.0,0.0,40.0,0.152261096499029,0.0,True,0.5,0.55,0.6230390960652401,True,0.2499,0.24990000000041226,False,False,[],False,[],False,"{'applied': False, 'reason': 'dim_gate', 'center_l1_before': None, 'center_l1_after': None, 'current_volume_ratio': None, 'volume_ratio_after': None}",1,1,pass
13,13,cantilever_beam,12042,S4_dual,S4_dual,,False,False,0,1,4,high_dim_active,"[""h1"", ""b1"", ""b2"", ""H""]",4,0,100.0,True,True,0.2499,24.990000000000002,0,False,C:\dev\PIDO\IIT_PIDO\result\bench\aion\20260901_091126\runs\run_cantilever_beam_20260901_094015_848058_9b32\Explorer\metadata_S4_dual.json,C:\dev\PIDO\IIT_PIDO\result\bench\aion\20260901_091126\runs\run_cantilever_beam_20260901_094015_848058_9b32\Explorer\artifacts\public\S4_dual\selected_bounds.json,C:\dev\PIDO\IIT_PIDO\result\bench\aion\20260901_091126\runs\run_cantilever_beam_20260901_094015_848058_9b32,4,90,10.0,,52b772442c8a7b87ea77e3cc7bca86ca3791f476,consume_all,0.1,0.1,adaptive_p_gt_6_keep,10.0,9,True,False,True,63,0.6666666666666666,1.0,0.6003179650238474,0.9340936640588416,0.8666666666666667,0.9574468085106383,0.40433934448632697,0.9285628262067892,0.678206742166265,0.9420067917872675,ema,True,1.0,0.55,0.75,0.65,True,0.35,2,True,True,0.22,2,2,0.2,2,0.4,0.12,0.3,7.4,0.5,20.0,90,90,True,6,6,0,4.0,2,1,4,0,4,0,0,0,,,,,,,,,0.7777777777777778,budget_exhausted,9,90,10.0,True,bounds,3.0,1e-12,0.5092291346186837,0,C:\dev\PIDO\IIT_PIDO\result\bench\aion\20260901_091126\runs\run_cantilever_beam_20260901_094015_848058_9b32\DOE\metadata.json,s4,dual_refine_ei,4,90,22.5,0.2499,score_beta_sigma,0.2,0.5134867474981258,2,21.9654912392008,,pred_obj_disjoint,0.0,0.34208905498096265,0.35,1.3,True,True,11.11111111111111,11.11111111111111,"[0.9996521007574154, 1.0744506212927758, 1.1563668980197033, 0.7695303799301054]",0,routed_v2,40.0,40.0,22.5,0.0,1.0,0.0,40.0,0.34208905498096265,0.0,True,0.5,0.55,0.6882919594778591,True,0.2499,0.6797027740831162,True,True,"[{'dim': 0, 'side': 'lb', 'gap_ratio': 0.22190966883481902, 'ref_value': 0.10116033057851236, 'old_lb': 0.3008790325298495, 'old_ub': 1.0, 'new_lb': 0.10026033057851236, 'new_ub': 0.7993812980486629}, {'dim': 1, 'side': 'ub', 'gap_ratio': 0.21684934387818017, 'ref_value': 11.941371720801703, 'old_lb': 2.0, 'old_ub': 9.772878282019901, 'new_lb': 4.178493438781802, 'new_ub': 11.951371720801703}, {'dim': 2, 'side': 'ub', 'gap_ratio': 0.1303222180832065, 'ref_value': 1.7567460333572136, 'old_lb': 0.1, 'old_ub': 1.5091338189991212, 'new_lb': 0.34951221435809243, 'new_ub': 1.7586460333572136}, {'dim': 3, 'side': 'lb', 'gap_ratio': 0.15726664877021412, 'ref_value': 4.138718901902865, 'old_lb': 4.767785496983722, 'old_ub': 7.0, 'new_lb': 4.134718901902866, 'new_ub': 6.366933404919144}]",True,"[{'dim': 3, 'side': 'ub', 'old_lb': 4.134718901902866, 'old_ub': 6.366933404919144, 'new_lb': 4.767785496983722, 'new_ub': 7.0, 'policy_lb': False, 'policy_ub': False, 'touch_lb': False, 'touch_ub': True, 'gap': 0.633066595080856, 'gap_ratio': 0.158266648770214, 'below_legacy_deadband': False}]",False,"{'applied': False, 'reason': 'dim_gate', 'center_l1_before': None, 'center_l1_after': None, 'current_volume_ratio': None, 'volume_ratio_after': None}",1,0,over_shrink_fail
14,14,cantilever_beam,13042,S4_dual,S4_dual,,False,True,1,1,4,high_dim_active,"[""h1"", ""b1"", ""b2"", ""H""]",4,0,100.0,True,True,0.24990000000005572,24.990000000005573,1,True,C:\dev\PIDO\IIT_PIDO\result\bench\aion\20260901_091126\runs\run_cantilever_beam_20260901_094236_431262_4ced\Explorer\metadata_S4_dual.json,C:\dev\PIDO\IIT_PIDO\result\bench\aion\20260901_091126\runs\run_cantilever_beam_20260901_094236_431262_4ced\Explorer\artifacts\public\S4_dual\selected_bounds.json,C:\dev\PIDO\IIT_PIDO\result\bench\aion\20260901_091126\runs\run_cantilever_beam_20260901_094236_431262_4ced,4,90,10.0,,52b772442c8a7b87ea77e3cc7bca86ca3791f476,consume_all,0.1,0.1,adaptive_p_gt_6_keep,10.0,9,True,False,True,63,0.5,0.6666666666666666,0.5488973149118109,0.8989227982611481,0.4444444444444444,0.8409090909090909,0.39743424534692867,0.9074104250636985,0.5616313813745869,0.8868641507697819,ema,True,1.0,0.55,0.75,0.65,True,0.35,2,True,True,0.22,2,2,0.2,2,0.4,0.12,0.3,7.4,0.5,20.0,90,90,True,6,6,0,4.0,2,1,2,0,2,0,0,0,,,,,,,,,0.7777777777777778,budget_exhausted,9,90,10.0,True,bounds,3.0,1e-12,0.07385972523876921,0,C:\dev\PIDO\IIT_PIDO\result\bench\aion\20260901_091126\runs\run_cantilever_beam_20260901_094236_431262_4ced\DOE\metadata.json,s4,dual_refine_ei,4,90,22.5,0.24990000000005572,score_beta_sigma,0.2,0.5433249892178796,22,24.984799113977527,0.03604432883829372,pred_obj_aligned_or_unknown,0.2720121504023289,0.0995634960077288,0.35,1.3,True,True,11.11111111111111,11.11111111111111,"[1.416982798239483, 0.842859574472996, 0.8456122439373203, 0.8945453833502007]",10,routed_v2,40.0,40.0,22.5,0.25,0.75,10.0,30.0,0.0995634960077288,0.2720121504023289,False,0.5,0.55,0.5475992280425085,True,0.2499,0.24990000000005572,False,False,[],False,[],False,"{'applied': False, 'reason': 'dim_gate', 'center_l1_before': None, 'center_l1_after': None, 'current_volume_ratio': None, 'volume_ratio_after': None}",1,1,pass
15,15,cantilever_beam,14042,S4_dual,S4_dual,,False,True,1,1,4,high_dim_active,"[""b1"", ""h1"", ""b2"", ""H""]",4,0,100.0,True,True,0.24990000000035711,24.99000000003571,1,True,C:\dev\PIDO\IIT_PIDO\result\bench\aion\20260901_091126\runs\run_cantilever_beam_20260901_094519_445692_4984\Explorer\metadata_S4_dual.json,C:\dev\PIDO\IIT_PIDO\result\bench\aion\20260901_091126\runs\run_cantilever_beam_20260901_094519_445692_4984\Explorer\artifacts\public\S4_dual\selected_bounds.json,C:\dev\PIDO\IIT_PIDO\result\bench\aion\20260901_091126\runs\run_cantilever_beam_20260901_094519_445692_4984,4,90,10.0,,52b772442c8a7b87ea77e3cc7bca86ca3791f476,consume_all,0.1,0.1,adaptive_p_gt_6_keep,10.0,9,True,False,True,63,0.6666666666666666,0.8333333333333334,0.5520238292795829,0.9143348213340098,0.625,0.8571428571428571,0.39261228360850814,0.9267273985430711,0.5821145685406608,0.9008226579167966,ema,True,1.0,0.55,0.75,0.65,True,0.35,2,True,True,0.22,2,2,0.2,2,0.4,0.12,0.3,7.4,0.5,20.0,90,90,True,6,6,0,4.0,2,1,3,0,3,0,0,0,,,,,,,,,0.7777777777777778,budget_exhausted,9,90,10.0,True,bounds,3.0,1e-12,0.16867939670708232,0,C:\dev\PIDO\IIT_PIDO\result\bench\aion\20260901_091126\runs\run_cantilever_beam_20260901_094519_445692_4984\DOE\metadata.json,s4,dual_refine_ei,4,90,22.5,0.24990000000035711,score_beta_sigma,0.2,0.6223080578418414,22,16.987595165936902,0.0010387529193965801,pred_obj_aligned_or_unknown,0.30505355100320736,0.06896340653087916,0.35,1.3,True,True,11.11111111111111,11.11111111111111,"[1.0197283986524588, 1.0806284274655202, 0.7138863792400347, 1.1857567946419867]",10,routed_v2,40.0,40.0,22.5,0.25,0.75,10.0,30.0,0.06896340653087916,0.30505355100320736,False,0.5,0.55,0.44000000000000006,True,0.2499,0.24990000000035711,False,False,[],False,[],False,"{'applied': False, 'reason': 'dim_gate', 'center_l1_before': None, 'center_l1_after': None, 'current_volume_ratio': None, 'volume_ratio_after': None}",1,1,pass
16,16,cantilever_beam,15042,S4_dual,S4_dual,,False,True,1,1,4,high_dim_active,"[""h1"", ""b2"", ""b1"", ""H""]",4,0,100.0,True,True,0.24990000000000015,24.990000000000016,1,True,C:\dev\PIDO\IIT_PIDO\result\bench\aion\20260901_091126\runs\run_cantilever_beam_20260901_094753_211733_9b99\Explorer\metadata_S4_dual.json,C:\dev\PIDO\IIT_PIDO\result\bench\aion\20260901_091126\runs\run_cantilever_beam_20260901_094753_211733_9b99\Explorer\artifacts\public\S4_dual\selected_bounds.json,C:\dev\PIDO\IIT_PIDO\result\bench\aion\20260901_091126\runs\run_cantilever_beam_20260901_094753_211733_9b99,4,90,10.0,,52b772442c8a7b87ea77e3cc7bca86ca3791f476,consume_all,0.1,0.1,adaptive_p_gt_6_keep,10.0,9,True,False,True,63,0.6666666666666666,0.6666666666666666,0.6089382968693314,0.9151498670863809,0.6,0.926829268292683,0.4345914104580377,0.9002926952051654,0.6416444620541388,0.9121115920279206,ema,True,1.0,0.55,0.75,0.65,True,0.35,2,True,True,0.22,2,2,0.2,2,0.4,0.12,0.3,7.4,0.5,20.0,90,90,True,6,6,0,4.0,2,1,3,0,3,0,0,0,,,,,,,,,0.7777777777777778,budget_exhausted,9,90,10.0,True,bounds,3.0,1e-12,0.22533290017742225,0,C:\dev\PIDO\IIT_PIDO\result\bench\aion\20260901_091126\runs\run_cantilever_beam_20260901_094753_211733_9b99\DOE\metadata.json,s4,dual_refine_ei,4,90,22.5,0.24990000000000015,score_beta_sigma,0.2,0.538955165299815,22,20.89461158184656,,pred_obj_disjoint,0.03891434891314345,0.17161147244596892,0.35,1.3,True,True,11.11111111111111,11.11111111111111,"[0.931649360391522, 0.9696466561266022, 1.0520662009166333, 1.0466377825652424]",0,routed_v2,40.0,40.0,22.5,0.0,1.0,0.0,40.0,0.17161147244596892,0.03891434891314345,True,0.5,0.55,0.7500000000000001,True,0.2499,0.24990000000000015,False,False,[],True,"[{'dim': 2, 'side': 'ub', 'old_lb': 2.3721226215974633, 'old_ub': 11.968436209655508, 'new_lb': 2.4036864119419548, 'new_ub': 12.0, 'policy_lb': False, 'policy_ub': False, 'touch_lb': False, 'touch_ub': True, 'gap': 0.031563790344492304, 'gap_ratio': 0.0031563790344492303, 'below_legacy_deadband': True}]",False,"{'applied': False, 'reason': 'dim_gate', 'center_l1_before': None, 'center_l1_after': None, 'current_volume_ratio': None, 'volume_ratio_after': None}",1,1,pass
17,17,cantilever_beam,16042,S4_dual,S4_dual,,False,True,1,1,4,high_dim_active,"[""b1"", ""h1"", ""b2"", ""H""]",4,0,100.0,True,True,0.24990000000003731,24.990000000003732,1,True,C:\dev\PIDO\IIT_PIDO\result\bench\aion\20260901_091126\runs\run_cantilever_beam_20260901_095009_590612_8944\Explorer\metadata_S4_dual.json,C:\dev\PIDO\IIT_PIDO\result\bench\aion\20260901_091126\runs\run_cantilever_beam_20260901_095009_590612_8944\Explorer\artifacts\public\S4_dual\selected_bounds.json,C:\dev\PIDO\IIT_PIDO\result\bench\aion\20260901_091126\runs\run_cantilever_beam_20260901_095009_590612_8944,4,90,10.0,,52b772442c8a7b87ea77e3cc7bca86ca3791f476,consume_all,0.1,0.1,adaptive_p_gt_6_keep,10.0,9,True,False,True,63,0.5,0.6666666666666666,0.5673824764290306,0.917458466754383,0.75,0.9333333333333333,0.3940978417082861,0.9205698821338419,0.6421211470335251,0.9162635244015864,ema,True,1.0,0.55,0.75,0.65,True,0.35,2,True,True,0.22,2,2,0.2,2,0.4,0.12,0.3,7.4,0.5,20.0,90,90,True,6,6,0,4.0,2,1,1,0,1,0,0,0,,,,,,,,,0.7777777777777778,budget_exhausted,9,90,10.0,True,bounds,3.0,1e-12,0.5259807530635032,0,C:\dev\PIDO\IIT_PIDO\result\bench\aion\20260901_091126\runs\run_cantilever_beam_20260901_095009_590612_8944\DOE\metadata.json,s4,dual_refine_ei,4,90,22.5,0.24990000000003731,score_beta_sigma,0.2,0.5138372835725742,22,48.72617351157112,0.07556361260198691,pred_obj_aligned_or_unknown,0.18269303436851886,0.052013245964336687,0.35,1.3,True,True,11.11111111111111,11.11111111111111,"[0.9636145066699313, 1.077648439942428, 1.0819058138544446, 0.8768312395331961]",10,routed_v2,40.0,40.0,22.5,0.25,0.75,10.0,30.0,0.052013245964336687,0.18269303436851886,True,0.5,0.55,0.7159110372247315,True,0.2499,0.24990000000003731,False,False,[],False,[],False,"{'applied': False, 'reason': 'dim_gate', 'center_l1_before': None, 'center_l1_after': None, 'current_volume_ratio': None, 'volume_ratio_after': None}",1,1,pass
18,18,cantilever_beam,17042,S4_dual,S4_dual,,False,True,1,1,4,high_dim_active,"[""h1"", ""b1"", ""b2"", ""H""]",4,0,100.0,True,True,0.24990000000046533,24.990000000046532,1,True,C:\dev\PIDO\IIT_PIDO\result\bench\aion\20260901_091126\runs\run_cantilever_beam_20260901_095237_712721_0050\Explorer\metadata_S4_dual.json,C:\dev\PIDO\IIT_PIDO\result\bench\aion\20260901_091126\runs\run_cantilever_beam_20260901_095237_712721_0050\Explorer\artifacts\public\S4_dual\selected_bounds.json,C:\dev\PIDO\IIT_PIDO\result\bench\aion\20260901_091126\runs\run_cantilever_beam_20260901_095237_712721_0050,4,90,10.0,,52b772442c8a7b87ea77e3cc7bca86ca3791f476,consume_all,0.1,0.1,adaptive_p_gt_6_keep,10.0,9,True,False,True,63,0.8333333333333334,0.8333333333333334,0.6192984894819757,0.9146864472557263,0.6190476190476191,0.8596491228070176,0.4475035767197491,0.9283243909306362,0.625366109592195,0.9044809752178589,ema,True,1.0,0.55,0.75,0.65,True,0.35,2,True,True,0.22,2,2,0.2,2,0.4,0.12,0.3,7.4,0.5,20.0,90,90,True,6,6,0,4.0,2,1,4,0,4,0,0,0,,,,,,,,,0.7777777777777778,budget_exhausted,9,90,10.0,True,bounds,3.0,1e-12,0.6149014892957152,0,C:\dev\PIDO\IIT_PIDO\result\bench\aion\20260901_091126\runs\run_cantilever_beam_20260901_095237_712721_0050\DOE\metadata.json,s4,dual_refine_ei,4,90,22.5,0.24990000000046533,score_beta_sigma,0.2,0.5910131443776125,22,17.737415326527966,0.005817182225276953,pred_obj_aligned_or_unknown,0.163969694402482,0.08497097829779839,0.35,1.3,True,True,11.11111111111111,11.11111111111111,"[1.0501524528351314, 0.9673309464383485, 1.020778009067189, 0.9617385916593308]",10,routed_v2,40.0,40.0,22.5,0.25,0.75,10.0,30.0,0.08497097829779839,0.163969694402482,True,0.5,0.55,0.727874205814566,True,0.2499,0.24990000000046533,False,False,[],False,[],False,"{'applied': False, 'reason': 'dim_gate', 'center_l1_before': None, 'center_l1_after': None, 'current_volume_ratio': None, 'volume_ratio_after': None}",1,1,pass
19,19,cantilever_beam,18042,S4_dual,S4_dual,,False,True,1,1,4,high_dim_active,"[""h1"", ""b1"", ""b2"", ""H""]",4,0,100.0,True,True,0.24990000000025095,24.990000000025095,1,True,C:\dev\PIDO\IIT_PIDO\result\bench\aion\20260901_091126\runs\run_cantilever_beam_20260901_095524_635166_0585\Explorer\metadata_S4_dual.json,C:\dev\PIDO\IIT_PIDO\result\bench\aion\20260901_091126\runs\run_cantilever_beam_20260901_095524_635166_0585\Explorer\artifacts\public\S4_dual\selected_bounds.json,C:\dev\PIDO\IIT_PIDO\result\bench\aion\20260901_091126\runs\run_cantilever_beam_20260901_095524_635166_0585,4,90,10.0,,52b772442c8a7b87ea77e3cc7bca86ca3791f476,consume_all,0.1,0.1,adaptive_p_gt_6_keep,10.0,9,True,False,True,63,0.8333333333333334,0.6666666666666666,0.5964807198283161,0.910199782206508,0.6666666666666666,0.8823529411764706,0.4239439809971582,0.9215771595495933,0.6220417716083565,0.8991175359908912,ema,True,1.0,0.55,0.75,0.65,True,0.35,2,True,True,0.22,2,2,0.2,2,0.4,0.12,0.3,7.4,0.5,20.0,90,90,True,6,6,0,4.0,2,1,3,0,3,0,0,0,,,,,,,,,0.7777777777777778,budget_exhausted,9,90,10.0,True,bounds,3.0,1e-12,0.06916064693394199,0,C:\dev\PIDO\IIT_PIDO\result\bench\aion\20260901_091126\runs\run_cantilever_beam_20260901_095524_635166_0585\DOE\metadata.json,s4,dual_refine_ei,4,90,22.5,0.24990000000025095,score_beta_sigma,0.2,0.421320403675556,5,52.12628411996567,,pred_obj_disjoint,0.0005899280131849452,0.27617776587388304,0.35,1.3,True,True,11.11111111111111,11.11111111111111,,0,routed_v2,40.0,40.0,22.5,0.0,1.0,0.0,40.0,0.27617776587388304,0.0005899280131849452,True,0.5,0.55,0.7471006138362836,True,0.2499,0.24990000000025095,False,False,[],False,[],False,"{'applied': False, 'reason': 'dim_gate', 'center_l1_before': None, 'center_l1_after': None, 'current_volume_ratio': None, 'volume_ratio_after': None}",1,1,pass
20,20,cantilever_beam,19042,S4_dual,S4_dual,,False,False,0,1,4,high_dim_active,"[""h1"", ""b1"", ""b2"", ""H""]",4,0,100.0,True,True,0.24990000000002777,24.990000000002777,0,False,C:\dev\PIDO\IIT_PIDO\result\bench\aion\20260901_091126\runs\run_cantilever_beam_20260901_095746_065986_71ca\Explorer\metadata_S4_dual.json,C:\dev\PIDO\IIT_PIDO\result\bench\aion\20260901_091126\runs\run_cantilever_beam_20260901_095746_065986_71ca\Explorer\artifacts\public\S4_dual\selected_bounds.json,C:\dev\PIDO\IIT_PIDO\result\bench\aion\20260901_091126\runs\run_cantilever_beam_20260901_095746_065986_71ca,4,90,10.0,,52b772442c8a7b87ea77e3cc7bca86ca3791f476,consume_all,0.1,0.1,adaptive_p_gt_6_keep,10.0,9,True,False,True,63,0.8333333333333334,0.6666666666666666,0.6479997954525001,0.9116198107716781,0.6666666666666666,0.8529411764705882,0.4681391757703195,0.9278093555338872,0.6594580618523884,0.8970844966777658,ema,True,1.0,0.55,0.75,0.65,True,0.35,2,True,True,0.22,2,2,0.2,2,0.4,0.12,0.3,7.4,0.5,20.0,90,90,True,6,6,0,4.0,2,1,3,0,3,0,0,0,,,,,,,,,0.7777777777777778,budget_exhausted,9,90,10.0,True,bounds,3.0,1e-12,0.4997946376189801,0,C:\dev\PIDO\IIT_PIDO\result\bench\aion\20260901_091126\runs\run_cantilever_beam_20260901_095746_065986_71ca\DOE\metadata.json,s4,dual_refine_ei,4,90,22.5,0.24990000000002777,score_beta_sigma,0.2,0.4386955695380718,3,40.63560456869803,,pred_obj_disjoint,0.002865874141286527,0.12662246235969754,0.35,1.3,True,True,11.11111111111111,11.11111111111111,"[1.0471229864332394, 1.064484236161171, 0.8412697340118792, 1.0471230433937102]",0,routed_v2,40.0,40.0,22.5,0.0,1.0,0.0,40.0,0.12662246235969754,0.002865874141286527,True,0.5,0.55,0.613064229883683,True,0.2499,0.24990000000002777,False,False,[],False,[],False,"{'applied': False, 'reason': 'dim_gate', 'center_l1_before': None, 'center_l1_after': None, 'current_volume_ratio': None, 'volume_ratio_after': None}",1,0,over_shrink_fail
21,21,cantilever_beam,20042,S4_dual,S4_dual,,False,True,1,1,4,high_dim_active,"[""h1"", ""b1"", ""b2"", ""H""]",4,0,100.0,True,True,0.24989999999999996,24.989999999999995,1,True,C:\dev\PIDO\IIT_PIDO\result\bench\aion\20260901_091126\runs\run_cantilever_beam_20260901_100024_740798_c14e\Explorer\metadata_S4_dual.json,C:\dev\PIDO\IIT_PIDO\result\bench\aion\20260901_091126\runs\run_cantilever_beam_20260901_100024_740798_c14e\Explorer\artifacts\public\S4_dual\selected_bounds.json,C:\dev\PIDO\IIT_PIDO\result\bench\aion\20260901_091126\runs\run_cantilever_beam_20260901_100024_740798_c14e,4,90,10.0,,52b772442c8a7b87ea77e3cc7bca86ca3791f476,consume_all,0.1,0.1,adaptive_p_gt_6_keep,10.0,9,True,False,True,63,0.5,1.0,0.553256643466947,0.9358094433530483,0.5,0.9487179487179487,0.40454060794641794,0.9324151371036035,0.5782589897889648,0.9368282891560309,ema,True,1.0,0.55,0.75,0.65,True,0.35,2,True,True,0.22,2,2,0.2,2,0.4,0.12,0.3,7.4,0.5,20.0,90,90,True,6,6,0,4.0,2,1,3,0,3,0,0,0,,,,,,,,,0.7777777777777778,budget_exhausted,9,90,10.0,True,bounds,3.0,1e-12,0.3279710589365869,0,C:\dev\PIDO\IIT_PIDO\result\bench\aion\20260901_091126\runs\run_cantilever_beam_20260901_100024_740798_c14e\DOE\metadata.json,s4,dual_refine_ei,4,90,22.5,0.24989999999999996,score_beta_sigma,0.2,0.44605084389417576,22,42.70910281381747,0.006356834519240091,pred_obj_aligned_or_unknown,0.3054441780983853,0.0706869505218467,0.35,1.3,True,True,11.11111111111111,11.11111111111111,,12,routed_v2,40.0,40.0,22.5,0.3,0.7,12.0,28.0,0.0706869505218467,0.3054441780983853,False,0.5,0.45,0.36,True,0.2499,0.24989999999999996,False,False,[],False,[],False,"{'applied': False, 'reason': 'dim_gate', 'center_l1_before': None, 'center_l1_after': None, 'current_volume_ratio': None, 'volume_ratio_after': None}",1,1,pass
22,22,cantilever_beam,21042,S4_dual,S4_dual,,False,True,1,1,4,high_dim_active,"[""h1"", ""b1"", ""b2"", ""H""]",4,0,100.0,True,True,0.2499000000000867,24.99000000000867,1,True,C:\dev\PIDO\IIT_PIDO\result\bench\aion\20260901_091126\runs\run_cantilever_beam_20260901_100240_628802_5844\Explorer\metadata_S4_dual.json,C:\dev\PIDO\IIT_PIDO\result\bench\aion\20260901_091126\runs\run_cantilever_beam_20260901_100240_628802_5844\Explorer\artifacts\public\S4_dual\selected_bounds.json,C:\dev\PIDO\IIT_PIDO\result\bench\aion\20260901_091126\runs\run_cantilever_beam_20260901_100240_628802_5844,4,90,10.0,,52b772442c8a7b87ea77e3cc7bca86ca3791f476,consume_all,0.1,0.1,adaptive_p_gt_6_keep,10.0,9,True,False,True,63,0.8333333333333334,1.0,0.6145281466591123,0.9346901751328193,0.6,0.9512195121951219,0.46142586209997344,0.9446500770801342,0.6078456972839522,0.9355637907310078,ema,True,1.0,0.55,0.75,0.65,True,0.35,2,True,True,0.22,2,2,0.2,2,0.4,0.12,0.3,7.4,0.5,20.0,90,90,True,6,6,0,4.0,2,1,5,0,5,0,0,0,,,,,,,,,0.7777777777777778,budget_exhausted,9,90,10.0,True,bounds,3.0,1e-12,0.535506012697373,0,C:\dev\PIDO\IIT_PIDO\result\bench\aion\20260901_091126\runs\run_cantilever_beam_20260901_100240_628802_5844\DOE\metadata.json,s4,dual_refine_ei,4,90,22.5,0.2499000000000867,score_beta_sigma,0.2,0.5511352568791804,22,20.60493278231768,0.0003442719822990095,pred_obj_aligned_or_unknown,0.26710439967486665,0.07744471463662797,0.35,1.3,True,True,11.11111111111111,11.11111111111111,,10,routed_v2,40.0,40.0,22.5,0.25,0.75,10.0,30.0,0.07744471463662797,0.26710439967486665,False,0.5,0.45,0.3600000000000001,True,0.2499,0.2499000000000867,False,False,[],False,[],False,"{'applied': False, 'reason': 'dim_gate', 'center_l1_before': None, 'center_l1_after': None, 'current_volume_ratio': None, 'volume_ratio_after': None}",1,1,pass
23,23,cantilever_beam,22042,S4_dual,S4_dual,,False,True,1,1,4,high_dim_active,"[""h1"", ""b1"", ""b2"", ""H""]",4,0,100.0,True,True,0.24990000000017487,24.99000000001749,1,True,C:\dev\PIDO\IIT_PIDO\result\bench\aion\20260901_091126\runs\run_cantilever_beam_20260901_100515_978142_46fb\Explorer\metadata_S4_dual.json,C:\dev\PIDO\IIT_PIDO\result\bench\aion\20260901_091126\runs\run_cantilever_beam_20260901_100515_978142_46fb\Explorer\artifacts\public\S4_dual\selected_bounds.json,C:\dev\PIDO\IIT_PIDO\result\bench\aion\20260901_091126\runs\run_cantilever_beam_20260901_100515_978142_46fb,4,90,10.0,,52b772442c8a7b87ea77e3cc7bca86ca3791f476,consume_all,0.1,0.1,adaptive_p_gt_6_keep,10.0,9,True,False,True,63,0.8333333333333334,1.0,0.5806247040293119,0.9409145953887815,0.625,0.9761904761904762,0.41320280702641043,0.9374095781537589,0.5961162373203699,0.9484966767053367,ema,True,1.0,0.55,0.75,0.65,True,0.35,2,True,True,0.22,2,2,0.2,2,0.4,0.12,0.3,7.4,0.5,20.0,90,90,True,6,6,0,4.0,2,1,5,0,5,0,0,0,,,,,,,,,0.7777777777777778,budget_exhausted,9,90,10.0,True,bounds,3.0,1e-12,0.41971699963787273,0,C:\dev\PIDO\IIT_PIDO\result\bench\aion\20260901_091126\runs\run_cantilever_beam_20260901_100515_978142_46fb\DOE\metadata.json,s4,dual_refine_ei,4,90,22.5,0.24990000000017487,score_beta_sigma,0.2,0.7519208424926257,2,10.730356623986387,,pred_obj_disjoint,0.0,0.3051017430122088,0.35,1.3,True,True,11.11111111111111,11.11111111111111,"[0.9038186548125001, 1.0690790350317598, 1.18955175772534, 0.8375505524304001]",0,routed_v2,40.0,40.0,22.5,0.0,1.0,0.0,40.0,0.3051017430122088,0.0,True,0.5,0.55,0.44000000000000006,True,0.2499,0.24990000000017487,False,False,[],False,[],False,"{'applied': False, 'reason': 'dim_gate', 'center_l1_before': None, 'center_l1_after': None, 'current_volume_ratio': None, 'volume_ratio_after': None}",1,1,pass
24,24,cantilever_beam,23042,S4_dual,S4_dual,,False,False,0,1,4,high_dim_active,"[""h1"", ""b1"", ""b2"", ""H""]",4,0,100.0,True,True,0.24990000000010432,24.990000000010433,0,False,C:\dev\PIDO\IIT_PIDO\result\bench\aion\20260901_091126\runs\run_cantilever_beam_20260901_100756_061974_2aaa\Explorer\metadata_S4_dual.json,C:\dev\PIDO\IIT_PIDO\result\bench\aion\20260901_091126\runs\run_cantilever_beam_20260901_100756_061974_2aaa\Explorer\artifacts\public\S4_dual\selected_bounds.json,C:\dev\PIDO\IIT_PIDO\result\bench\aion\20260901_091126\runs\run_cantilever_beam_20260901_100756_061974_2aaa,4,90,10.0,,52b772442c8a7b87ea77e3cc7bca86ca3791f476,consume_all,0.1,0.1,adaptive_p_gt_6_keep,10.0,9,True,False,True,63,0.5,0.8333333333333334,0.5725361891586134,0.9073641947830798,0.7142857142857143,0.85,0.4112365644283125,0.9230353499582714,0.6352158242448233,0.8933122478649328,ema,True,1.0,0.55,0.75,0.65,True,0.35,2,True,True,0.22,2,2,0.2,2,0.4,0.12,0.3,7.4,0.5,20.0,90,90,True,6,6,0,4.0,2,1,2,0,2,0,0,0,,,,,,,,,0.7777777777777778,budget_exhausted,9,90,10.0,True,bounds,3.0,1e-12,0.05887522607002454,0,C:\dev\PIDO\IIT_PIDO\result\bench\aion\20260901_091126\runs\run_cantilever_beam_20260901_100756_061974_2aaa\DOE\metadata.json,s4,dual_refine_ei,4,90,22.5,0.24990000000010432,score_beta_sigma,0.2,0.3826020799188427,3,112.33579708385123,,pred_obj_disjoint,0.00013333807569467063,0.19984362582927084,0.35,1.3,True,True,11.11111111111111,11.11111111111111,"[0.9950639653381291, 1.0143400919117187, 0.9912571692501468, 0.9993387735000048]",0,routed_v2,40.0,40.0,22.5,0.0,1.0,0.0,40.0,0.19984362582927084,0.00013333807569467063,True,0.5,0.55,0.44,True,0.2499,0.24990000000010432,False,False,[],False,[],False,"{'applied': False, 'reason': 'dim_gate', 'center_l1_before': None, 'center_l1_after': None, 'current_volume_ratio': None, 'volume_ratio_after': None}",1,0,over_shrink_fail
25,25,cantilever_beam,24042,S4_dual,S4_dual,,False,True,1,1,4,high_dim_active,"[""h1"", ""b1"", ""b2"", ""H""]",4,0,100.0,True,True,0.24990000000024148,24.99000000002415,1,True,C:\dev\PIDO\IIT_PIDO\result\bench\aion\20260901_091126\runs\run_cantilever_beam_20260901_101009_932464_68ce\Explorer\metadata_S4_dual.json,C:\dev\PIDO\IIT_PIDO\result\bench\aion\20260901_091126\runs\run_cantilever_beam_20260901_101009_932464_68ce\Explorer\artifacts\public\S4_dual\selected_bounds.json,C:\dev\PIDO\IIT_PIDO\result\bench\aion\20260901_091126\runs\run_cantilever_beam_20260901_101009_932464_68ce,4,90,10.0,,52b772442c8a7b87ea77e3cc7bca86ca3791f476,consume_all,0.1,0.1,adaptive_p_gt_6_keep,10.0,9,True,False,True,63,0.8333333333333334,0.8333333333333334,0.669126954187421,0.9085617902047313,0.8571428571428571,0.8837209302325582,0.475129132120212,0.9119949639389183,0.7280280171557929,0.9045708585381134,ema,True,1.0,0.55,0.75,0.65,True,0.35,2,True,True,0.22,2,2,0.2,2,0.4,0.12,0.3,7.4,0.5,20.0,90,90,True,6,6,0,4.0,2,1,4,0,4,0,0,0,,,,,,,,,0.7777777777777778,budget_exhausted,9,90,10.0,True,bounds,3.0,1e-12,0.623569105954225,0,C:\dev\PIDO\IIT_PIDO\result\bench\aion\20260901_091126\runs\run_cantilever_beam_20260901_101009_932464_68ce\DOE\metadata.json,s4,dual_refine_ei,4,90,22.5,0.24990000000024148,score_beta_sigma,0.2,0.6063338435372839,22,23.97084637611671,0.09298962307402142,pred_obj_aligned_or_unknown,0.4126101948864751,0.03261561166356884,0.35,1.3,True,True,11.11111111111111,11.11111111111111,"[1.1151639734293881, 1.01409224008656, 0.8942123965352119, 0.9765313899488401]",10,routed_v2,40.0,40.0,22.5,0.25,0.75,10.0,30.0,0.03261561166356884,0.4126101948864751,False,0.5,0.55,0.44000000000000006,True,0.2499,0.24990000000024148,False,False,[],False,[],False,"{'applied': False, 'reason': 'dim_gate', 'center_l1_before': None, 'center_l1_after': None, 'current_volume_ratio': None, 'volume_ratio_after': None}",1,1,pass
26,1,rosenbrock,43,S4_dual,S4_dual,,False,True,1,1,5,high_dim_active,"[""x4"", ""x3"", ""x2"", ""x1"", ""x5""]",5,0,100.0,True,True,0.24990000000031104,24.990000000031102,1,True,C:\dev\PIDO\IIT_PIDO\result\bench\aion\20260901_091126\runs\run_rosenbrock_20260901_101303_010183_5148\Explorer\metadata_S4_dual.json,C:\dev\PIDO\IIT_PIDO\result\bench\aion\20260901_091126\runs\run_rosenbrock_20260901_101303_010183_5148\Explorer\artifacts\public\S4_dual\selected_bounds.json,C:\dev\PIDO\IIT_PIDO\result\bench\aion\20260901_091126\runs\run_rosenbrock_20260901_101303_010183_5148,5,450,40.90909090909091,,cc20a45881f70dbd374be199ce96f9e63a6e96ad,consume_all,0.1,0.1,adaptive_np_high_keep,40.90909090909091,11,False,False,True,315,0.9,0.7,0.7592848949116769,0.9149278590070032,0.7142857142857143,0.9333333333333333,0.7411688501899637,0.9120427165144098,0.7590863946553784,0.9139480810651249,ema,True,1.0,0.55,0.75,0.65,True,0.35,2,True,True,0.22,2,2,0.2,2,0.4,0.12,0.3,10.0,0.5,20.0,450,450,True,10,10,0,0.0,9,2,6,0,6,0,0,0,,,,,,,,,0.3,budget_exhausted,11,450,40.90909090909091,True,bounds,3.0,1e-12,0.2594688174646163,0,C:\dev\PIDO\IIT_PIDO\result\bench\aion\20260901_091126\runs\run_rosenbrock_20260901_101303_010183_5148\DOE\metadata.json,s4,dual_refine_ei,5,450,90.0,0.24990000000031104,score_beta_sigma,0.2,0.8660805299836595,22,10.770144007581592,,pred_obj_disjoint,0.001061975258033876,0.05451893221888142,0.35,1.3,True,True,1.0,1.0,,0,routed_v2,40.0,40.0,90.0,0.0,1.0,0.0,40.0,0.05451893221888142,0.001061975258033876,True,0.5,0.55,0.4400000000000001,True,0.2499,0.24990000000031104,False,False,[],False,[],False,"{'applied': False, 'reason': 'dim_gate', 'center_l1_before': None, 'center_l1_after': None, 'current_volume_ratio': None, 'volume_ratio_after': None}",1,1,pass
27,2,rosenbrock,1043,S4_dual,S4_dual,,False,True,1,1,5,high_dim_active,"[""x4"", ""x2"", ""x3"", ""x1"", ""x5""]",5,0,100.0,True,True,0.24990000000011306,24.990000000011307,1,True,C:\dev\PIDO\IIT_PIDO\result\bench\aion\20260901_091126\runs\run_rosenbrock_20260901_103008_738779_0c91\Explorer\metadata_S4_dual.json,C:\dev\PIDO\IIT_PIDO\result\bench\aion\20260901_091126\runs\run_rosenbrock_20260901_103008_738779_0c91\Explorer\artifacts\public\S4_dual\selected_bounds.json,C:\dev\PIDO\IIT_PIDO\result\bench\aion\20260901_091126\runs\run_rosenbrock_20260901_103008_738779_0c91,5,450,40.90909090909091,,cc20a45881f70dbd374be199ce96f9e63a6e96ad,consume_all,0.1,0.1,adaptive_np_high_keep,40.90909090909091,11,False,False,True,315,0.6,0.5,0.6085828901732014,0.898723935336489,0.5454545454545454,0.8947368421052632,0.5075017705941186,0.900480088941943,0.6031064809914417,0.8984802962148325,ema,True,1.0,0.55,0.75,0.65,True,0.35,2,True,True,0.22,2,2,0.2,2,0.4,0.12,0.3,10.0,0.5,20.0,450,450,True,10,10,0,1.0,8,2,3,0,3,0,0,0,,,,,,,,,0.44,budget_exhausted,11,450,40.90909090909091,True,bounds,3.0,1e-12,0.2663321352336602,0,C:\dev\PIDO\IIT_PIDO\result\bench\aion\20260901_091126\runs\run_rosenbrock_20260901_103008_738779_0c91\DOE\metadata.json,s4,dual_refine_ei,5,450,90.0,0.24990000000011306,score_beta_sigma,0.2,0.8085740780215439,22,13.363516501799852,,pred_obj_disjoint,4.6335496193442037e-05,0.09323443259469397,0.35,1.3,True,True,1.0,1.0,,0,routed_v2,40.0,40.0,90.0,0.0,1.0,0.0,40.0,0.09323443259469397,4.6335496193442037e-05,True,0.5,0.55,0.5127893792708168,True,0.2499,0.24990000000011306,False,False,[],False,[],False,"{'applied': False, 'reason': 'dim_gate', 'center_l1_before': None, 'center_l1_after': None, 'current_volume_ratio': None, 'volume_ratio_after': None}",1,1,pass
28,3,rosenbrock,2043,S4_dual,S4_dual,,False,True,1,1,5,high_dim_active,"[""x3"", ""x4"", ""x2"", ""x1"", ""x5""]",5,0,100.0,True,True,0.24990000000001175,24.990000000001174,1,True,C:\dev\PIDO\IIT_PIDO\result\bench\aion\20260901_091126\runs\run_rosenbrock_20260901_104546_450234_6e68\Explorer\metadata_S4_dual.json,C:\dev\PIDO\IIT_PIDO\result\bench\aion\20260901_091126\runs\run_rosenbrock_20260901_104546_450234_6e68\Explorer\artifacts\public\S4_dual\selected_bounds.json,C:\dev\PIDO\IIT_PIDO\result\bench\aion\20260901_091126\runs\run_rosenbrock_20260901_104546_450234_6e68,5,450,40.90909090909091,,cc20a45881f70dbd374be199ce96f9e63a6e96ad,consume_all,0.1,0.1,adaptive_np_high_keep,40.90909090909091,11,False,False,True,315,0.7,0.3,0.6679264399843847,0.8857046144132055,0.5,0.8833333333333333,0.647667136029483,0.8982309138868866,0.6582688876260163,0.8706459332369552,ema,True,1.0,0.55,0.75,0.65,True,0.35,2,True,True,0.22,2,2,0.2,2,0.4,0.12,0.3,10.0,0.5,20.0,450,450,True,10,10,0,0.0,9,2,1,0,1,0,0,0,,,,,,,,,0.3,budget_exhausted,11,450,40.90909090909091,True,bounds,3.0,1e-12,0.36828822066807393,0,C:\dev\PIDO\IIT_PIDO\result\bench\aion\20260901_091126\runs\run_rosenbrock_20260901_104546_450234_6e68\DOE\metadata.json,s4,dual_refine_ei,5,450,90.0,0.24990000000001175,score_beta_sigma,0.2,0.8301909731186932,22,13.32767786587864,,pred_obj_disjoint,2.3222702543477243e-05,0.13594855107790801,0.35,1.3,True,True,1.0,1.0,,0,routed_v2,40.0,40.0,90.0,0.0,1.0,0.0,40.0,0.13594855107790801,2.3222702543477243e-05,True,0.5,0.55,0.7121577933270429,True,0.2499,0.24990000000001175,False,False,[],False,[],False,"{'applied': False, 'reason': 'dim_gate', 'center_l1_before': None, 'center_l1_after': None, 'current_volume_ratio': None, 'volume_ratio_after': None}",1,1,pass
29,4,rosenbrock,3043,S4_dual,S4_dual,,False,True,1,1,5,high_dim_active,"[""x3"", ""x4"", ""x2"", ""x1"", ""x5""]",5,0,100.0,True,True,0.24990000000023002,24.990000000023002,1,True,C:\dev\PIDO\IIT_PIDO\result\bench\aion\20260901_091126\runs\run_rosenbrock_20260901_110019_438224_cedd\Explorer\metadata_S4_dual.json,C:\dev\PIDO\IIT_PIDO\result\bench\aion\20260901_091126\runs\run_rosenbrock_20260901_110019_438224_cedd\Explorer\artifacts\public\S4_dual\selected_bounds.json,C:\dev\PIDO\IIT_PIDO\result\bench\aion\20260901_091126\runs\run_rosenbrock_20260901_110019_438224_cedd,5,450,40.90909090909091,,cc20a45881f70dbd374be199ce96f9e63a6e96ad,consume_all,0.1,0.1,adaptive_np_high_keep,40.90909090909091,11,False,False,True,315,0.8,0.5,0.717934511136173,0.8962383783853616,0.7894736842105263,0.8947368421052632,0.6385749885016024,0.8984408606733092,0.7677460384087361,0.8897277815752743,ema,True,1.0,0.55,0.75,0.65,True,0.35,2,True,True,0.22,2,2,0.2,2,0.4,0.12,0.3,10.0,0.5,20.0,450,450,True,10,10,0,1.0,8,2,3,0,3,0,0,0,,,,,,,,,0.44,budget_exhausted,11,450,40.90909090909091,True,bounds,3.0,1e-12,0.5199424092817299,0,C:\dev\PIDO\IIT_PIDO\result\bench\aion\20260901_091126\runs\run_rosenbrock_20260901_110019_438224_cedd\DOE\metadata.json,s4,dual_refine_ei,5,450,90.0,0.24990000000023002,score_beta_sigma,0.2,0.8613212051343124,22,7.97630494203781,0.0564392528445056,pred_obj_disjoint,0.07993919182791294,0.0960208383006245,0.35,1.3,True,True,1.0,1.0,,16,routed_v2,40.0,40.0,90.0,0.4,0.6,16.0,24.0,0.0960208383006245,0.07993919182791294,True,0.5,0.55,0.5281146106534347,True,0.2499,0.24990000000023002,False,False,[],False,[],False,"{'applied': False, 'reason': 'dim_gate', 'center_l1_before': None, 'center_l1_after': None, 'current_volume_ratio': None, 'volume_ratio_after': None}",1,1,pass
30,5,rosenbrock,4043,S4_dual,S4_dual,,False,True,1,1,5,high_dim_active,"[""x3"", ""x4"", ""x2"", ""x1"", ""x5""]",5,0,100.0,True,True,0.24990000000006102,24.990000000006102,1,True,C:\dev\PIDO\IIT_PIDO\result\bench\aion\20260901_091126\runs\run_rosenbrock_20260901_111830_397485_17f9\Explorer\metadata_S4_dual.json,C:\dev\PIDO\IIT_PIDO\result\bench\aion\20260901_091126\runs\run_rosenbrock_20260901_111830_397485_17f9\Explorer\artifacts\public\S4_dual\selected_bounds.json,C:\dev\PIDO\IIT_PIDO\result\bench\aion\20260901_091126\runs\run_rosenbrock_20260901_111830_397485_17f9,5,450,40.90909090909091,,cc20a45881f70dbd374be199ce96f9e63a6e96ad,consume_all,0.1,0.1,adaptive_np_high_keep,40.90909090909091,11,False,False,True,315,0.8,0.7,0.7680274835596188,0.9101149931276808,0.8888888888888888,0.8771929824561403,0.6604636888629163,0.9130629402403262,0.8562166907785025,0.8920629465607245,ema,True,1.0,0.55,0.75,0.65,True,0.35,2,True,True,0.22,2,2,0.2,2,0.4,0.12,0.3,10.0,0.5,20.0,450,450,True,10,10,0,1.0,8,2,5,0,5,0,0,0,,,,,,,,,0.44,budget_exhausted,11,450,40.90909090909091,True,bounds,3.0,1e-12,0.40609623152086677,0,C:\dev\PIDO\IIT_PIDO\result\bench\aion\20260901_091126\runs\run_rosenbrock_20260901_111830_397485_17f9\DOE\metadata.json,s4,dual_refine_ei,5,450,90.0,0.24990000000006102,score_beta_sigma,0.2,0.8771431467711773,15,8.054316882508154,,pred_obj_disjoint,0.0020230746449926592,0.054359027894093456,0.35,1.3,True,True,1.0,1.0,,0,routed_v2,40.0,40.0,90.0,0.0,1.0,0.0,40.0,0.054359027894093456,0.0020230746449926592,True,0.5,0.55,0.44000000000000006,True,0.2499,0.24990000000006102,False,False,[],False,[],False,"{'applied': False, 'reason': 'dim_gate', 'center_l1_before': None, 'center_l1_after': None, 'current_volume_ratio': None, 'volume_ratio_after': None}",1,1,pass
31,6,rosenbrock,5043,S4_dual,S4_dual,,False,True,1,1,5,high_dim_active,"[""x2"", ""x4"", ""x3"", ""x1"", ""x5""]",5,0,100.0,True,True,0.24990000000009277,24.990000000009278,1,True,C:\dev\PIDO\IIT_PIDO\result\bench\aion\20260901_091126\runs\run_rosenbrock_20260901_113458_858862_dfbf\Explorer\metadata_S4_dual.json,C:\dev\PIDO\IIT_PIDO\result\bench\aion\20260901_091126\runs\run_rosenbrock_20260901_113458_858862_dfbf\Explorer\artifacts\public\S4_dual\selected_bounds.json,C:\dev\PIDO\IIT_PIDO\result\bench\aion\20260901_091126\runs\run_rosenbrock_20260901_113458_858862_dfbf,5,450,40.90909090909091,,cc20a45881f70dbd374be199ce96f9e63a6e96ad,consume_all,0.1,0.1,adaptive_np_high_keep,40.90909090909091,11,False,False,True,315,0.8,0.5,0.682718219700271,0.901000307737265,0.7,0.8947368421052632,0.556595127289339,0.9059737234184017,0.7484312744442422,0.8930613392505338,ema,True,1.0,0.55,0.75,0.65,True,0.35,2,True,True,0.22,2,2,0.2,2,0.4,0.12,0.3,10.0,0.5,20.0,450,450,True,10,10,0,1.0,7,2,3,0,3,0,0,0,,,,,,,,,0.44,budget_exhausted,11,450,40.90909090909091,True,bounds,3.0,1e-12,0.26910732377788615,0,C:\dev\PIDO\IIT_PIDO\result\bench\aion\20260901_091126\runs\run_rosenbrock_20260901_113458_858862_dfbf\DOE\metadata.json,s4,dual_refine_ei,5,450,90.0,0.24990000000009277,score_beta_sigma,0.2,0.8465928489772374,22,10.149663016648867,,pred_obj_disjoint,9.320130184141774e-05,0.0714854458390811,0.35,1.3,True,True,1.0,1.0,,0,routed_v2,40.0,40.0,90.0,0.0,1.0,0.0,40.0,0.0714854458390811,9.320130184141774e-05,True,0.5,0.55,0.4400000000000001,True,0.2499,0.24990000000009277,False,False,[],False,[],False,"{'applied': False, 'reason': 'dim_gate', 'center_l1_before': None, 'center_l1_after': None, 'current_volume_ratio': None, 'volume_ratio_after': None}",1,1,pass
32,7,rosenbrock,6043,S4_dual,S4_dual,,False,True,1,1,5,high_dim_active,"[""x4"", ""x2"", ""x3"", ""x1"", ""x5""]",5,0,100.0,True,True,0.2499000000001855,24.99000000001855,1,True,C:\dev\PIDO\IIT_PIDO\result\bench\aion\20260901_091126\runs\run_rosenbrock_20260901_115139_886536_3e8c\Explorer\metadata_S4_dual.json,C:\dev\PIDO\IIT_PIDO\result\bench\aion\20260901_091126\runs\run_rosenbrock_20260901_115139_886536_3e8c\Explorer\artifacts\public\S4_dual\selected_bounds.json,C:\dev\PIDO\IIT_PIDO\result\bench\aion\20260901_091126\runs\run_rosenbrock_20260901_115139_886536_3e8c,5,450,40.90909090909091,,cc20a45881f70dbd374be199ce96f9e63a6e96ad,consume_all,0.1,0.1,adaptive_np_high_keep,40.90909090909091,11,False,False,True,315,0.3,0.5,0.5739976918844402,0.8959964848168502,0.5652173913043478,0.8333333333333334,0.5949265016841038,0.9072054047279842,0.5598727804524581,0.8626601504174589,ema,True,1.0,0.55,0.75,0.65,True,0.35,2,True,True,0.22,2,2,0.2,2,0.4,0.12,0.3,10.0,0.5,20.0,450,450,True,10,10,0,0.0,9,2,2,0,2,0,0,0,,,,,,,,,0.3,budget_exhausted,11,450,40.90909090909091,True,bounds,3.0,1e-12,0.27922534871187227,0,C:\dev\PIDO\IIT_PIDO\result\bench\aion\20260901_091126\runs\run_rosenbrock_20260901_115139_886536_3e8c\DOE\metadata.json,s4,dual_refine_ei,5,450,90.0,0.2499000000001855,score_beta_sigma,0.2,0.8406366617624931,22,14.760872499541787,,pred_obj_disjoint,0.01933273768130384,0.08282184399318274,0.35,1.3,True,True,1.0,1.0,,0,routed_v2,40.0,40.0,90.0,0.0,1.0,0.0,40.0,0.08282184399318274,0.01933273768130384,True,0.5,0.55,0.45552014196250507,True,0.2499,0.2499000000001855,False,False,[],False,[],False,"{'applied': False, 'reason': 'dim_gate', 'center_l1_before': None, 'center_l1_after': None, 'current_volume_ratio': None, 'volume_ratio_after': None}",1,1,pass
33,8,rosenbrock,7043,S4_dual,S4_dual,,False,True,1,1,5,high_dim_active,"[""x3"", ""x4"", ""x2"", ""x1"", ""x5""]",5,0,100.0,True,True,0.24990000000027032,24.99000000002703,1,True,C:\dev\PIDO\IIT_PIDO\result\bench\aion\20260901_091126\runs\run_rosenbrock_20260901_120809_818838_67e6\Explorer\metadata_S4_dual.json,C:\dev\PIDO\IIT_PIDO\result\bench\aion\20260901_091126\runs\run_rosenbrock_20260901_120809_818838_67e6\Explorer\artifacts\public\S4_dual\selected_bounds.json,C:\dev\PIDO\IIT_PIDO\result\bench\aion\20260901_091126\runs\run_rosenbrock_20260901_120809_818838_67e6,5,450,40.90909090909091,,cc20a45881f70dbd374be199ce96f9e63a6e96ad,consume_all,0.1,0.1,adaptive_np_high_keep,40.90909090909091,11,False,False,True,315,0.8,0.4,0.6821058893792517,0.8933125281616696,0.7,0.8596491228070176,0.5565109713768366,0.8977551384803792,0.7455872583983807,0.8792528553046293,ema,True,1.0,0.55,0.75,0.65,True,0.35,2,True,True,0.22,2,2,0.2,2,0.4,0.12,0.3,10.0,0.5,20.0,450,450,True,10,10,0,1.0,8,2,3,0,3,0,0,0,,,,,,,,,0.44,budget_exhausted,11,450,40.90909090909091,True,bounds,3.0,1e-12,0.4729695203005171,0,C:\dev\PIDO\IIT_PIDO\result\bench\aion\20260901_091126\runs\run_rosenbrock_20260901_120809_818838_67e6\DOE\metadata.json,s4,dual_refine_ei,5,450,90.0,0.24990000000027032,score_beta_sigma,0.2,0.8477330727263458,22,9.94176702479974,,pred_obj_disjoint,0.045037155867054944,0.03325038809719888,0.35,1.3,True,True,1.0,1.0,,0,routed_v2,40.0,40.0,90.0,0.0,1.0,0.0,40.0,0.03325038809719888,0.045037155867054944,True,0.5,0.55,0.44000000000000006,True,0.2499,0.24990000000027032,False,False,[],False,[],False,"{'applied': False, 'reason': 'dim_gate', 'center_l1_before': None, 'center_l1_after': None, 'current_volume_ratio': None, 'volume_ratio_after': None}",1,1,pass
34,9,rosenbrock,8043,S4_dual,S4_dual,,False,True,1,1,5,high_dim_active,"[""x2"", ""x4"", ""x3"", ""x1"", ""x5""]",5,0,100.0,True,True,0.24990000000027018,24.990000000027017,1,True,C:\dev\PIDO\IIT_PIDO\result\bench\aion\20260901_091126\runs\run_rosenbrock_20260901_122436_101173_d865\Explorer\metadata_S4_dual.json,C:\dev\PIDO\IIT_PIDO\result\bench\aion\20260901_091126\runs\run_rosenbrock_20260901_122436_101173_d865\Explorer\artifacts\public\S4_dual\selected_bounds.json,C:\dev\PIDO\IIT_PIDO\result\bench\aion\20260901_091126\runs\run_rosenbrock_20260901_122436_101173_d865,5,450,40.90909090909091,,cc20a45881f70dbd374be199ce96f9e63a6e96ad,consume_all,0.1,0.1,adaptive_np_high_keep,40.90909090909091,11,False,False,True,315,0.3,0.4,0.5857952913119702,0.8975025853188517,0.4782608695652174,0.8947368421052632,0.5580608842383697,0.9049971430345941,0.5948458071723062,0.8882161177943539,ema,True,1.0,0.55,0.75,0.65,True,0.35,2,True,True,0.22,2,2,0.2,2,0.4,0.12,0.3,10.0,0.5,20.0,450,450,True,10,10,0,1.0,9,1,1,0,1,0,0,0,,,,,,,,,0.44,budget_exhausted,11,450,40.90909090909091,True,bounds,3.0,1e-12,0.24173117101672403,0,C:\dev\PIDO\IIT_PIDO\result\bench\aion\20260901_091126\runs\run_rosenbrock_20260901_122436_101173_d865\DOE\metadata.json,s4,dual_refine_ei,5,450,90.0,0.24990000000027018,score_beta_sigma,0.2,0.8544141396042348,22,10.732585637427729,,pred_obj_disjoint,0.000711537784965958,0.0686169628324499,0.35,1.3,True,True,1.0,1.0,,0,routed_v2,40.0,40.0,90.0,0.0,1.0,0.0,40.0,0.0686169628324499,0.000711537784965958,True,0.5,0.55,0.44000000000000006,True,0.2499,0.24990000000027018,False,False,[],False,[],False,"{'applied': False, 'reason': 'dim_gate', 'center_l1_before': None, 'center_l1_after': None, 'current_volume_ratio': None, 'volume_ratio_after': None}",1,1,pass
35,10,rosenbrock,9043,S4_dual,S4_dual,,False,True,1,1,5,high_dim_active,"[""x3"", ""x2"", ""x4"", ""x1"", ""x5""]",5,0,100.0,True,True,0.2499000000002831,24.99000000002831,1,True,C:\dev\PIDO\IIT_PIDO\result\bench\aion\20260901_091126\runs\run_rosenbrock_20260901_124102_001570_c3e2\Explorer\metadata_S4_dual.json,C:\dev\PIDO\IIT_PIDO\result\bench\aion\20260901_091126\runs\run_rosenbrock_20260901_124102_001570_c3e2\Explorer\artifacts\public\S4_dual\selected_bounds.json,C:\dev\PIDO\IIT_PIDO\result\bench\aion\20260901_091126\runs\run_rosenbrock_20260901_124102_001570_c3e2,5,450,40.90909090909091,,cc20a45881f70dbd374be199ce96f9e63a6e96ad,consume_all,0.1,0.1,adaptive_np_high_keep,40.90909090909091,11,False,False,True,315,0.7,0.7,0.6446269243243486,0.9113382941391748,0.6190476190476191,0.8596491228070176,0.6026679277857577,0.9152110548771173,0.6390171704342528,0.8966069904098577,ema,True,1.0,0.55,0.75,0.65,True,0.35,2,True,True,0.22,2,2,0.2,2,0.4,0.12,0.3,10.0,0.5,20.0,450,450,True,10,10,0,1.0,9,1,5,0,5,0,0,0,,,,,,,,,0.44,budget_exhausted,11,450,40.90909090909091,True,bounds,3.0,1e-12,0.22404830216306781,0,C:\dev\PIDO\IIT_PIDO\result\bench\aion\20260901_091126\runs\run_rosenbrock_20260901_124102_001570_c3e2\DOE\metadata.json,s4,dual_refine_ei,5,450,90.0,0.2499000000002831,score_beta_sigma,0.2,0.8775655392472242,22,8.511591320793427,,pred_obj_disjoint,9.709044203321052e-05,0.09853524475835093,0.35,1.3,True,True,1.0,1.0,,0,routed_v2,40.0,40.0,90.0,0.0,1.0,0.0,40.0,0.09853524475835093,9.709044203321052e-05,True,0.5,0.55,0.5336624851815518,True,0.2499,0.2499000000002831,False,False,[],False,[],False,"{'applied': False, 'reason': 'dim_gate', 'center_l1_before': None, 'center_l1_after': None, 'current_volume_ratio': None, 'volume_ratio_after': None}",1,1,pass
36,1,goldstein_price,44,S4_dual,S4_dual,,False,True,1,1,2,low_dim_active,"[""x2"", ""x1""]",2,0,100.0,True,True,0.2499,24.990000000000002,1,True,C:\dev\PIDO\IIT_PIDO\result\bench\aion\20260901_091126\runs\run_goldstein_price_20260901_125807_033036_b9d8\Explorer\metadata_S4_dual.json,C:\dev\PIDO\IIT_PIDO\result\bench\aion\20260901_091126\runs\run_goldstein_price_20260901_125807_033036_b9d8\Explorer\artifacts\public\S4_dual\selected_bounds.json,C:\dev\PIDO\IIT_PIDO\result\bench\aion\20260901_091126\runs\run_goldstein_price_20260901_125807_033036_b9d8,2,150,30.0,,a41d1d3879efabbc39cd401627ac78419a78821b,consume_all,0.1,0.1,adaptive_np_high_keep,30.0,5,False,False,True,105,0.5,1.0,0.5274340017343401,0.9320597361833525,0.6,0.9333333333333333,0.4465547226631389,0.9279174313807579,0.5914671131356843,0.9365904324535304,ema,True,1.0,0.55,0.75,0.65,True,0.35,2,True,True,0.22,2,2,0.2,2,0.4,0.12,0.3,10.0,0.5,20.0,150,150,True,10,10,0,4.0,6,1,5,0,5,0,0,0,,,,,,,,,0.72,budget_exhausted,5,150,30.0,True,bounds,3.0,1e-12,0.47328318899472643,0,C:\dev\PIDO\IIT_PIDO\result\bench\aion\20260901_091126\runs\run_goldstein_price_20260901_125807_033036_b9d8\DOE\metadata.json,s4_obj,dual_refine_ei,2,150,75.0,0.2499,score,0.0,0.05515672552376737,2,21009.53493468245,,,,,0.35,1.3,True,True,1.0,1.0,,0,,,,,,,,,,,False,,,,False,0.2499,0.2499,False,False,[],False,[],False,"{'applied': False, 'reason': 'center_l1_gate', 'center_l1_before': 0.13525046115078876, 'center_l1_after': None, 'current_volume_ratio': 0.2499, 'volume_ratio_after': None, 'near_cap_relative_volume': 1.0, 'near_cap_min_ratio': 0.98, 'near_cap_max_ratio': 1.01, 'trigger': 'near_cap'}",1,1,pass
37,2,goldstein_price,1044,S4_dual,S4_dual,,False,True,1,1,2,low_dim_active,"[""x2"", ""x1""]",2,0,100.0,True,True,0.24990000000040985,24.990000000040986,1,True,C:\dev\PIDO\IIT_PIDO\result\bench\aion\20260901_091126\runs\run_goldstein_price_20260901_130114_736098_355a\Explorer\metadata_S4_dual.json,C:\dev\PIDO\IIT_PIDO\result\bench\aion\20260901_091126\runs\run_goldstein_price_20260901_130114_736098_355a\Explorer\artifacts\public\S4_dual\selected_bounds.json,C:\dev\PIDO\IIT_PIDO\result\bench\aion\20260901_091126\runs\run_goldstein_price_20260901_130114_736098_355a,2,150,30.0,,a41d1d3879efabbc39cd401627ac78419a78821b,consume_all,0.1,0.1,adaptive_np_high_keep,30.0,5,False,False,True,105,0.25,0.625,0.4850103295032648,0.8963330654318853,0.6923076923076923,0.9166666666666666,0.37835313411190014,0.8832664696273334,0.5647095380421538,0.9086678266159458,ema,True,1.0,0.55,0.75,0.65,True,0.35,2,True,True,0.22,2,2,0.2,2,0.4,0.12,0.3,10.0,0.5,20.0,150,150,True,8,8,0,7.0,1,1,1,0,1,0,0,0,,,,,,,,,0.92,budget_exhausted,5,150,30.0,True,bounds,3.0,1e-12,0.5440218881142604,0,C:\dev\PIDO\IIT_PIDO\result\bench\aion\20260901_091126\runs\run_goldstein_price_20260901_130114_736098_355a\DOE\metadata.json,s4_obj,dual_refine_ei,2,150,75.0,0.24990000000040985,score,0.0,0.49245218558958387,22,1083.7026340208595,,,,,0.35,1.3,True,True,1.0,1.0,,0,,,,,,,,,,,False,,,,False,0.2499,0.24990000000040985,False,False,[],False,[],False,"{'applied': False, 'reason': 'center_l1_gate', 'center_l1_before': 0.16793493191651648, 'center_l1_after': None, 'current_volume_ratio': 0.24990000000040985, 'volume_ratio_after': None, 'near_cap_relative_volume': 1.00000000000164, 'near_cap_min_ratio': 0.98, 'near_cap_max_ratio': 1.01, 'trigger': 'near_cap'}",1,1,pass
38,3,goldstein_price,2044,S4_dual,S4_dual,,False,True,1,1,2,low_dim_active,"[""x2"", ""x1""]",2,0,100.0,True,True,0.2499,24.990000000000002,1,True,C:\dev\PIDO\IIT_PIDO\result\bench\aion\20260901_091126\runs\run_goldstein_price_20260901_130427_536528_348d\Explorer\metadata_S4_dual.json,C:\dev\PIDO\IIT_PIDO\result\bench\aion\20260901_091126\runs\run_goldstein_price_20260901_130427_536528_348d\Explorer\artifacts\public\S4_dual\selected_bounds.json,C:\dev\PIDO\IIT_PIDO\result\bench\aion\20260901_091126\runs\run_goldstein_price_20260901_130427_536528_348d,2,150,30.0,,a41d1d3879efabbc39cd401627ac78419a78821b,consume_all,0.1,0.1,adaptive_np_high_keep,30.0,5,False,False,True,105,0.5,0.375,0.4949761992392989,0.8946755857144639,0.6923076923076923,0.8888888888888888,0.3855698103748254,0.8903628506534607,0.5669412336369292,0.8923874594569232,ema,True,1.0,0.55,0.75,0.65,True,0.35,2,True,True,0.22,2,2,0.2,2,0.4,0.12,0.3,10.0,0.5,20.0,150,150,True,8,8,0,7.0,1,1,2,0,2,0,0,0,,,,,,,,,0.92,budget_exhausted,5,150,30.0,True,bounds,3.0,1e-12,0.6117647794640849,0,C:\dev\PIDO\IIT_PIDO\result\bench\aion\20260901_091126\runs\run_goldstein_price_20260901_130427_536528_348d\DOE\metadata.json,s4_obj,dual_refine_ei,2,150,75.0,0.2499,score,0.0,0.07877555132393896,12,15884.136901610334,,,,,0.35,1.3,True,True,1.0,1.0,,0,,,,,,,,,,,False,,,,False,0.2499,0.2499,False,False,[],False,[],False,"{'applied': False, 'reason': 'center_l1_gate', 'center_l1_before': 0.11440601171012041, 'center_l1_after': None, 'current_volume_ratio': 0.2499, 'volume_ratio_after': None, 'near_cap_relative_volume': 1.0, 'near_cap_min_ratio': 0.98, 'near_cap_max_ratio': 1.01, 'trigger': 'near_cap'}",1,1,pass
39,4,goldstein_price,3044,S4_dual,S4_dual,,False,True,1,1,2,low_dim_active,"[""x2"", ""x1""]",2,0,100.0,True,True,0.2499000000001415,24.990000000014152,1,True,C:\dev\PIDO\IIT_PIDO\result\bench\aion\20260901_091126\runs\run_goldstein_price_20260901_130711_536075_852b\Explorer\metadata_S4_dual.json,C:\dev\PIDO\IIT_PIDO\result\bench\aion\20260901_091126\runs\run_goldstein_price_20260901_130711_536075_852b\Explorer\artifacts\public\S4_dual\selected_bounds.json,C:\dev\PIDO\IIT_PIDO\result\bench\aion\20260901_091126\runs\run_goldstein_price_20260901_130711_536075_852b,2,150,30.0,,a41d1d3879efabbc39cd401627ac78419a78821b,consume_all,0.1,0.1,adaptive_np_high_keep,30.0,5,False,False,True,105,0.125,0.5,0.4172065573357858,0.8945976929990471,0.6923076923076923,0.8888888888888888,0.3153932434236648,0.8993367737031238,0.52478732571163,0.8891093080293251,ema,True,1.0,0.55,0.75,0.65,True,0.35,2,True,True,0.22,2,2,0.2,2,0.4,0.12,0.3,10.0,0.5,20.0,150,150,True,8,8,0,7.0,1,1,0,0,0,0,0,0,,,,,,,,,0.92,budget_exhausted,5,150,30.0,True,bounds,3.0,1e-12,0.6875955097126762,0,C:\dev\PIDO\IIT_PIDO\result\bench\aion\20260901_091126\runs\run_goldstein_price_20260901_130711_536075_852b\DOE\metadata.json,s4_obj,dual_refine_ei,2,150,75.0,0.2499000000001415,score,0.0,0.74338036366376,17,336.0021386089129,,,,,0.35,1.3,True,True,1.0,1.0,,0,,,,,,,,,,,False,,,,False,0.2499,0.2499000000001415,False,False,[],False,[],False,"{'applied': False, 'reason': 'center_l1_gate', 'center_l1_before': 0.12292496015484801, 'center_l1_after': None, 'current_volume_ratio': 0.2499000000001415, 'volume_ratio_after': None, 'near_cap_relative_volume': 1.0000000000005662, 'near_cap_min_ratio': 0.98, 'near_cap_max_ratio': 1.01, 'trigger': 'near_cap'}",1,1,pass
40,5,goldstein_price,4044,S4_dual,S4_dual,,False,True,1,1,2,low_dim_active,"[""x2"", ""x1""]",2,0,100.0,True,True,0.24990000000000004,24.990000000000006,1,True,C:\dev\PIDO\IIT_PIDO\result\bench\aion\20260901_091126\runs\run_goldstein_price_20260901_131040_692860_3456\Explorer\metadata_S4_dual.json,C:\dev\PIDO\IIT_PIDO\result\bench\aion\20260901_091126\runs\run_goldstein_price_20260901_131040_692860_3456\Explorer\artifacts\public\S4_dual\selected_bounds.json,C:\dev\PIDO\IIT_PIDO\result\bench\aion\20260901_091126\runs\run_goldstein_price_20260901_131040_692860_3456,2,150,30.0,,a41d1d3879efabbc39cd401627ac78419a78821b,consume_all,0.1,0.1,adaptive_np_high_keep,30.0,5,False,False,True,105,0.4444444444444444,0.6666666666666666,0.5067140279014152,0.9181871632024732,0.7142857142857143,0.9523809523809523,0.45948684340070717,0.907761625313839,0.5482419295598144,0.9409999510134186,ema,True,1.0,0.55,0.75,0.65,True,0.35,2,True,True,0.22,2,2,0.2,2,0.4,0.12,0.3,10.0,0.5,20.0,150,150,True,9,9,0,4.0,3,3,3,0,3,0,0,0,,,,,,,,,0.72,budget_exhausted,5,150,30.0,True,bounds,3.0,1e-12,0.4631165111271887,0,C:\dev\PIDO\IIT_PIDO\result\bench\aion\20260901_091126\runs\run_goldstein_price_20260901_131040_692860_3456\DOE\metadata.json,s4_obj,dual_refine_ei,2,150,75.0,0.24990000000000004,score,0.0,0.5178254482608275,5,1144.766883729906,,,,,0.35,1.3,True,True,1.0,1.0,,0,,,,,,,,,,,False,,,,False,0.2499,0.24990000000000004,False,False,[],False,[],False,"{'applied': False, 'reason': 'center_l1_gate', 'center_l1_before': 0.11843566852910305, 'center_l1_after': None, 'current_volume_ratio': 0.24990000000000004, 'volume_ratio_after': None, 'near_cap_relative_volume': 1.0000000000000002, 'near_cap_min_ratio': 0.98, 'near_cap_max_ratio': 1.01, 'trigger': 'near_cap'}",1,1,pass
41,6,goldstein_price,5044,S4_dual,S4_dual,,False,True,1,1,2,low_dim_active,"[""x2"", ""x1""]",2,0,100.0,True,True,0.24990000000040125,24.990000000040126,1,True,C:\dev\PIDO\IIT_PIDO\result\bench\aion\20260901_091126\runs\run_goldstein_price_20260901_131343_907305_1b5a\Explorer\metadata_S4_dual.json,C:\dev\PIDO\IIT_PIDO\result\bench\aion\20260901_091126\runs\run_goldstein_price_20260901_131343_907305_1b5a\Explorer\artifacts\public\S4_dual\selected_bounds.json,C:\dev\PIDO\IIT_PIDO\result\bench\aion\20260901_091126\runs\run_goldstein_price_20260901_131343_907305_1b5a,2,150,30.0,,a41d1d3879efabbc39cd401627ac78419a78821b,consume_all,0.1,0.1,adaptive_np_high_keep,30.0,5,False,False,True,105,0.7,0.8,0.6141694800121766,0.9259749991846515,0.6666666666666666,0.8888888888888888,0.5300735938011887,0.9290103861510864,0.6702153070223766,0.9193698943565596,ema,True,1.0,0.55,0.75,0.65,True,0.35,2,True,True,0.22,2,2,0.2,2,0.4,0.12,0.3,10.0,0.5,20.0,150,150,True,10,10,0,1.0,8,2,5,0,5,0,0,0,,,,,,,,,0.44,budget_exhausted,5,150,30.0,True,bounds,3.0,1e-12,0.44926782543396965,0,C:\dev\PIDO\IIT_PIDO\result\bench\aion\20260901_091126\runs\run_goldstein_price_20260901_131343_907305_1b5a\DOE\metadata.json,s4_obj,dual_refine_ei,2,150,75.0,0.24990000000040125,score,0.0,0.08584368813916925,4,24178.0995060864,,,,,0.35,1.3,True,True,1.0,1.0,,0,,,,,,,,,,,False,,,,False,0.2499,0.24990000000040125,False,False,[],False,[],False,"{'applied': False, 'reason': 'center_l1_gate', 'center_l1_before': 0.13480547760779638, 'center_l1_after': None, 'current_volume_ratio': 0.24990000000040125, 'volume_ratio_after': None, 'near_cap_relative_volume': 1.0000000000016056, 'near_cap_min_ratio': 0.98, 'near_cap_max_ratio': 1.01, 'trigger': 'near_cap'}",1,1,pass
42,7,goldstein_price,6044,S4_dual,S4_dual,,False,True,1,1,2,low_dim_active,"[""x2"", ""x1""]",2,0,100.0,True,True,0.2499000000004312,24.990000000043118,1,True,C:\dev\PIDO\IIT_PIDO\result\bench\aion\20260901_091126\runs\run_goldstein_price_20260901_131645_202997_f2e5\Explorer\metadata_S4_dual.json,C:\dev\PIDO\IIT_PIDO\result\bench\aion\20260901_091126\runs\run_goldstein_price_20260901_131645_202997_f2e5\Explorer\artifacts\public\S4_dual\selected_bounds.json,C:\dev\PIDO\IIT_PIDO\result\bench\aion\20260901_091126\runs\run_goldstein_price_20260901_131645_202997_f2e5,2,150,30.0,,a41d1d3879efabbc39cd401627ac78419a78821b,consume_all,0.1,0.1,adaptive_np_high_keep,30.0,5,False,False,True,105,0.25,0.125,0.43225469640031056,0.8772516683451848,0.5714285714285714,0.8611111111111112,0.3458449497768777,0.8806040645029557,0.4631356917484942,0.8760350993350228,ema,True,1.0,0.55,0.75,0.65,True,0.35,2,True,True,0.22,2,2,0.2,2,0.4,0.12,0.3,10.0,0.5,20.0,150,150,True,8,8,0,5.0,1,1,1,0,1,0,0,0,,,,,,,,,0.7866666666666666,budget_exhausted,5,150,30.0,True,bounds,3.0,1e-12,0.40406825835104687,0,C:\dev\PIDO\IIT_PIDO\result\bench\aion\20260901_091126\runs\run_goldstein_price_20260901_131645_202997_f2e5\DOE\metadata.json,s4_obj,dual_refine_ei,2,150,75.0,0.2499000000004312,score,0.0,0.042141787960816954,8,23060.45353946962,,,,,0.35,1.3,True,True,1.0,1.0,,0,,,,,,,,,,,False,,,,False,0.2499,0.2499000000004312,False,False,[],False,[],False,"{'applied': False, 'reason': 'center_l1_gate', 'center_l1_before': 0.13860277172344485, 'center_l1_after': None, 'current_volume_ratio': 0.2499000000004312, 'volume_ratio_after': None, 'near_cap_relative_volume': 1.0000000000017255, 'near_cap_min_ratio': 0.98, 'near_cap_max_ratio': 1.01, 'trigger': 'near_cap'}",1,1,pass
43,8,goldstein_price,7044,S4_dual,S4_dual,,False,True,1,1,2,low_dim_active,"[""x2"", ""x1""]",2,0,100.0,True,True,0.2499,24.990000000000002,1,True,C:\dev\PIDO\IIT_PIDO\result\bench\aion\20260901_091126\runs\run_goldstein_price_20260901_131922_689057_39f5\Explorer\metadata_S4_dual.json,C:\dev\PIDO\IIT_PIDO\result\bench\aion\20260901_091126\runs\run_goldstein_price_20260901_131922_689057_39f5\Explorer\artifacts\public\S4_dual\selected_bounds.json,C:\dev\PIDO\IIT_PIDO\result\bench\aion\20260901_091126\runs\run_goldstein_price_20260901_131922_689057_39f5,2,150,30.0,,a41d1d3879efabbc39cd401627ac78419a78821b,consume_all,0.1,0.1,adaptive_np_high_keep,30.0,5,False,False,True,105,0.4444444444444444,0.5555555555555556,0.5226350586560731,0.9056227099771925,0.5,0.9523809523809523,0.4289711226781887,0.9040278828667954,0.5640420021754405,0.9315383013445258,ema,True,1.0,0.55,0.75,0.65,True,0.35,2,True,True,0.22,2,2,0.2,2,0.4,0.12,0.3,10.0,0.5,20.0,150,150,True,9,9,0,4.0,4,2,3,0,3,0,0,0,,,,,,,,,0.72,budget_exhausted,5,150,30.0,True,bounds,3.0,1e-12,0.5033216132727867,0,C:\dev\PIDO\IIT_PIDO\result\bench\aion\20260901_091126\runs\run_goldstein_price_20260901_131922_689057_39f5\DOE\metadata.json,s4_obj,dual_refine_ei,2,150,75.0,0.2499,score,0.0,0.017904820356378186,5,50832.606229733734,,,,,0.35,1.3,True,True,1.0,1.0,,0,,,,,,,,,,,False,,,,False,0.2499,0.2499,False,False,[],False,[],False,"{'applied': False, 'reason': 'center_l1_gate', 'center_l1_before': 0.108393786265324, 'center_l1_after': None, 'current_volume_ratio': 0.2499, 'volume_ratio_after': None, 'near_cap_relative_volume': 1.0, 'near_cap_min_ratio': 0.98, 'near_cap_max_ratio': 1.01, 'trigger': 'near_cap'}",1,1,pass
44,9,goldstein_price,8044,S4_dual,S4_dual,,False,True,1,1,2,low_dim_active,"[""x2"", ""x1""]",2,0,100.0,True,True,0.24990000000033927,24.990000000033927,1,True,C:\dev\PIDO\IIT_PIDO\result\bench\aion\20260901_091126\runs\run_goldstein_price_20260901_132225_459277_7c98\Explorer\metadata_S4_dual.json,C:\dev\PIDO\IIT_PIDO\result\bench\aion\20260901_091126\runs\run_goldstein_price_20260901_132225_459277_7c98\Explorer\artifacts\public\S4_dual\selected_bounds.json,C:\dev\PIDO\IIT_PIDO\result\bench\aion\20260901_091126\runs\run_goldstein_price_20260901_132225_459277_7c98,2,150,30.0,,a41d1d3879efabbc39cd401627ac78419a78821b,consume_all,0.1,0.1,adaptive_np_high_keep,30.0,5,False,False,True,105,0.0,0.625,0.4501832054259347,0.910256390042447,0.5714285714285714,0.8888888888888888,0.36936299488683,0.9067033015220656,0.5148152659120404,0.9034008501830348,ema,False,1.0,0.55,0.75,0.65,True,0.35,2,True,True,0.22,2,2,0.2,2,0.4,0.12,0.3,10.0,0.5,20.0,150,150,True,8,8,0,,0,0,0,0,0,0,0,0,,,,,,,,,,budget_exhausted,5,150,30.0,True,bounds,3.0,1e-12,0.45368853533577047,0,C:\dev\PIDO\IIT_PIDO\result\bench\aion\20260901_091126\runs\run_goldstein_price_20260901_132225_459277_7c98\DOE\metadata.json,s4_obj,dual_refine_ei,2,150,75.0,0.24990000000033927,score,0.0,0.08075732182031675,2,12308.127296991835,,,,,0.35,1.3,True,True,1.0,1.0,,0,,,,,,,,,,,False,,,,False,0.2499,0.24990000000033927,False,False,[],False,[],False,"{'applied': False, 'reason': 'center_l1_gate', 'center_l1_before': 0.11319687085886987, 'center_l1_after': None, 'current_volume_ratio': 0.24990000000033927, 'volume_ratio_after': None, 'near_cap_relative_volume': 1.0000000000013576, 'near_cap_min_ratio': 0.98, 'near_cap_max_ratio': 1.01, 'trigger': 'near_cap'}",1,1,pass
45,10,goldstein_price,9044,S4_dual,S4_dual,,False,True,1,1,2,low_dim_active,"[""x2"", ""x1""]",2,0,100.0,True,True,0.24990000000000004,24.990000000000006,1,True,C:\dev\PIDO\IIT_PIDO\result\bench\aion\20260901_091126\runs\run_goldstein_price_20260901_132507_092443_f786\Explorer\metadata_S4_dual.json,C:\dev\PIDO\IIT_PIDO\result\bench\aion\20260901_091126\runs\run_goldstein_price_20260901_132507_092443_f786\Explorer\artifacts\public\S4_dual\selected_bounds.json,C:\dev\PIDO\IIT_PIDO\result\bench\aion\20260901_091126\runs\run_goldstein_price_20260901_132507_092443_f786,2,150,30.0,,a41d1d3879efabbc39cd401627ac78419a78821b,consume_all,0.1,0.1,adaptive_np_high_keep,30.0,5,False,False,True,105,0.125,0.625,0.4772947325495369,0.9030157204903404,0.5,0.9047619047619048,0.3712685871120225,0.9014468047101523,0.5476371020245376,0.8924726921520193,ema,True,1.0,0.55,0.75,0.65,True,0.35,2,True,True,0.22,2,2,0.2,2,0.4,0.12,0.3,10.0,0.5,20.0,150,150,True,8,8,0,6.0,2,1,0,0,0,0,0,0,,,,,,,,,0.8533333333333334,budget_exhausted,5,150,30.0,True,bounds,3.0,1e-12,0.422820150353144,0,C:\dev\PIDO\IIT_PIDO\result\bench\aion\20260901_091126\runs\run_goldstein_price_20260901_132507_092443_f786\DOE\metadata.json,s4_obj,dual_refine_ei,2,150,75.0,0.24990000000000004,score,0.0,0.1086148741129771,19,6964.334705441208,,,,,0.35,1.3,True,True,1.0,1.0,,0,,,,,,,,,,,False,,,,False,0.2499,0.24990000000000004,False,False,[],False,[],False,"{'applied': False, 'reason': 'center_l1_gate', 'center_l1_before': 0.13639269784113156, 'center_l1_after': None, 'current_volume_ratio': 0.24990000000000004, 'volume_ratio_after': None, 'near_cap_relative_volume': 1.0000000000000002, 'near_cap_min_ratio': 0.98, 'near_cap_max_ratio': 1.01, 'trigger': 'near_cap'}",1,1,pass
46,11,goldstein_price,10044,S4_dual,S4_dual,,False,True,1,1,2,low_dim_active,"[""x2"", ""x1""]",2,0,100.0,True,True,0.2499,24.990000000000002,1,True,C:\dev\PIDO\IIT_PIDO\result\bench\aion\20260901_091126\runs\run_goldstein_price_20260901_132826_310103_372e\Explorer\metadata_S4_dual.json,C:\dev\PIDO\IIT_PIDO\result\bench\aion\20260901_091126\runs\run_goldstein_price_20260901_132826_310103_372e\Explorer\artifacts\public\S4_dual\selected_bounds.json,C:\dev\PIDO\IIT_PIDO\result\bench\aion\20260901_091126\runs\run_goldstein_price_20260901_132826_310103_372e,2,150,30.0,,a41d1d3879efabbc39cd401627ac78419a78821b,consume_all,0.1,0.1,adaptive_np_high_keep,30.0,5,False,False,True,105,0.0,0.625,0.42864164866573584,0.9031621102210348,0.5714285714285714,0.9166666666666666,0.35310811559512534,0.8914653279529866,0.4708297648356369,0.9099099485246326,ema,False,1.0,0.55,0.75,0.65,True,0.35,2,True,True,0.22,2,2,0.2,2,0.4,0.12,0.3,10.0,0.5,20.0,150,150,True,8,8,0,,0,0,0,0,0,0,0,0,,,,,,,,,,budget_exhausted,5,150,30.0,True,bounds,3.0,1e-12,0.44065382871551523,0,C:\dev\PIDO\IIT_PIDO\result\bench\aion\20260901_091126\runs\run_goldstein_price_20260901_132826_310103_372e\DOE\metadata.json,s4_obj,dual_refine_ei,2,150,75.0,0.2499,score,0.0,0.07359445910780482,3,10528.601275396666,,,,,0.35,1.3,True,True,1.0,1.0,,0,,,,,,,,,,,False,,,,False,0.2499,0.2499,False,False,[],False,[],False,"{'applied': False, 'reason': 'center_l1_gate', 'center_l1_before': 0.13714927160325568, 'center_l1_after': None, 'current_volume_ratio': 0.2499, 'volume_ratio_after': None, 'near_cap_relative_volume': 1.0, 'near_cap_min_ratio': 0.98, 'near_cap_max_ratio': 1.01, 'trigger': 'near_cap'}",1,1,pass
47,12,goldstein_price,11044,S4_dual,S4_dual,,False,True,1,1,2,low_dim_active,"[""x2"", ""x1""]",2,0,100.0,True,True,0.2499,24.990000000000002,1,True,C:\dev\PIDO\IIT_PIDO\result\bench\aion\20260901_091126\runs\run_goldstein_price_20260901_133110_887987_8754\Explorer\metadata_S4_dual.json,C:\dev\PIDO\IIT_PIDO\result\bench\aion\20260901_091126\runs\run_goldstein_price_20260901_133110_887987_8754\Explorer\artifacts\public\S4_dual\selected_bounds.json,C:\dev\PIDO\IIT_PIDO\result\bench\aion\20260901_091126\runs\run_goldstein_price_20260901_133110_887987_8754,2,150,30.0,,a41d1d3879efabbc39cd401627ac78419a78821b,consume_all,0.1,0.1,adaptive_np_high_keep,30.0,5,False,False,True,105,0.125,0.625,0.41246318621196276,0.9036187345563709,0.6923076923076923,0.8888888888888888,0.3104509539369537,0.9051270155837277,0.5256442048133017,0.9054075513253788,ema,True,1.0,0.55,0.75,0.65,True,0.35,2,True,True,0.22,2,2,0.2,2,0.4,0.12,0.3,10.0,0.5,20.0,150,150,True,8,8,0,7.0,1,1,0,0,0,0,0,0,,,,,,,,,0.92,budget_exhausted,5,150,30.0,True,bounds,3.0,1e-12,0.4731509689371764,0,C:\dev\PIDO\IIT_PIDO\result\bench\aion\20260901_091126\runs\run_goldstein_price_20260901_133110_887987_8754\DOE\metadata.json,s4_obj,dual_refine_ei,2,150,75.0,0.2499,score,0.0,0.17942701261080424,18,4022.092349432581,,,,,0.35,1.3,True,True,1.0,1.0,,0,,,,,,,,,,,False,,,,False,0.2499,0.2499,False,False,[],False,[],False,"{'applied': False, 'reason': 'center_l1_gate', 'center_l1_before': 0.13756829692395872, 'center_l1_after': None, 'current_volume_ratio': 0.2499, 'volume_ratio_after': None, 'near_cap_relative_volume': 1.0, 'near_cap_min_ratio': 0.98, 'near_cap_max_ratio': 1.01, 'trigger': 'near_cap'}",1,1,pass
48,13,goldstein_price,12044,S4_dual,S4_dual,,False,True,1,1,2,low_dim_active,"[""x2"", ""x1""]",2,0,100.0,True,True,0.24990000000040286,24.990000000040286,1,True,C:\dev\PIDO\IIT_PIDO\result\bench\aion\20260901_091126\runs\run_goldstein_price_20260901_133431_182578_d42f\Explorer\metadata_S4_dual.json,C:\dev\PIDO\IIT_PIDO\result\bench\aion\20260901_091126\runs\run_goldstein_price_20260901_133431_182578_d42f\Explorer\artifacts\public\S4_dual\selected_bounds.json,C:\dev\PIDO\IIT_PIDO\result\bench\aion\20260901_091126\runs\run_goldstein_price_20260901_133431_182578_d42f,2,150,30.0,,a41d1d3879efabbc39cd401627ac78419a78821b,consume_all,0.1,0.1,adaptive_np_high_keep,30.0,5,False,False,True,105,0.4,0.8,0.5716803048055803,0.9145094394148628,1.0,0.9444444444444444,0.4686773565200274,0.913123508685883,0.6502834339121752,0.9146055610681334,ema,True,1.0,0.55,0.75,0.65,True,0.35,2,True,True,0.22,2,2,0.2,2,0.4,0.12,0.3,10.0,0.5,20.0,150,150,True,10,10,0,1.0,7,3,4,0,4,0,0,0,,,,,,,,,0.44,budget_exhausted,5,150,30.0,True,bounds,3.0,1e-12,0.4551350138234646,0,C:\dev\PIDO\IIT_PIDO\result\bench\aion\20260901_091126\runs\run_goldstein_price_20260901_133431_182578_d42f\DOE\metadata.json,s4_obj,dual_refine_ei,2,150,75.0,0.24990000000040286,score,0.0,0.23047457349224043,2,7252.318761993778,,,,,0.35,1.3,True,True,1.0,1.0,,0,,,,,,,,,,,False,,,,False,0.2499,0.24990000000040286,False,False,[],False,[],False,"{'applied': False, 'reason': 'center_l1_gate', 'center_l1_before': 0.13905021332701492, 'center_l1_after': None, 'current_volume_ratio': 0.24990000000040286, 'volume_ratio_after': None, 'near_cap_relative_volume': 1.000000000001612, 'near_cap_min_ratio': 0.98, 'near_cap_max_ratio': 1.01, 'trigger': 'near_cap'}",1,1,pass
49,14,goldstein_price,13044,S4_dual,S4_dual,,False,True,1,1,2,low_dim_active,"[""x2"", ""x1""]",2,0,100.0,True,True,0.2499,24.990000000000002,1,True,C:\dev\PIDO\IIT_PIDO\result\bench\aion\20260901_091126\runs\run_goldstein_price_20260901_133712_443750_5584\Explorer\metadata_S4_dual.json,C:\dev\PIDO\IIT_PIDO\result\bench\aion\20260901_091126\runs\run_goldstein_price_20260901_133712_443750_5584\Explorer\artifacts\public\S4_dual\selected_bounds.json,C:\dev\PIDO\IIT_PIDO\result\bench\aion\20260901_091126\runs\run_goldstein_price_20260901_133712_443750_5584,2,150,30.0,,a41d1d3879efabbc39cd401627ac78419a78821b,consume_all,0.1,0.1,adaptive_np_high_keep,30.0,5,False,False,True,105,0.6,0.7,0.6086224141481936,0.8960438873077632,1.0,0.8,0.47958490141125043,0.9019325105337707,0.7810242728275714,0.8611491716401796,ema,True,1.0,0.55,0.75,0.65,True,0.35,2,True,True,0.22,2,2,0.2,2,0.4,0.12,0.3,10.0,0.5,20.0,150,150,True,10,10,0,4.0,6,1,4,0,4,0,0,0,,,,,,,,,0.72,budget_exhausted,5,150,30.0,True,bounds,3.0,1e-12,0.29945853602011174,0,C:\dev\PIDO\IIT_PIDO\result\bench\aion\20260901_091126\runs\run_goldstein_price_20260901_133712_443750_5584\DOE\metadata.json,s4_obj,dual_refine_ei,2,150,75.0,0.2499,score,0.0,0.3494346519615044,10,2930.8137343371814,,,,,0.35,1.3,True,True,1.0,1.0,,0,,,,,,,,,,,False,,,,False,0.2499,0.2499,False,False,[],False,[],False,"{'applied': False, 'reason': 'center_l1_gate', 'center_l1_before': 0.12932873226766115, 'center_l1_after': None, 'current_volume_ratio': 0.2499, 'volume_ratio_after': None, 'near_cap_relative_volume': 1.0, 'near_cap_min_ratio': 0.98, 'near_cap_max_ratio': 1.01, 'trigger': 'near_cap'}",1,1,pass
50,15,goldstein_price,14044,S4_dual,S4_dual,,False,True,1,1,2,low_dim_active,"[""x2"", ""x1""]",2,0,100.0,True,True,0.24990000000032245,24.990000000032246,1,True,C:\dev\PIDO\IIT_PIDO\result\bench\aion\20260901_091126\runs\run_goldstein_price_20260901_133959_418706_41e4\Explorer\metadata_S4_dual.json,C:\dev\PIDO\IIT_PIDO\result\bench\aion\20260901_091126\runs\run_goldstein_price_20260901_133959_418706_41e4\Explorer\artifacts\public\S4_dual\selected_bounds.json,C:\dev\PIDO\IIT_PIDO\result\bench\aion\20260901_091126\runs\run_goldstein_price_20260901_133959_418706_41e4,2,150,30.0,,a41d1d3879efabbc39cd401627ac78419a78821b,consume_all,0.1,0.1,adaptive_np_high_keep,30.0,5,False,False,True,105,0.5,0.375,0.5161045569071547,0.8951724769747094,0.6923076923076923,0.8888888888888888,0.41945095566351975,0.8995443794153299,0.5776442971686109,0.8978338561532238,ema,True,1.0,0.55,0.75,0.65,True,0.35,2,True,True,0.22,2,2,0.2,2,0.4,0.12,0.3,10.0,0.5,20.0,150,150,True,8,8,0,5.0,2,2,1,0,1,0,0,0,,,,,,,,,0.7866666666666666,budget_exhausted,5,150,30.0,True,bounds,3.0,1e-12,0.4536306085884454,0,C:\dev\PIDO\IIT_PIDO\result\bench\aion\20260901_091126\runs\run_goldstein_price_20260901_133959_418706_41e4\DOE\metadata.json,s4_obj,dual_refine_ei,2,150,75.0,0.24990000000032245,score,0.0,0.054065942888108585,18,16794.519154602876,,,,,0.35,1.3,True,True,1.0,1.0,,0,,,,,,,,,,,False,,,,False,0.2499,0.24990000000032245,False,False,[],False,[],False,"{'applied': False, 'reason': 'center_l1_gate', 'center_l1_before': 0.14451338434749061, 'center_l1_after': None, 'current_volume_ratio': 0.24990000000032245, 'volume_ratio_after': None, 'near_cap_relative_volume': 1.0000000000012903, 'near_cap_min_ratio': 0.98, 'near_cap_max_ratio': 1.01, 'trigger': 'near_cap'}",1,1,pass
51,16,goldstein_price,15044,S4_dual,S4_dual,,False,True,1,1,2,low_dim_active,"[""x2"", ""x1""]",2,0,100.0,True,True,0.24990000000044002,24.990000000044002,1,True,C:\dev\PIDO\IIT_PIDO\result\bench\aion\20260901_091126\runs\run_goldstein_price_20260901_134324_947028_8305\Explorer\metadata_S4_dual.json,C:\dev\PIDO\IIT_PIDO\result\bench\aion\20260901_091126\runs\run_goldstein_price_20260901_134324_947028_8305\Explorer\artifacts\public\S4_dual\selected_bounds.json,C:\dev\PIDO\IIT_PIDO\result\bench\aion\20260901_091126\runs\run_goldstein_price_20260901_134324_947028_8305,2,150,30.0,,a41d1d3879efabbc39cd401627ac78419a78821b,consume_all,0.1,0.1,adaptive_np_high_keep,30.0,5,False,False,True,105,0.7,0.7,0.5855466764144842,0.9191419493486673,0.6,0.9333333333333333,0.5071590179737528,0.9147460330590755,0.6453883624777248,0.9260512708633704,ema,True,1.0,0.55,0.75,0.65,True,0.35,2,True,True,0.22,2,2,0.2,2,0.4,0.12,0.3,10.0,0.5,20.0,150,150,True,10,10,0,4.0,6,1,5,0,5,0,0,0,,,,,,,,,0.72,budget_exhausted,5,150,30.0,True,bounds,3.0,1e-12,0.3605861507614508,0,C:\dev\PIDO\IIT_PIDO\result\bench\aion\20260901_091126\runs\run_goldstein_price_20260901_134324_947028_8305\DOE\metadata.json,s4_obj,dual_refine_ei,2,150,75.0,0.24990000000044002,score,0.0,0.08522665737257501,4,15591.667425944404,,,,,0.35,1.3,True,True,1.0,1.0,,0,,,,,,,,,,,False,,,,False,0.2499,0.24990000000044002,False,False,[],False,[],False,"{'applied': False, 'reason': 'center_l1_gate', 'center_l1_before': 0.12601412856528646, 'center_l1_after': None, 'current_volume_ratio': 0.24990000000044002, 'volume_ratio_after': None, 'near_cap_relative_volume': 1.0000000000017608, 'near_cap_min_ratio': 0.98, 'near_cap_max_ratio': 1.01, 'trigger': 'near_cap'}",1,1,pass
52,17,goldstein_price,16044,S4_dual,S4_dual,,False,True,1,1,2,low_dim_active,"[""x2"", ""x1""]",2,0,100.0,True,True,0.24990000000039414,24.990000000039416,1,True,C:\dev\PIDO\IIT_PIDO\result\bench\aion\20260901_091126\runs\run_goldstein_price_20260901_134602_193205_0345\Explorer\metadata_S4_dual.json,C:\dev\PIDO\IIT_PIDO\result\bench\aion\20260901_091126\runs\run_goldstein_price_20260901_134602_193205_0345\Explorer\artifacts\public\S4_dual\selected_bounds.json,C:\dev\PIDO\IIT_PIDO\result\bench\aion\20260901_091126\runs\run_goldstein_price_20260901_134602_193205_0345,2,150,30.0,,a41d1d3879efabbc39cd401627ac78419a78821b,consume_all,0.1,0.1,adaptive_np_high_keep,30.0,5,False,False,True,105,0.3,0.6,0.5179433325234062,0.9048284740254406,1.0,0.9285714285714286,0.42169749030955544,0.9003882956872552,0.6585183359026354,0.9191467478283235,ema,True,1.0,0.55,0.75,0.65,True,0.35,2,True,True,0.22,2,2,0.2,2,0.4,0.12,0.3,10.0,0.5,20.0,150,150,True,10,10,0,5.0,4,2,2,0,2,0,0,0,,,,,,,,,0.7866666666666666,budget_exhausted,5,150,30.0,True,bounds,3.0,1e-12,0.6600625614270061,0,C:\dev\PIDO\IIT_PIDO\result\bench\aion\20260901_091126\runs\run_goldstein_price_20260901_134602_193205_0345\DOE\metadata.json,s4_obj,dual_refine_ei,2,150,75.0,0.24990000000039414,score,0.0,0.30130254257609657,6,2141.2671221153287,,,,,0.35,1.3,True,True,1.0,1.0,,0,,,,,,,,,,,False,,,,False,0.2499,0.24990000000039414,False,False,[],False,[],False,"{'applied': False, 'reason': 'center_l1_gate', 'center_l1_before': 0.13868104993987984, 'center_l1_after': None, 'current_volume_ratio': 0.24990000000039414, 'volume_ratio_after': None, 'near_cap_relative_volume': 1.0000000000015772, 'near_cap_min_ratio': 0.98, 'near_cap_max_ratio': 1.01, 'trigger': 'near_cap'}",1,1,pass
53,18,goldstein_price,17044,S4_dual,S4_dual,,False,True,1,1,2,low_dim_active,"[""x2"", ""x1""]",2,0,100.0,True,True,0.24990000000000004,24.990000000000006,1,True,C:\dev\PIDO\IIT_PIDO\result\bench\aion\20260901_091126\runs\run_goldstein_price_20260901_134905_127907_2c89\Explorer\metadata_S4_dual.json,C:\dev\PIDO\IIT_PIDO\result\bench\aion\20260901_091126\runs\run_goldstein_price_20260901_134905_127907_2c89\Explorer\artifacts\public\S4_dual\selected_bounds.json,C:\dev\PIDO\IIT_PIDO\result\bench\aion\20260901_091126\runs\run_goldstein_price_20260901_134905_127907_2c89,2,150,30.0,,a41d1d3879efabbc39cd401627ac78419a78821b,consume_all,0.1,0.1,adaptive_np_high_keep,30.0,5,False,False,True,105,0.5,0.4,0.5355554659486164,0.896997661676511,1.0,0.8571428571428571,0.4438877440304518,0.9039985944985066,0.6602620923798604,0.8837312408485936,ema,True,1.0,0.55,0.75,0.65,True,0.35,2,True,True,0.22,2,2,0.2,2,0.4,0.12,0.3,10.0,0.5,20.0,150,150,True,10,10,0,1.0,5,3,2,0,2,0,0,0,,,,,,,,,0.44,budget_exhausted,5,150,30.0,True,bounds,3.0,1e-12,0.44113222181505274,0,C:\dev\PIDO\IIT_PIDO\result\bench\aion\20260901_091126\runs\run_goldstein_price_20260901_134905_127907_2c89\DOE\metadata.json,s4_obj,dual_refine_ei,2,150,75.0,0.24990000000000004,score,0.0,0.11852757421999156,2,9044.96977998139,,,,,0.35,1.3,True,True,1.0,1.0,,0,,,,,,,,,,,False,,,,False,0.2499,0.24990000000000004,False,False,[],False,[],False,"{'applied': False, 'reason': 'center_l1_gate', 'center_l1_before': 0.13971530921925057, 'center_l1_after': None, 'current_volume_ratio': 0.24990000000000004, 'volume_ratio_after': None, 'near_cap_relative_volume': 1.0000000000000002, 'near_cap_min_ratio': 0.98, 'near_cap_max_ratio': 1.01, 'trigger': 'near_cap'}",1,1,pass
54,19,goldstein_price,18044,S4_dual,S4_dual,,False,True,1,1,2,low_dim_active,"[""x2"", ""x1""]",2,0,100.0,True,True,0.24990000000036894,24.990000000036893,1,True,C:\dev\PIDO\IIT_PIDO\result\bench\aion\20260901_091126\runs\run_goldstein_price_20260901_135132_919546_cdb2\Explorer\metadata_S4_dual.json,C:\dev\PIDO\IIT_PIDO\result\bench\aion\20260901_091126\runs\run_goldstein_price_20260901_135132_919546_cdb2\Explorer\artifacts\public\S4_dual\selected_bounds.json,C:\dev\PIDO\IIT_PIDO\result\bench\aion\20260901_091126\runs\run_goldstein_price_20260901_135132_919546_cdb2,2,150,30.0,,a41d1d3879efabbc39cd401627ac78419a78821b,consume_all,0.1,0.1,adaptive_np_high_keep,30.0,5,False,False,True,105,0.25,0.75,0.4474146903906182,0.9192720292070579,0.2,0.8571428571428571,0.3843715751313923,0.9160549810088492,0.43286066523577216,0.9043342442530891,ema,True,1.0,0.55,0.75,0.65,True,0.35,2,True,True,0.22,2,2,0.2,2,0.4,0.12,0.3,10.0,0.5,20.0,150,150,True,8,8,0,6.0,1,1,2,0,2,0,0,0,,,,,,,,,0.8533333333333334,budget_exhausted,5,150,30.0,True,bounds,3.0,1e-12,0.5532735572245555,0,C:\dev\PIDO\IIT_PIDO\result\bench\aion\20260901_091126\runs\run_goldstein_price_20260901_135132_919546_cdb2\DOE\metadata.json,s4_obj,dual_refine_ei,2,150,75.0,0.24990000000036894,score,0.0,0.15971882326653497,7,5369.001251859599,,,,,0.35,1.3,True,True,1.0,1.0,,0,,,,,,,,,,,False,,,,False,0.2499,0.24990000000036894,False,False,[],False,[],False,"{'applied': False, 'reason': 'center_l1_gate', 'center_l1_before': 0.11957947711722075, 'center_l1_after': None, 'current_volume_ratio': 0.24990000000036894, 'volume_ratio_after': None, 'near_cap_relative_volume': 1.0000000000014764, 'near_cap_min_ratio': 0.98, 'near_cap_max_ratio': 1.01, 'trigger': 'near_cap'}",1,1,pass
55,20,goldstein_price,19044,S4_dual,S4_dual,,False,True,1,1,2,low_dim_active,"[""x2"", ""x1""]",2,0,100.0,True,True,0.24990000000028476,24.990000000028477,1,True,C:\dev\PIDO\IIT_PIDO\result\bench\aion\20260901_091126\runs\run_goldstein_price_20260901_135423_134652_766c\Explorer\metadata_S4_dual.json,C:\dev\PIDO\IIT_PIDO\result\bench\aion\20260901_091126\runs\run_goldstein_price_20260901_135423_134652_766c\Explorer\artifacts\public\S4_dual\selected_bounds.json,C:\dev\PIDO\IIT_PIDO\result\bench\aion\20260901_091126\runs\run_goldstein_price_20260901_135423_134652_766c,2,150,30.0,,a41d1d3879efabbc39cd401627ac78419a78821b,consume_all,0.1,0.1,adaptive_np_high_keep,30.0,5,False,False,True,105,0.0,0.75,0.3942362645371137,0.9135815362695998,0.4666666666666667,0.9166666666666666,0.3205611669532258,0.9176461299327563,0.4423696511305944,0.9134433620957073,ema,False,1.0,0.55,0.75,0.65,True,0.35,2,True,True,0.22,2,2,0.2,2,0.4,0.12,0.3,10.0,0.5,20.0,150,150,True,8,8,0,,0,0,0,0,0,0,0,0,,,,,,,,,,budget_exhausted,5,150,30.0,True,bounds,3.0,1e-12,0.508666730853177,0,C:\dev\PIDO\IIT_PIDO\result\bench\aion\20260901_091126\runs\run_goldstein_price_20260901_135423_134652_766c\DOE\metadata.json,s4_obj,dual_refine_ei,2,150,75.0,0.24990000000028476,score,0.0,0.5255198412700786,3,1132.0466262470316,,,,,0.35,1.3,True,True,1.0,1.0,,0,,,,,,,,,,,False,,,,False,0.2499,0.24990000000028476,False,False,[],False,[],False,"{'applied': False, 'reason': 'center_l1_gate', 'center_l1_before': 0.12791297932670484, 'center_l1_after': None, 'current_volume_ratio': 0.24990000000028476, 'volume_ratio_after': None, 'near_cap_relative_volume': 1.0000000000011395, 'near_cap_min_ratio': 0.98, 'near_cap_max_ratio': 1.01, 'trigger': 'near_cap'}",1,1,pass
56,21,goldstein_price,20044,S4_dual,S4_dual,,False,True,1,1,2,low_dim_active,"[""x2"", ""x1""]",2,0,100.0,True,True,0.24990000000045415,24.990000000045416,1,True,C:\dev\PIDO\IIT_PIDO\result\bench\aion\20260901_091126\runs\run_goldstein_price_20260901_135731_501290_ed76\Explorer\metadata_S4_dual.json,C:\dev\PIDO\IIT_PIDO\result\bench\aion\20260901_091126\runs\run_goldstein_price_20260901_135731_501290_ed76\Explorer\artifacts\public\S4_dual\selected_bounds.json,C:\dev\PIDO\IIT_PIDO\result\bench\aion\20260901_091126\runs\run_goldstein_price_20260901_135731_501290_ed76,2,150,30.0,,a41d1d3879efabbc39cd401627ac78419a78821b,consume_all,0.1,0.1,adaptive_np_high_keep,30.0,5,False,False,True,105,0.125,0.5,0.4529826235709344,0.9005784186202366,0.5714285714285714,0.9166666666666666,0.3859088477641456,0.8900706396765778,0.49467481488504084,0.902407135669387,ema,True,1.0,0.55,0.75,0.65,True,0.35,2,True,True,0.22,2,2,0.2,2,0.4,0.12,0.3,10.0,0.5,20.0,150,150,True,8,8,0,5.0,1,1,1,0,1,0,0,0,,,,,,,,,0.7866666666666666,budget_exhausted,5,150,30.0,True,bounds,3.0,1e-12,0.6016069510271178,0,C:\dev\PIDO\IIT_PIDO\result\bench\aion\20260901_091126\runs\run_goldstein_price_20260901_135731_501290_ed76\DOE\metadata.json,s4_obj,dual_refine_ei,2,150,75.0,0.24990000000045415,score,0.0,0.5680901171231407,11,536.2930485289764,,,,,0.35,1.3,True,True,1.0,1.0,,0,,,,,,,,,,,False,,,,False,0.2499,0.24990000000045415,False,False,[],False,[],False,"{'applied': False, 'reason': 'center_l1_gate', 'center_l1_before': 0.14854539355756927, 'center_l1_after': None, 'current_volume_ratio': 0.24990000000045415, 'volume_ratio_after': None, 'near_cap_relative_volume': 1.0000000000018172, 'near_cap_min_ratio': 0.98, 'near_cap_max_ratio': 1.01, 'trigger': 'near_cap'}",1,1,pass
57,22,goldstein_price,21044,S4_dual,S4_dual,,False,True,1,1,2,low_dim_active,"[""x2"", ""x1""]",2,0,100.0,True,True,0.24990000000000007,24.990000000000006,1,True,C:\dev\PIDO\IIT_PIDO\result\bench\aion\20260901_091126\runs\run_goldstein_price_20260901_140040_299861_8725\Explorer\metadata_S4_dual.json,C:\dev\PIDO\IIT_PIDO\result\bench\aion\20260901_091126\runs\run_goldstein_price_20260901_140040_299861_8725\Explorer\artifacts\public\S4_dual\selected_bounds.json,C:\dev\PIDO\IIT_PIDO\result\bench\aion\20260901_091126\runs\run_goldstein_price_20260901_140040_299861_8725,2,150,30.0,,a41d1d3879efabbc39cd401627ac78419a78821b,consume_all,0.1,0.1,adaptive_np_high_keep,30.0,5,False,False,True,105,0.3333333333333333,0.2222222222222222,0.4655808150440359,0.875006613430021,0.3333333333333333,0.7857142857142857,0.3994587282265477,0.8781154123528426,0.45048264839561636,0.8635057107146775,ema,True,1.0,0.55,0.75,0.65,True,0.35,2,True,True,0.22,2,2,0.2,2,0.4,0.12,0.3,10.0,0.5,20.0,150,150,True,9,9,0,1.0,2,2,1,0,1,0,0,0,,,,,,,,,0.44,budget_exhausted,5,150,30.0,True,bounds,3.0,1e-12,0.3523411041254743,0,C:\dev\PIDO\IIT_PIDO\result\bench\aion\20260901_091126\runs\run_goldstein_price_20260901_140040_299861_8725\DOE\metadata.json,s4_obj,dual_refine_ei,2,150,75.0,0.24990000000000007,score,0.0,0.2795559489148981,22,2922.3600413476033,,,,,0.35,1.3,True,True,1.0,1.0,,0,,,,,,,,,,,False,,,,False,0.2499,0.24990000000000007,False,False,[],False,[],False,"{'applied': False, 'reason': 'center_l1_gate', 'center_l1_before': 0.09738495096412225, 'center_l1_after': None, 'current_volume_ratio': 0.24990000000000007, 'volume_ratio_after': None, 'near_cap_relative_volume': 1.0000000000000002, 'near_cap_min_ratio': 0.98, 'near_cap_max_ratio': 1.01, 'trigger': 'near_cap'}",1,1,pass
58,23,goldstein_price,22044,S4_dual,S4_dual,,False,True,1,1,2,low_dim_active,"[""x2"", ""x1""]",2,0,100.0,True,True,0.2499000000004066,24.99000000004066,1,True,C:\dev\PIDO\IIT_PIDO\result\bench\aion\20260901_091126\runs\run_goldstein_price_20260901_140359_889968_284a\Explorer\metadata_S4_dual.json,C:\dev\PIDO\IIT_PIDO\result\bench\aion\20260901_091126\runs\run_goldstein_price_20260901_140359_889968_284a\Explorer\artifacts\public\S4_dual\selected_bounds.json,C:\dev\PIDO\IIT_PIDO\result\bench\aion\20260901_091126\runs\run_goldstein_price_20260901_140359_889968_284a,2,150,30.0,,a41d1d3879efabbc39cd401627ac78419a78821b,consume_all,0.1,0.1,adaptive_np_high_keep,30.0,5,False,False,True,105,0.5555555555555556,0.7777777777777778,0.5868047607715458,0.9145101205949658,0.7142857142857143,0.9523809523809523,0.521259126841924,0.9153505672272497,0.6798063881287905,0.9244984948918988,ema,True,1.0,0.55,0.75,0.65,True,0.35,2,True,True,0.22,2,2,0.2,2,0.4,0.12,0.3,10.0,0.5,20.0,150,150,True,9,9,0,3.0,5,2,4,0,4,0,0,0,,,,,,,,,0.6466666666666666,budget_exhausted,5,150,30.0,True,bounds,3.0,1e-12,0.3992695575312676,0,C:\dev\PIDO\IIT_PIDO\result\bench\aion\20260901_091126\runs\run_goldstein_price_20260901_140359_889968_284a\DOE\metadata.json,s4_obj,dual_refine_ei,2,150,75.0,0.2499000000004066,score,0.0,0.0615745652824446,4,15178.027802152657,,,,,0.35,1.3,True,True,1.0,1.0,,0,,,,,,,,,,,False,,,,False,0.2499,0.2499000000004066,False,False,[],False,[],False,"{'applied': False, 'reason': 'center_l1_gate', 'center_l1_before': 0.12305282878649779, 'center_l1_after': None, 'current_volume_ratio': 0.2499000000004066, 'volume_ratio_after': None, 'near_cap_relative_volume': 1.000000000001627, 'near_cap_min_ratio': 0.98, 'near_cap_max_ratio': 1.01, 'trigger': 'near_cap'}",1,1,pass
59,24,goldstein_price,23044,S4_dual,S4_dual,,False,True,1,1,2,low_dim_active,"[""x2"", ""x1""]",2,0,100.0,True,True,0.2499000000000001,24.99000000000001,1,True,C:\dev\PIDO\IIT_PIDO\result\bench\aion\20260901_091126\runs\run_goldstein_price_20260901_140642_925280_c345\Explorer\metadata_S4_dual.json,C:\dev\PIDO\IIT_PIDO\result\bench\aion\20260901_091126\runs\run_goldstein_price_20260901_140642_925280_c345\Explorer\artifacts\public\S4_dual\selected_bounds.json,C:\dev\PIDO\IIT_PIDO\result\bench\aion\20260901_091126\runs\run_goldstein_price_20260901_140642_925280_c345,2,150,30.0,,a41d1d3879efabbc39cd401627ac78419a78821b,consume_all,0.1,0.1,adaptive_np_high_keep,30.0,5,False,False,True,105,0.375,0.625,0.502755305507231,0.907560904932913,0.5,0.8571428571428571,0.4033606878158827,0.9061908709897927,0.563296565190174,0.9011397799161522,ema,True,1.0,0.55,0.75,0.65,True,0.35,2,True,True,0.22,2,2,0.2,2,0.4,0.12,0.3,10.0,0.5,20.0,150,150,True,8,8,0,6.0,2,1,3,0,3,0,0,0,,,,,,,,,0.8533333333333334,budget_exhausted,5,150,30.0,True,bounds,3.0,1e-12,0.5888851964952228,0,C:\dev\PIDO\IIT_PIDO\result\bench\aion\20260901_091126\runs\run_goldstein_price_20260901_140642_925280_c345\DOE\metadata.json,s4_obj,dual_refine_ei,2,150,75.0,0.2499000000000001,score,0.0,0.028214496613191406,7,29136.042256273853,,,,,0.35,1.3,True,True,1.0,1.0,,0,,,,,,,,,,,False,,,,False,0.2499,0.2499000000000001,False,False,[],False,[],False,"{'applied': False, 'reason': 'center_l1_gate', 'center_l1_before': 0.11472945788754915, 'center_l1_after': None, 'current_volume_ratio': 0.2499000000000001, 'volume_ratio_after': None, 'near_cap_relative_volume': 1.0000000000000004, 'near_cap_min_ratio': 0.98, 'near_cap_max_ratio': 1.01, 'trigger': 'near_cap'}",1,1,pass
60,25,goldstein_price,24044,S4_dual,S4_dual,,False,True,1,1,2,low_dim_active,"[""x2"", ""x1""]",2,0,100.0,True,True,0.24990000000000004,24.990000000000006,1,True,C:\dev\PIDO\IIT_PIDO\result\bench\aion\20260901_091126\runs\run_goldstein_price_20260901_140923_668274_ae9f\Explorer\metadata_S4_dual.json,C:\dev\PIDO\IIT_PIDO\result\bench\aion\20260901_091126\runs\run_goldstein_price_20260901_140923_668274_ae9f\Explorer\artifacts\public\S4_dual\selected_bounds.json,C:\dev\PIDO\IIT_PIDO\result\bench\aion\20260901_091126\runs\run_goldstein_price_20260901_140923_668274_ae9f,2,150,30.0,,a41d1d3879efabbc39cd401627ac78419a78821b,consume_all,0.1,0.1,adaptive_np_high_keep,30.0,5,False,False,True,105,0.25,0.625,0.45819649002991303,0.9002856744421046,0.5714285714285714,0.9166666666666666,0.3778431923226073,0.9026752729668931,0.5074276050121156,0.9039920591020104,ema,True,1.0,0.55,0.75,0.65,True,0.35,2,True,True,0.22,2,2,0.2,2,0.4,0.12,0.3,10.0,0.5,20.0,150,150,True,8,8,0,5.0,1,1,2,0,2,0,0,0,,,,,,,,,0.7866666666666666,budget_exhausted,5,150,30.0,True,bounds,3.0,1e-12,0.47111076833002546,0,C:\dev\PIDO\IIT_PIDO\result\bench\aion\20260901_091126\runs\run_goldstein_price_20260901_140923_668274_ae9f\DOE\metadata.json,s4_obj,dual_refine_ei,2,150,75.0,0.24990000000000004,score,0.0,0.3104325973298808,9,2126.455895321097,,,,,0.35,1.3,True,True,1.0,1.0,,0,,,,,,,,,,,False,,,,False,0.2499,0.24990000000000004,False,False,[],False,[],False,"{'applied': False, 'reason': 'center_l1_gate', 'center_l1_before': 0.14065098258569192, 'center_l1_after': None, 'current_volume_ratio': 0.24990000000000004, 'volume_ratio_after': None, 'near_cap_relative_volume': 1.0000000000000002, 'near_cap_min_ratio': 0.98, 'near_cap_max_ratio': 1.01, 'trigger': 'near_cap'}",1,1,pass
61,26,goldstein_price,25044,S4_dual,S4_dual,,False,True,1,1,2,low_dim_active,"[""x2"", ""x1""]",2,0,100.0,True,True,0.2499,24.990000000000002,1,True,C:\dev\PIDO\IIT_PIDO\result\bench\aion\20260901_091126\runs\run_goldstein_price_20260901_141204_754894_bb40\Explorer\metadata_S4_dual.json,C:\dev\PIDO\IIT_PIDO\result\bench\aion\20260901_091126\runs\run_goldstein_price_20260901_141204_754894_bb40\Explorer\artifacts\public\S4_dual\selected_bounds.json,C:\dev\PIDO\IIT_PIDO\result\bench\aion\20260901_091126\runs\run_goldstein_price_20260901_141204_754894_bb40,2,150,30.0,,a41d1d3879efabbc39cd401627ac78419a78821b,consume_all,0.1,0.1,adaptive_np_high_keep,30.0,5,False,False,True,105,0.25,0.5,0.4216378016338677,0.9033230780352122,0.4666666666666667,0.9166666666666666,0.3565267182576747,0.8967913223151109,0.41561364814027435,0.9114701272045387,ema,True,1.0,0.55,0.75,0.65,True,0.35,2,True,True,0.22,2,2,0.2,2,0.4,0.12,0.3,10.0,0.5,20.0,150,150,True,8,8,0,5.0,1,1,0,0,0,0,0,0,,,,,,,,,0.7866666666666666,budget_exhausted,5,150,30.0,True,bounds,3.0,1e-12,0.5769460300053304,0,C:\dev\PIDO\IIT_PIDO\result\bench\aion\20260901_091126\runs\run_goldstein_price_20260901_141204_754894_bb40\DOE\metadata.json,s4_obj,dual_refine_ei,2,150,75.0,0.2499,score,0.0,0.19099974546181245,9,4543.396231570408,,,,,0.35,1.3,True,True,1.0,1.0,,0,,,,,,,,,,,False,,,,False,0.2499,0.2499,False,False,[],False,[],False,"{'applied': False, 'reason': 'center_l1_gate', 'center_l1_before': 0.11050957098711117, 'center_l1_after': None, 'current_volume_ratio': 0.2499, 'volume_ratio_after': None, 'near_cap_relative_volume': 1.0, 'near_cap_min_ratio': 0.98, 'near_cap_max_ratio': 1.01, 'trigger': 'near_cap'}",1,1,pass
62,27,goldstein_price,26044,S4_dual,S4_dual,,False,True,1,1,2,low_dim_active,"[""x2"", ""x1""]",2,0,100.0,True,True,0.24990000000000004,24.990000000000006,1,True,C:\dev\PIDO\IIT_PIDO\result\bench\aion\20260901_091126\runs\run_goldstein_price_20260901_141456_276364_9127\Explorer\metadata_S4_dual.json,C:\dev\PIDO\IIT_PIDO\result\bench\aion\20260901_091126\runs\run_goldstein_price_20260901_141456_276364_9127\Explorer\artifacts\public\S4_dual\selected_bounds.json,C:\dev\PIDO\IIT_PIDO\result\bench\aion\20260901_091126\runs\run_goldstein_price_20260901_141456_276364_9127,2,150,30.0,,a41d1d3879efabbc39cd401627ac78419a78821b,consume_all,0.1,0.1,adaptive_np_high_keep,30.0,5,False,False,True,105,0.0,0.75,0.37160110420979986,0.9144001727525894,0.2222222222222222,0.8888888888888888,0.334342103353242,0.9156106093943857,0.3605003113820954,0.9114524780558524,ema,False,1.0,0.55,0.75,0.65,True,0.35,2,True,True,0.22,2,2,0.2,2,0.4,0.12,0.3,10.0,0.5,20.0,150,150,True,8,8,0,,0,0,0,0,0,0,0,0,,,,,,,,,,budget_exhausted,5,150,30.0,True,bounds,3.0,1e-12,0.5580663516674483,0,C:\dev\PIDO\IIT_PIDO\result\bench\aion\20260901_091126\runs\run_goldstein_price_20260901_141456_276364_9127\DOE\metadata.json,s4_obj,dual_refine_ei,2,150,75.0,0.24990000000000004,score,0.0,0.09769520935801153,5,8473.46946707722,,,,,0.35,1.3,True,True,1.0,1.0,,0,,,,,,,,,,,False,,,,False,0.2499,0.24990000000000004,False,False,[],False,[],False,"{'applied': False, 'reason': 'center_l1_gate', 'center_l1_before': 0.16437022888977154, 'center_l1_after': None, 'current_volume_ratio': 0.24990000000000004, 'volume_ratio_after': None, 'near_cap_relative_volume': 1.0000000000000002, 'near_cap_min_ratio': 0.98, 'near_cap_max_ratio': 1.01, 'trigger': 'near_cap'}",1,1,pass
63,28,goldstein_price,27044,S4_dual,S4_dual,,False,True,1,1,2,low_dim_active,"[""x2"", ""x1""]",2,0,100.0,True,True,0.24990000000039322,24.990000000039323,1,True,C:\dev\PIDO\IIT_PIDO\result\bench\aion\20260901_091126\runs\run_goldstein_price_20260901_141737_853243_2641\Explorer\metadata_S4_dual.json,C:\dev\PIDO\IIT_PIDO\result\bench\aion\20260901_091126\runs\run_goldstein_price_20260901_141737_853243_2641\Explorer\artifacts\public\S4_dual\selected_bounds.json,C:\dev\PIDO\IIT_PIDO\result\bench\aion\20260901_091126\runs\run_goldstein_price_20260901_141737_853243_2641,2,150,30.0,,a41d1d3879efabbc39cd401627ac78419a78821b,consume_all,0.1,0.1,adaptive_np_high_keep,30.0,5,False,False,True,105,0.125,0.5,0.40967841441665637,0.9068347613971923,0.4666666666666667,0.9444444444444444,0.3301039561394299,0.9080048625105543,0.46778228180959047,0.9140071834823675,ema,False,1.0,0.55,0.75,0.65,True,0.35,2,True,True,0.22,2,2,0.2,2,0.4,0.12,0.3,10.0,0.5,20.0,150,150,True,8,8,0,,0,0,1,0,1,0,0,0,,,,,,,,,,budget_exhausted,5,150,30.0,True,bounds,3.0,1e-12,0.4670813877694272,0,C:\dev\PIDO\IIT_PIDO\result\bench\aion\20260901_091126\runs\run_goldstein_price_20260901_141737_853243_2641\DOE\metadata.json,s4_obj,dual_refine_ei,2,150,75.0,0.24990000000039322,score,0.0,0.37278444761933544,2,1236.1440708262903,,,,,0.35,1.3,True,True,1.0,1.0,,0,,,,,,,,,,,False,,,,False,0.2499,0.24990000000039322,False,False,[],False,[],False,"{'applied': False, 'reason': 'center_l1_gate', 'center_l1_before': 0.18460389111683867, 'center_l1_after': None, 'current_volume_ratio': 0.24990000000039322, 'volume_ratio_after': None, 'near_cap_relative_volume': 1.0000000000015734, 'near_cap_min_ratio': 0.98, 'near_cap_max_ratio': 1.01, 'trigger': 'near_cap'}",1,1,pass
64,29,goldstein_price,28044,S4_dual,S4_dual,,False,True,1,1,2,low_dim_active,"[""x2"", ""x1""]",2,0,100.0,True,True,0.24990000000041457,24.990000000041455,1,True,C:\dev\PIDO\IIT_PIDO\result\bench\aion\20260901_091126\runs\run_goldstein_price_20260901_142008_113132_a5dc\Explorer\metadata_S4_dual.json,C:\dev\PIDO\IIT_PIDO\result\bench\aion\20260901_091126\runs\run_goldstein_price_20260901_142008_113132_a5dc\Explorer\artifacts\public\S4_dual\selected_bounds.json,C:\dev\PIDO\IIT_PIDO\result\bench\aion\20260901_091126\runs\run_goldstein_price_20260901_142008_113132_a5dc,2,150,30.0,,a41d1d3879efabbc39cd401627ac78419a78821b,consume_all,0.1,0.1,adaptive_np_high_keep,30.0,5,False,False,True,105,0.5555555555555556,0.7777777777777778,0.5393879308128516,0.9117870909582082,0.6,0.9333333333333333,0.44091648106126563,0.9109942073035392,0.607252637999321,0.920509102839293,ema,True,1.0,0.55,0.75,0.65,True,0.35,2,True,True,0.22,2,2,0.2,2,0.4,0.12,0.3,10.0,0.5,20.0,150,150,True,9,9,0,4.0,4,2,3,0,3,0,0,0,,,,,,,,,0.72,budget_exhausted,5,150,30.0,True,bounds,3.0,1e-12,0.4301533509571797,0,C:\dev\PIDO\IIT_PIDO\result\bench\aion\20260901_091126\runs\run_goldstein_price_20260901_142008_113132_a5dc\DOE\metadata.json,s4_obj,dual_refine_ei,2,150,75.0,0.24990000000041457,score,0.0,0.13912733740897068,16,6966.164648099375,,,,,0.35,1.3,True,True,1.0,1.0,,0,,,,,,,,,,,False,,,,False,0.2499,0.24990000000041457,False,False,[],False,[],False,"{'applied': False, 'reason': 'center_l1_gate', 'center_l1_before': 0.10887445847726664, 'center_l1_after': None, 'current_volume_ratio': 0.24990000000041457, 'volume_ratio_after': None, 'near_cap_relative_volume': 1.000000000001659, 'near_cap_min_ratio': 0.98, 'near_cap_max_ratio': 1.01, 'trigger': 'near_cap'}",1,1,pass
65,30,goldstein_price,29044,S4_dual,S4_dual,,False,True,1,1,2,low_dim_active,"[""x2"", ""x1""]",2,0,100.0,True,True,0.24990000000040138,24.990000000040137,1,True,C:\dev\PIDO\IIT_PIDO\result\bench\aion\20260901_091126\runs\run_goldstein_price_20260901_142323_140097_9aa7\Explorer\metadata_S4_dual.json,C:\dev\PIDO\IIT_PIDO\result\bench\aion\20260901_091126\runs\run_goldstein_price_20260901_142323_140097_9aa7\Explorer\artifacts\public\S4_dual\selected_bounds.json,C:\dev\PIDO\IIT_PIDO\result\bench\aion\20260901_091126\runs\run_goldstein_price_20260901_142323_140097_9aa7,2,150,30.0,,a41d1d3879efabbc39cd401627ac78419a78821b,consume_all,0.1,0.1,adaptive_np_high_keep,30.0,5,False,False,True,105,0.4,0.3,0.5359049907508057,0.8807276430991449,0.6,0.9166666666666666,0.44660590367608827,0.8847498394981063,0.590973396684941,0.8878658289140173,ema,True,1.0,0.55,0.75,0.65,True,0.35,2,True,True,0.22,2,2,0.2,2,0.4,0.12,0.3,10.0,0.5,20.0,150,150,True,10,10,0,5.0,5,1,1,0,1,0,0,0,,,,,,,,,0.7866666666666666,budget_exhausted,5,150,30.0,True,bounds,3.0,1e-12,0.3547768231141209,0,C:\dev\PIDO\IIT_PIDO\result\bench\aion\20260901_091126\runs\run_goldstein_price_20260901_142323_140097_9aa7\DOE\metadata.json,s4_obj,dual_refine_ei,2,150,75.0,0.24990000000040138,score,0.0,0.3113024507828299,21,2019.6870099099165,,,,,0.35,1.3,True,True,1.0,1.0,,0,,,,,,,,,,,False,,,,False,0.2499,0.24990000000040138,False,False,[],False,[],False,"{'applied': False, 'reason': 'center_l1_gate', 'center_l1_before': 0.1034732566451472, 'center_l1_after': None, 'current_volume_ratio': 0.24990000000040138, 'volume_ratio_after': None, 'near_cap_relative_volume': 1.000000000001606, 'near_cap_min_ratio': 0.98, 'near_cap_max_ratio': 1.01, 'trigger': 'near_cap'}",1,1,pass
66,31,goldstein_price,30044,S4_dual,S4_dual,,False,True,1,1,2,low_dim_active,"[""x2"", ""x1""]",2,0,100.0,True,True,0.24990000000000015,24.990000000000016,1,True,C:\dev\PIDO\IIT_PIDO\result\bench\aion\20260901_091126\runs\run_goldstein_price_20260901_142610_167562_0fd7\Explorer\metadata_S4_dual.json,C:\dev\PIDO\IIT_PIDO\result\bench\aion\20260901_091126\runs\run_goldstein_price_20260901_142610_167562_0fd7\Explorer\artifacts\public\S4_dual\selected_bounds.json,C:\dev\PIDO\IIT_PIDO\result\bench\aion\20260901_091126\runs\run_goldstein_price_20260901_142610_167562_0fd7,2,150,30.0,,a41d1d3879efabbc39cd401627ac78419a78821b,consume_all,0.1,0.1,adaptive_np_high_keep,30.0,5,False,False,True,105,0.5,0.3,0.5644492434037781,0.8859926646023635,1.0,0.8333333333333334,0.45247435401836,0.885671495169556,0.7179859598629396,0.8707769929165823,ema,True,1.0,0.55,0.75,0.65,True,0.35,2,True,True,0.22,2,2,0.2,2,0.4,0.12,0.3,10.0,0.5,20.0,150,150,True,10,10,0,5.0,5,1,1,0,1,0,0,0,,,,,,,,,0.7866666666666666,budget_exhausted,5,150,30.0,True,bounds,3.0,1e-12,0.3902962643459331,0,C:\dev\PIDO\IIT_PIDO\result\bench\aion\20260901_091126\runs\run_goldstein_price_20260901_142610_167562_0fd7\DOE\metadata.json,s4_obj,dual_refine_ei,2,150,75.0,0.24990000000000015,score,0.0,0.13990350590165235,7,6726.65241665228,,,,,0.35,1.3,True,True,1.0,1.0,,0,,,,,,,,,,,False,,,,False,0.2499,0.24990000000000015,False,False,[],False,[],False,"{'applied': False, 'reason': 'center_l1_gate', 'center_l1_before': 0.13175544971604572, 'center_l1_after': None, 'current_volume_ratio': 0.24990000000000015, 'volume_ratio_after': None, 'near_cap_relative_volume': 1.0000000000000007, 'near_cap_min_ratio': 0.98, 'near_cap_max_ratio': 1.01, 'trigger': 'near_cap'}",1,1,pass
67,32,goldstein_price,31044,S4_dual,S4_dual,,False,True,1,1,2,low_dim_active,"[""x2"", ""x1""]",2,0,100.0,True,True,0.24990000000041174,24.990000000041174,1,True,C:\dev\PIDO\IIT_PIDO\result\bench\aion\20260901_091126\runs\run_goldstein_price_20260901_142858_398168_77e0\Explorer\metadata_S4_dual.json,C:\dev\PIDO\IIT_PIDO\result\bench\aion\20260901_091126\runs\run_goldstein_price_20260901_142858_398168_77e0\Explorer\artifacts\public\S4_dual\selected_bounds.json,C:\dev\PIDO\IIT_PIDO\result\bench\aion\20260901_091126\runs\run_goldstein_price_20260901_142858_398168_77e0,2,150,30.0,,a41d1d3879efabbc39cd401627ac78419a78821b,consume_all,0.1,0.1,adaptive_np_high_keep,30.0,5,False,False,True,105,0.5,0.8,0.6581023102987318,0.913298684398374,1.0,0.9333333333333333,0.5608601661765896,0.9102298706390585,0.8569448786064068,0.9236672389237863,ema,True,1.0,0.55,0.75,0.65,True,0.35,2,True,True,0.22,2,2,0.2,2,0.4,0.12,0.3,10.0,0.5,20.0,150,150,True,10,10,0,4.0,6,1,4,0,4,0,0,0,,,,,,,,,0.72,budget_exhausted,5,150,30.0,True,bounds,3.0,1e-12,0.2886504576064123,0,C:\dev\PIDO\IIT_PIDO\result\bench\aion\20260901_091126\runs\run_goldstein_price_20260901_142858_398168_77e0\DOE\metadata.json,s4_obj,dual_refine_ei,2,150,75.0,0.24990000000041174,score,0.0,0.10340735376683598,3,16269.247864082243,,,,,0.35,1.3,True,True,1.0,1.0,,0,,,,,,,,,,,False,,,,False,0.2499,0.24990000000041174,False,False,[],False,[],False,"{'applied': False, 'reason': 'center_l1_gate', 'center_l1_before': 0.1313927004404168, 'center_l1_after': None, 'current_volume_ratio': 0.24990000000041174, 'volume_ratio_after': None, 'near_cap_relative_volume': 1.0000000000016476, 'near_cap_min_ratio': 0.98, 'near_cap_max_ratio': 1.01, 'trigger': 'near_cap'}",1,1,pass
68,33,goldstein_price,32044,S4_dual,S4_dual,,False,True,1,1,2,low_dim_active,"[""x2"", ""x1""]",2,0,100.0,True,True,0.2499000000000001,24.99000000000001,1,True,C:\dev\PIDO\IIT_PIDO\result\bench\aion\20260901_091126\runs\run_goldstein_price_20260901_143138_841734_d406\Explorer\metadata_S4_dual.json,C:\dev\PIDO\IIT_PIDO\result\bench\aion\20260901_091126\runs\run_goldstein_price_20260901_143138_841734_d406\Explorer\artifacts\public\S4_dual\selected_bounds.json,C:\dev\PIDO\IIT_PIDO\result\bench\aion\20260901_091126\runs\run_goldstein_price_20260901_143138_841734_d406,2,150,30.0,,a41d1d3879efabbc39cd401627ac78419a78821b,consume_all,0.1,0.1,adaptive_np_high_keep,30.0,5,False,False,True,105,0.4444444444444444,0.3333333333333333,0.5282444884348203,0.8778267384067426,1.0,0.875,0.4121621870859273,0.8861119061541393,0.6726848497426363,0.8646107072168294,ema,True,1.0,0.55,0.75,0.65,True,0.35,2,True,True,0.22,2,2,0.2,2,0.4,0.12,0.3,10.0,0.5,20.0,150,150,True,9,9,0,4.0,3,2,1,0,1,0,0,0,,,,,,,,,0.72,budget_exhausted,5,150,30.0,True,bounds,3.0,1e-12,0.47584773359917626,0,C:\dev\PIDO\IIT_PIDO\result\bench\aion\20260901_091126\runs\run_goldstein_price_20260901_143138_841734_d406\DOE\metadata.json,s4_obj,dual_refine_ei,2,150,75.0,0.2499000000000001,score,0.0,0.10303718607158273,4,11065.176100773939,,,,,0.35,1.3,True,True,1.0,1.0,,0,,,,,,,,,,,False,,,,False,0.2499,0.2499000000000001,False,False,[],False,[],False,"{'applied': False, 'reason': 'center_l1_gate', 'center_l1_before': 0.147505923961336, 'center_l1_after': None, 'current_volume_ratio': 0.2499000000000001, 'volume_ratio_after': None, 'near_cap_relative_volume': 1.0000000000000004, 'near_cap_min_ratio': 0.98, 'near_cap_max_ratio': 1.01, 'trigger': 'near_cap'}",1,1,pass
69,34,goldstein_price,33044,S4_dual,S4_dual,,False,True,1,1,2,low_dim_active,"[""x2"", ""x1""]",2,0,100.0,True,True,0.24990000000000007,24.990000000000006,1,True,C:\dev\PIDO\IIT_PIDO\result\bench\aion\20260901_091126\runs\run_goldstein_price_20260901_143417_469387_65d9\Explorer\metadata_S4_dual.json,C:\dev\PIDO\IIT_PIDO\result\bench\aion\20260901_091126\runs\run_goldstein_price_20260901_143417_469387_65d9\Explorer\artifacts\public\S4_dual\selected_bounds.json,C:\dev\PIDO\IIT_PIDO\result\bench\aion\20260901_091126\runs\run_goldstein_price_20260901_143417_469387_65d9,2,150,30.0,,a41d1d3879efabbc39cd401627ac78419a78821b,consume_all,0.1,0.1,adaptive_np_high_keep,30.0,5,False,False,True,105,0.125,0.75,0.46924272484636453,0.9039365193256619,0.8333333333333334,0.8611111111111112,0.3538003741747211,0.9096679741275459,0.6074222845604649,0.8943582752856571,ema,True,1.0,0.55,0.75,0.65,True,0.35,2,True,True,0.22,2,2,0.2,2,0.4,0.12,0.3,10.0,0.5,20.0,150,150,True,8,8,0,7.0,1,1,0,0,0,0,0,0,,,,,,,,,0.92,budget_exhausted,5,150,30.0,True,bounds,3.0,1e-12,0.5775213837301056,0,C:\dev\PIDO\IIT_PIDO\result\bench\aion\20260901_091126\runs\run_goldstein_price_20260901_143417_469387_65d9\DOE\metadata.json,s4_obj,dual_refine_ei,2,150,75.0,0.24990000000000007,score,0.0,0.1368675629200055,11,5731.211677467881,,,,,0.35,1.3,True,True,1.0,1.0,,0,,,,,,,,,,,False,,,,False,0.2499,0.24990000000000007,False,False,[],False,[],False,"{'applied': False, 'reason': 'center_l1_gate', 'center_l1_before': 0.14665890170755064, 'center_l1_after': None, 'current_volume_ratio': 0.24990000000000007, 'volume_ratio_after': None, 'near_cap_relative_volume': 1.0000000000000002, 'near_cap_min_ratio': 0.98, 'near_cap_max_ratio': 1.01, 'trigger': 'near_cap'}",1,1,pass
70,35,goldstein_price,34044,S4_dual,S4_dual,,False,True,1,1,2,low_dim_active,"[""x2"", ""x1""]",2,0,100.0,True,True,0.24990000000000007,24.990000000000006,1,True,C:\dev\PIDO\IIT_PIDO\result\bench\aion\20260901_091126\runs\run_goldstein_price_20260901_143649_836649_9b15\Explorer\metadata_S4_dual.json,C:\dev\PIDO\IIT_PIDO\result\bench\aion\20260901_091126\runs\run_goldstein_price_20260901_143649_836649_9b15\Explorer\artifacts\public\S4_dual\selected_bounds.json,C:\dev\PIDO\IIT_PIDO\result\bench\aion\20260901_091126\runs\run_goldstein_price_20260901_143649_836649_9b15,2,150,30.0,,a41d1d3879efabbc39cd401627ac78419a78821b,consume_all,0.1,0.1,adaptive_np_high_keep,30.0,5,False,False,True,105,0.125,0.625,0.4406733059356466,0.900700553155691,0.4666666666666667,0.9166666666666666,0.3478478413860058,0.8861351713922152,0.49551571351149615,0.9127431829811261,ema,True,1.0,0.55,0.75,0.65,True,0.35,2,True,True,0.22,2,2,0.2,2,0.4,0.12,0.3,10.0,0.5,20.0,150,150,True,8,8,0,5.0,1,1,0,0,0,0,0,0,,,,,,,,,0.7866666666666666,budget_exhausted,5,150,30.0,True,bounds,3.0,1e-12,0.5482500530515144,0,C:\dev\PIDO\IIT_PIDO\result\bench\aion\20260901_091126\runs\run_goldstein_price_20260901_143649_836649_9b15\DOE\metadata.json,s4_obj,dual_refine_ei,2,150,75.0,0.24990000000000007,score,0.0,0.2874110675364572,19,2452.883625585417,,,,,0.35,1.3,True,True,1.0,1.0,,0,,,,,,,,,,,False,,,,False,0.2499,0.24990000000000007,False,False,[],False,[],False,"{'applied': False, 'reason': 'center_l1_gate', 'center_l1_before': 0.09569352682614829, 'center_l1_after': None, 'current_volume_ratio': 0.24990000000000007, 'volume_ratio_after': None, 'near_cap_relative_volume': 1.0000000000000002, 'near_cap_min_ratio': 0.98, 'near_cap_max_ratio': 1.01, 'trigger': 'near_cap'}",1,1,pass
71,36,goldstein_price,35044,S4_dual,S4_dual,,False,True,1,1,2,low_dim_active,"[""x2"", ""x1""]",2,0,100.0,True,True,0.24990000000042653,24.990000000042652,1,True,C:\dev\PIDO\IIT_PIDO\result\bench\aion\20260901_091126\runs\run_goldstein_price_20260901_143932_258307_662b\Explorer\metadata_S4_dual.json,C:\dev\PIDO\IIT_PIDO\result\bench\aion\20260901_091126\runs\run_goldstein_price_20260901_143932_258307_662b\Explorer\artifacts\public\S4_dual\selected_bounds.json,C:\dev\PIDO\IIT_PIDO\result\bench\aion\20260901_091126\runs\run_goldstein_price_20260901_143932_258307_662b,2,150,30.0,,a41d1d3879efabbc39cd401627ac78419a78821b,consume_all,0.1,0.1,adaptive_np_high_keep,30.0,5,False,False,True,105,0.25,1.0,0.4790964407299409,0.9338896173557919,0.3333333333333333,0.9523809523809523,0.4147418287200033,0.9351910002725357,0.48296149391398946,0.9443940428201811,ema,True,1.0,0.55,0.75,0.65,True,0.35,2,True,True,0.22,2,2,0.2,2,0.4,0.12,0.3,10.0,0.5,20.0,150,150,True,8,8,0,6.0,1,1,2,0,2,0,0,0,,,,,,,,,0.8533333333333334,budget_exhausted,5,150,30.0,True,bounds,3.0,1e-12,0.5035701033483304,0,C:\dev\PIDO\IIT_PIDO\result\bench\aion\20260901_091126\runs\run_goldstein_price_20260901_143932_258307_662b\DOE\metadata.json,s4_obj,dual_refine_ei,2,150,75.0,0.24990000000042653,score,0.0,0.31848867748508514,9,2874.627345588847,,,,,0.35,1.3,True,True,1.0,1.0,,0,,,,,,,,,,,False,,,,False,0.2499,0.24990000000042653,False,False,[],False,[],False,"{'applied': False, 'reason': 'center_l1_gate', 'center_l1_before': 0.15742320267969592, 'center_l1_after': None, 'current_volume_ratio': 0.24990000000042653, 'volume_ratio_after': None, 'near_cap_relative_volume': 1.0000000000017069, 'near_cap_min_ratio': 0.98, 'near_cap_max_ratio': 1.01, 'trigger': 'near_cap'}",1,1,pass
72,37,goldstein_price,36044,S4_dual,S4_dual,,False,True,1,1,2,low_dim_active,"[""x2"", ""x1""]",2,0,100.0,True,True,0.2499,24.990000000000002,1,True,C:\dev\PIDO\IIT_PIDO\result\bench\aion\20260901_091126\runs\run_goldstein_price_20260901_144221_641451_7785\Explorer\metadata_S4_dual.json,C:\dev\PIDO\IIT_PIDO\result\bench\aion\20260901_091126\runs\run_goldstein_price_20260901_144221_641451_7785\Explorer\artifacts\public\S4_dual\selected_bounds.json,C:\dev\PIDO\IIT_PIDO\result\bench\aion\20260901_091126\runs\run_goldstein_price_20260901_144221_641451_7785,2,150,30.0,,a41d1d3879efabbc39cd401627ac78419a78821b,consume_all,0.1,0.1,adaptive_np_high_keep,30.0,5,False,False,True,105,0.375,0.25,0.502268913538437,0.8918986605148749,0.6923076923076923,0.8888888888888888,0.40250236439310333,0.8765801850521677,0.5598084393676872,0.8993206122496107,ema,True,1.0,0.55,0.75,0.65,True,0.35,2,True,True,0.22,2,2,0.2,2,0.4,0.12,0.3,10.0,0.5,20.0,150,150,True,8,8,0,5.0,2,2,0,0,0,0,0,0,,,,,,,,,0.7866666666666666,budget_exhausted,5,150,30.0,True,bounds,3.0,1e-12,0.4366853637211673,0,C:\dev\PIDO\IIT_PIDO\result\bench\aion\20260901_091126\runs\run_goldstein_price_20260901_144221_641451_7785\DOE\metadata.json,s4_obj,dual_refine_ei,2,150,75.0,0.2499,score,0.0,0.04020321729444581,4,15983.187386928086,,,,,0.35,1.3,True,True,1.0,1.0,,0,,,,,,,,,,,False,,,,False,0.2499,0.2499,False,False,[],False,[],False,"{'applied': False, 'reason': 'center_l1_gate', 'center_l1_before': 0.10652630457528453, 'center_l1_after': None, 'current_volume_ratio': 0.2499, 'volume_ratio_after': None, 'near_cap_relative_volume': 1.0, 'near_cap_min_ratio': 0.98, 'near_cap_max_ratio': 1.01, 'trigger': 'near_cap'}",1,1,pass
73,38,goldstein_price,37044,S4_dual,S4_dual,,False,True,1,1,2,low_dim_active,"[""x2"", ""x1""]",2,0,100.0,True,True,0.24990000000029539,24.99000000002954,1,True,C:\dev\PIDO\IIT_PIDO\result\bench\aion\20260901_091126\runs\run_goldstein_price_20260901_144529_110575_cc28\Explorer\metadata_S4_dual.json,C:\dev\PIDO\IIT_PIDO\result\bench\aion\20260901_091126\runs\run_goldstein_price_20260901_144529_110575_cc28\Explorer\artifacts\public\S4_dual\selected_bounds.json,C:\dev\PIDO\IIT_PIDO\result\bench\aion\20260901_091126\runs\run_goldstein_price_20260901_144529_110575_cc28,2,150,30.0,,a41d1d3879efabbc39cd401627ac78419a78821b,consume_all,0.1,0.1,adaptive_np_high_keep,30.0,5,False,False,True,105,0.7,1.0,0.576738493305999,0.9494158807227512,0.6666666666666666,0.9444444444444444,0.5382930712070484,0.9508814788390053,0.5403471446353754,0.9421083178355552,ema,True,1.0,0.55,0.75,0.65,True,0.35,2,True,True,0.22,2,2,0.2,2,0.4,0.12,0.3,10.0,0.5,20.0,150,150,True,10,10,0,1.0,7,3,7,0,7,0,0,0,,,,,,,,,0.44,budget_exhausted,5,150,30.0,True,bounds,3.0,1e-12,0.6440674590563087,0,C:\dev\PIDO\IIT_PIDO\result\bench\aion\20260901_091126\runs\run_goldstein_price_20260901_144529_110575_cc28\DOE\metadata.json,s4_obj,dual_refine_ei,2,150,75.0,0.24990000000029539,score,0.0,0.511391932891979,2,1546.9853546061331,,,,,0.35,1.3,True,True,1.0,1.0,,0,,,,,,,,,,,False,,,,False,0.2499,0.24990000000029539,False,False,[],False,[],False,"{'applied': False, 'reason': 'center_l1_gate', 'center_l1_before': 0.08894738773883333, 'center_l1_after': None, 'current_volume_ratio': 0.24990000000029539, 'volume_ratio_after': None, 'near_cap_relative_volume': 1.000000000001182, 'near_cap_min_ratio': 0.98, 'near_cap_max_ratio': 1.01, 'trigger': 'near_cap'}",1,1,pass
74,39,goldstein_price,38044,S4_dual,S4_dual,,False,True,1,1,2,low_dim_active,"[""x2"", ""x1""]",2,0,100.0,True,True,0.24990000000039303,24.990000000039302,1,True,C:\dev\PIDO\IIT_PIDO\result\bench\aion\20260901_091126\runs\run_goldstein_price_20260901_144854_138105_3519\Explorer\metadata_S4_dual.json,C:\dev\PIDO\IIT_PIDO\result\bench\aion\20260901_091126\runs\run_goldstein_price_20260901_144854_138105_3519\Explorer\artifacts\public\S4_dual\selected_bounds.json,C:\dev\PIDO\IIT_PIDO\result\bench\aion\20260901_091126\runs\run_goldstein_price_20260901_144854_138105_3519,2,150,30.0,,a41d1d3879efabbc39cd401627ac78419a78821b,consume_all,0.1,0.1,adaptive_np_high_keep,30.0,5,False,False,True,105,0.7,0.6,0.6557664156096977,0.9106337191545008,1.0,0.8,0.5756650283511624,0.917716093075466,0.8083643424892122,0.8785308070922391,ema,True,1.0,0.55,0.75,0.65,True,0.35,2,True,True,0.22,2,2,0.2,2,0.4,0.12,0.3,10.0,0.5,20.0,150,150,True,10,10,0,3.0,7,1,4,0,4,0,0,0,,,,,,,,,0.6466666666666666,budget_exhausted,5,150,30.0,True,bounds,3.0,1e-12,0.5107619529659089,0,C:\dev\PIDO\IIT_PIDO\result\bench\aion\20260901_091126\runs\run_goldstein_price_20260901_144854_138105_3519\DOE\metadata.json,s4_obj,dual_refine_ei,2,150,75.0,0.24990000000039303,score,0.0,0.11207802509660425,4,11687.290237620708,,,,,0.35,1.3,True,True,1.0,1.0,,0,,,,,,,,,,,False,,,,False,0.2499,0.24990000000039303,False,False,[],False,[],False,"{'applied': False, 'reason': 'center_l1_gate', 'center_l1_before': 0.13944019584794942, 'center_l1_after': None, 'current_volume_ratio': 0.24990000000039303, 'volume_ratio_after': None, 'near_cap_relative_volume': 1.0000000000015727, 'near_cap_min_ratio': 0.98, 'near_cap_max_ratio': 1.01, 'trigger': 'near_cap'}",1,1,pass
75,40,goldstein_price,39044,S4_dual,S4_dual,,False,True,1,1,2,low_dim_active,"[""x2"", ""x1""]",2,0,100.0,True,True,0.2499,24.990000000000002,1,True,C:\dev\PIDO\IIT_PIDO\result\bench\aion\20260901_091126\runs\run_goldstein_price_20260901_145204_217227_1f62\Explorer\metadata_S4_dual.json,C:\dev\PIDO\IIT_PIDO\result\bench\aion\20260901_091126\runs\run_goldstein_price_20260901_145204_217227_1f62\Explorer\artifacts\public\S4_dual\selected_bounds.json,C:\dev\PIDO\IIT_PIDO\result\bench\aion\20260901_091126\runs\run_goldstein_price_20260901_145204_217227_1f62,2,150,30.0,,a41d1d3879efabbc39cd401627ac78419a78821b,consume_all,0.1,0.1,adaptive_np_high_keep,30.0,5,False,False,True,105,0.6,0.6,0.5596610631654617,0.8973849177925104,0.6,0.7333333333333333,0.467330647796404,0.9036193821623648,0.6221637750641569,0.8450012358106749,ema,True,1.0,0.55,0.75,0.65,True,0.35,2,True,True,0.22,2,2,0.2,2,0.4,0.12,0.3,10.0,0.5,20.0,150,150,True,10,10,0,4.0,6,1,4,0,4,0,0,0,,,,,,,,,0.72,budget_exhausted,5,150,30.0,True,bounds,3.0,1e-12,0.4352629138508853,0,C:\dev\PIDO\IIT_PIDO\result\bench\aion\20260901_091126\runs\run_goldstein_price_20260901_145204_217227_1f62\DOE\metadata.json,s4_obj,dual_refine_ei,2,150,75.0,0.2499,score,0.0,0.2911650292531191,3,2666.379790609029,,,,,0.35,1.3,True,True,1.0,1.0,,0,,,,,,,,,,,False,,,,False,0.2499,0.2499,False,False,[],False,[],False,"{'applied': False, 'reason': 'center_l1_gate', 'center_l1_before': 0.14367397483478317, 'center_l1_after': None, 'current_volume_ratio': 0.2499, 'volume_ratio_after': None, 'near_cap_relative_volume': 1.0, 'near_cap_min_ratio': 0.98, 'near_cap_max_ratio': 1.01, 'trigger': 'near_cap'}",1,1,pass
76,41,goldstein_price,40044,S4_dual,S4_dual,,False,True,1,1,2,low_dim_active,"[""x2"", ""x1""]",2,0,100.0,True,True,0.2499,24.990000000000002,1,True,C:\dev\PIDO\IIT_PIDO\result\bench\aion\20260901_091126\runs\run_goldstein_price_20260901_145455_318794_6f8a\Explorer\metadata_S4_dual.json,C:\dev\PIDO\IIT_PIDO\result\bench\aion\20260901_091126\runs\run_goldstein_price_20260901_145455_318794_6f8a\Explorer\artifacts\public\S4_dual\selected_bounds.json,C:\dev\PIDO\IIT_PIDO\result\bench\aion\20260901_091126\runs\run_goldstein_price_20260901_145455_318794_6f8a,2,150,30.0,,a41d1d3879efabbc39cd401627ac78419a78821b,consume_all,0.1,0.1,adaptive_np_high_keep,30.0,5,False,False,True,105,0.0,0.875,0.3604271612257812,0.921137075048017,0.5714285714285714,0.9444444444444444,0.28695722842629184,0.9162183248037382,0.441485864367031,0.9330932244955019,ema,False,1.0,0.55,0.75,0.65,True,0.35,2,True,True,0.22,2,2,0.2,2,0.4,0.12,0.3,10.0,0.5,20.0,150,150,True,8,8,0,,0,0,0,0,0,0,0,0,,,,,,,,,,budget_exhausted,5,150,30.0,True,bounds,3.0,1e-12,0.5346512857420598,0,C:\dev\PIDO\IIT_PIDO\result\bench\aion\20260901_091126\runs\run_goldstein_price_20260901_145455_318794_6f8a\DOE\metadata.json,s4_obj,dual_refine_ei,2,150,75.0,0.2499,score,0.0,0.033301360091695355,11,18621.46891184612,,,,,0.35,1.3,True,True,1.0,1.0,,0,,,,,,,,,,,False,,,,False,0.2499,0.2499,False,False,[],False,[],False,"{'applied': False, 'reason': 'center_l1_gate', 'center_l1_before': 0.13076425842550493, 'center_l1_after': None, 'current_volume_ratio': 0.2499, 'volume_ratio_after': None, 'near_cap_relative_volume': 1.0, 'near_cap_min_ratio': 0.98, 'near_cap_max_ratio': 1.01, 'trigger': 'near_cap'}",1,1,pass
77,42,goldstein_price,41044,S4_dual,S4_dual,,False,True,1,1,2,low_dim_active,"[""x2"", ""x1""]",2,0,100.0,True,True,0.2499,24.990000000000002,1,True,C:\dev\PIDO\IIT_PIDO\result\bench\aion\20260901_091126\runs\run_goldstein_price_20260901_145726_063195_90f8\Explorer\metadata_S4_dual.json,C:\dev\PIDO\IIT_PIDO\result\bench\aion\20260901_091126\runs\run_goldstein_price_20260901_145726_063195_90f8\Explorer\artifacts\public\S4_dual\selected_bounds.json,C:\dev\PIDO\IIT_PIDO\result\bench\aion\20260901_091126\runs\run_goldstein_price_20260901_145726_063195_90f8,2,150,30.0,,a41d1d3879efabbc39cd401627ac78419a78821b,consume_all,0.1,0.1,adaptive_np_high_keep,30.0,5,False,False,True,105,0.125,0.5,0.3360299639407172,0.9037903293993942,0.8333333333333334,0.8888888888888888,0.25238390533985977,0.9089387585090654,0.46075816442640105,0.8992507229561424,ema,False,1.0,0.55,0.75,0.65,True,0.35,2,True,True,0.22,2,2,0.2,2,0.4,0.12,0.3,10.0,0.5,20.0,150,150,True,8,8,0,,0,0,0,0,0,0,0,0,,,,,,,,,,budget_exhausted,5,150,30.0,True,bounds,3.0,1e-12,0.3609022533346721,0,C:\dev\PIDO\IIT_PIDO\result\bench\aion\20260901_091126\runs\run_goldstein_price_20260901_145726_063195_90f8\DOE\metadata.json,s4_obj,dual_refine_ei,2,150,75.0,0.2499,score,0.0,0.061795328717893463,3,14838.100271026045,,,,,0.35,1.3,True,True,1.0,1.0,,0,,,,,,,,,,,False,,,,False,0.2499,0.2499,False,False,[],False,[],False,"{'applied': False, 'reason': 'center_l1_gate', 'center_l1_before': 0.16536562894599433, 'center_l1_after': None, 'current_volume_ratio': 0.2499, 'volume_ratio_after': None, 'near_cap_relative_volume': 1.0, 'near_cap_min_ratio': 0.98, 'near_cap_max_ratio': 1.01, 'trigger': 'near_cap'}",1,1,pass
78,43,goldstein_price,42044,S4_dual,S4_dual,,False,True,1,1,2,low_dim_active,"[""x2"", ""x1""]",2,0,100.0,True,True,0.24990000000000004,24.990000000000006,1,True,C:\dev\PIDO\IIT_PIDO\result\bench\aion\20260901_091126\runs\run_goldstein_price_20260901_150005_093757_c58b\Explorer\metadata_S4_dual.json,C:\dev\PIDO\IIT_PIDO\result\bench\aion\20260901_091126\runs\run_goldstein_price_20260901_150005_093757_c58b\Explorer\artifacts\public\S4_dual\selected_bounds.json,C:\dev\PIDO\IIT_PIDO\result\bench\aion\20260901_091126\runs\run_goldstein_price_20260901_150005_093757_c58b,2,150,30.0,,a41d1d3879efabbc39cd401627ac78419a78821b,consume_all,0.1,0.1,adaptive_np_high_keep,30.0,5,False,False,True,105,0.0,0.625,0.4174446923327102,0.9011996484802487,0.5714285714285714,0.9166666666666666,0.3321134077692009,0.9066746411482369,0.5027160532548676,0.9002249400089589,ema,False,1.0,0.55,0.75,0.65,True,0.35,2,True,True,0.22,2,2,0.2,2,0.4,0.12,0.3,10.0,0.5,20.0,150,150,True,8,8,0,,0,0,0,0,0,0,0,0,,,,,,,,,,budget_exhausted,5,150,30.0,True,bounds,3.0,1e-12,0.509768587758096,0,C:\dev\PIDO\IIT_PIDO\result\bench\aion\20260901_091126\runs\run_goldstein_price_20260901_150005_093757_c58b\DOE\metadata.json,s4_obj,dual_refine_ei,2,150,75.0,0.24990000000000004,score,0.0,0.5812596898649177,13,690.2668033679978,,,,,0.35,1.3,True,True,1.0,1.0,,0,,,,,,,,,,,False,,,,False,0.2499,0.24990000000000004,False,False,[],False,[],False,"{'applied': False, 'reason': 'center_l1_gate', 'center_l1_before': 0.10811238520666486, 'center_l1_after': None, 'current_volume_ratio': 0.24990000000000004, 'volume_ratio_after': None, 'near_cap_relative_volume': 1.0000000000000002, 'near_cap_min_ratio': 0.98, 'near_cap_max_ratio': 1.01, 'trigger': 'near_cap'}",1,1,pass
79,44,goldstein_price,43044,S4_dual,S4_dual,,False,True,1,1,2,low_dim_active,"[""x2"", ""x1""]",2,0,100.0,True,True,0.24990000000041115,24.990000000041114,1,True,C:\dev\PIDO\IIT_PIDO\result\bench\aion\20260901_091126\runs\run_goldstein_price_20260901_150239_653347_812c\Explorer\metadata_S4_dual.json,C:\dev\PIDO\IIT_PIDO\result\bench\aion\20260901_091126\runs\run_goldstein_price_20260901_150239_653347_812c\Explorer\artifacts\public\S4_dual\selected_bounds.json,C:\dev\PIDO\IIT_PIDO\result\bench\aion\20260901_091126\runs\run_goldstein_price_20260901_150239_653347_812c,2,150,30.0,,a41d1d3879efabbc39cd401627ac78419a78821b,consume_all,0.1,0.1,adaptive_np_high_keep,30.0,5,False,False,True,105,0.25,0.25,0.46433998604522353,0.8949943931620901,0.4666666666666667,0.9722222222222222,0.38434809569127615,0.8848249009134341,0.49526538226231515,0.9152356149612431,ema,False,1.0,0.55,0.75,0.65,True,0.35,2,True,True,0.22,2,2,0.2,2,0.4,0.12,0.3,10.0,0.5,20.0,150,150,True,8,8,0,,0,0,0,0,0,0,0,0,,,,,,,,,,budget_exhausted,5,150,30.0,True,bounds,3.0,1e-12,0.40212865567526207,0,C:\dev\PIDO\IIT_PIDO\result\bench\aion\20260901_091126\runs\run_goldstein_price_20260901_150239_653347_812c\DOE\metadata.json,s4_obj,dual_refine_ei,2,150,75.0,0.24990000000041115,score,0.0,0.022742541842599842,2,32983.42235005927,,,,,0.35,1.3,True,True,1.0,1.0,,0,,,,,,,,,,,False,,,,False,0.2499,0.24990000000041115,False,False,[],False,[],False,"{'applied': False, 'reason': 'center_l1_gate', 'center_l1_before': 0.1818247129364749, 'center_l1_after': None, 'current_volume_ratio': 0.24990000000041115, 'volume_ratio_after': None, 'near_cap_relative_volume': 1.0000000000016451, 'near_cap_min_ratio': 0.98, 'near_cap_max_ratio': 1.01, 'trigger': 'near_cap'}",1,1,pass
80,45,goldstein_price,44044,S4_dual,S4_dual,,False,True,1,1,2,low_dim_active,"[""x2"", ""x1""]",2,0,100.0,True,True,0.24990000000041251,24.990000000041253,1,True,C:\dev\PIDO\IIT_PIDO\result\bench\aion\20260901_091126\runs\run_goldstein_price_20260901_150533_967913_7cda\Explorer\metadata_S4_dual.json,C:\dev\PIDO\IIT_PIDO\result\bench\aion\20260901_091126\runs\run_goldstein_price_20260901_150533_967913_7cda\Explorer\artifacts\public\S4_dual\selected_bounds.json,C:\dev\PIDO\IIT_PIDO\result\bench\aion\20260901_091126\runs\run_goldstein_price_20260901_150533_967913_7cda,2,150,30.0,,a41d1d3879efabbc39cd401627ac78419a78821b,consume_all,0.1,0.1,adaptive_np_high_keep,30.0,5,False,False,True,105,0.25,0.75,0.5105741801919095,0.9350680801668838,0.6923076923076923,0.9722222222222222,0.43787793939129277,0.9247026690837834,0.5731530372949643,0.9422700492077878,ema,True,1.0,0.55,0.75,0.65,True,0.35,2,True,True,0.22,2,2,0.2,2,0.4,0.12,0.3,10.0,0.5,20.0,150,150,True,8,8,0,5.0,2,2,2,0,2,0,0,0,,,,,,,,,0.7866666666666666,budget_exhausted,5,150,30.0,True,bounds,3.0,1e-12,0.45047723308136656,0,C:\dev\PIDO\IIT_PIDO\result\bench\aion\20260901_091126\runs\run_goldstein_price_20260901_150533_967913_7cda\DOE\metadata.json,s4_obj,dual_refine_ei,2,150,75.0,0.24990000000041251,score,0.0,0.1085600214364642,12,9933.827368287019,,,,,0.35,1.3,True,True,1.0,1.0,,0,,,,,,,,,,,False,,,,False,0.2499,0.24990000000041251,False,False,[],False,[],False,"{'applied': False, 'reason': 'center_l1_gate', 'center_l1_before': 0.11087554847149138, 'center_l1_after': None, 'current_volume_ratio': 0.24990000000041251, 'volume_ratio_after': None, 'near_cap_relative_volume': 1.0000000000016507, 'near_cap_min_ratio': 0.98, 'near_cap_max_ratio': 1.01, 'trigger': 'near_cap'}",1,1,pass
81,46,goldstein_price,45044,S4_dual,S4_dual,,False,True,1,1,2,low_dim_active,"[""x2"", ""x1""]",2,0,100.0,True,True,0.24990000000000004,24.990000000000006,1,True,C:\dev\PIDO\IIT_PIDO\result\bench\aion\20260901_091126\runs\run_goldstein_price_20260901_150823_158255_08a1\Explorer\metadata_S4_dual.json,C:\dev\PIDO\IIT_PIDO\result\bench\aion\20260901_091126\runs\run_goldstein_price_20260901_150823_158255_08a1\Explorer\artifacts\public\S4_dual\selected_bounds.json,C:\dev\PIDO\IIT_PIDO\result\bench\aion\20260901_091126\runs\run_goldstein_price_20260901_150823_158255_08a1,2,150,30.0,,a41d1d3879efabbc39cd401627ac78419a78821b,consume_all,0.1,0.1,adaptive_np_high_keep,30.0,5,False,False,True,105,0.125,0.5,0.47020999765529703,0.8900038142105519,0.8333333333333334,0.9166666666666666,0.36509849032932135,0.880826303211034,0.6034729630648983,0.8942957982982903,ema,True,1.0,0.55,0.75,0.65,True,0.35,2,True,True,0.22,2,2,0.2,2,0.4,0.12,0.3,10.0,0.5,20.0,150,150,True,8,8,0,7.0,1,1,1,0,1,0,0,0,,,,,,,,,0.92,budget_exhausted,5,150,30.0,True,bounds,3.0,1e-12,0.3647690506435056,0,C:\dev\PIDO\IIT_PIDO\result\bench\aion\20260901_091126\runs\run_goldstein_price_20260901_150823_158255_08a1\DOE\metadata.json,s4_obj,dual_refine_ei,2,150,75.0,0.24990000000000004,score,0.0,0.38799093360644893,5,1414.5664181687685,,,,,0.35,1.3,True,True,1.0,1.0,,0,,,,,,,,,,,False,,,,False,0.2499,0.24990000000000004,False,False,[],False,[],False,"{'applied': False, 'reason': 'center_l1_gate', 'center_l1_before': 0.15457190308434854, 'center_l1_after': None, 'current_volume_ratio': 0.24990000000000004, 'volume_ratio_after': None, 'near_cap_relative_volume': 1.0000000000000002, 'near_cap_min_ratio': 0.98, 'near_cap_max_ratio': 1.01, 'trigger': 'near_cap'}",1,1,pass
82,47,goldstein_price,46044,S4_dual,S4_dual,,False,True,1,1,2,low_dim_active,"[""x2"", ""x1""]",2,0,100.0,True,True,0.24990000000000007,24.990000000000006,1,True,C:\dev\PIDO\IIT_PIDO\result\bench\aion\20260901_091126\runs\run_goldstein_price_20260901_151045_416381_c588\Explorer\metadata_S4_dual.json,C:\dev\PIDO\IIT_PIDO\result\bench\aion\20260901_091126\runs\run_goldstein_price_20260901_151045_416381_c588\Explorer\artifacts\public\S4_dual\selected_bounds.json,C:\dev\PIDO\IIT_PIDO\result\bench\aion\20260901_091126\runs\run_goldstein_price_20260901_151045_416381_c588,2,150,30.0,,a41d1d3879efabbc39cd401627ac78419a78821b,consume_all,0.1,0.1,adaptive_np_high_keep,30.0,5,False,False,True,105,0.125,0.625,0.4338450070931963,0.9088609337934779,0.5714285714285714,0.8611111111111112,0.34193529597639805,0.9104371991493188,0.5310538907151893,0.8908289814708097,ema,True,1.0,0.55,0.75,0.65,True,0.35,2,True,True,0.22,2,2,0.2,2,0.4,0.12,0.3,10.0,0.5,20.0,150,150,True,8,8,0,7.0,1,1,0,0,0,0,0,0,,,,,,,,,0.92,budget_exhausted,5,150,30.0,True,bounds,3.0,1e-12,0.43434937748502467,0,C:\dev\PIDO\IIT_PIDO\result\bench\aion\20260901_091126\runs\run_goldstein_price_20260901_151045_416381_c588\DOE\metadata.json,s4_obj,dual_refine_ei,2,150,75.0,0.24990000000000007,score,0.0,0.3731050052026296,5,1273.2120158869816,,,,,0.35,1.3,True,True,1.0,1.0,,0,,,,,,,,,,,False,,,,False,0.2499,0.24990000000000007,False,False,[],False,[],False,"{'applied': False, 'reason': 'center_l1_gate', 'center_l1_before': 0.16397416395388936, 'center_l1_after': None, 'current_volume_ratio': 0.24990000000000007, 'volume_ratio_after': None, 'near_cap_relative_volume': 1.0000000000000002, 'near_cap_min_ratio': 0.98, 'near_cap_max_ratio': 1.01, 'trigger': 'near_cap'}",1,1,pass
83,48,goldstein_price,47044,S4_dual,S4_dual,,False,True,1,1,2,low_dim_active,"[""x2"", ""x1""]",2,0,100.0,True,True,0.249900000000364,24.9900000000364,1,True,C:\dev\PIDO\IIT_PIDO\result\bench\aion\20260901_091126\runs\run_goldstein_price_20260901_151333_760999_e611\Explorer\metadata_S4_dual.json,C:\dev\PIDO\IIT_PIDO\result\bench\aion\20260901_091126\runs\run_goldstein_price_20260901_151333_760999_e611\Explorer\artifacts\public\S4_dual\selected_bounds.json,C:\dev\PIDO\IIT_PIDO\result\bench\aion\20260901_091126\runs\run_goldstein_price_20260901_151333_760999_e611,2,150,30.0,,a41d1d3879efabbc39cd401627ac78419a78821b,consume_all,0.1,0.1,adaptive_np_high_keep,30.0,5,False,False,True,105,0.25,0.625,0.47639559001505066,0.9113398396329394,0.5714285714285714,0.9444444444444444,0.38620631279669726,0.9169188747706049,0.50850765570983,0.9164434237293237,ema,True,1.0,0.55,0.75,0.65,True,0.35,2,True,True,0.22,2,2,0.2,2,0.4,0.12,0.3,10.0,0.5,20.0,150,150,True,8,8,0,5.0,1,1,0,0,0,0,0,0,,,,,,,,,0.7866666666666666,budget_exhausted,5,150,30.0,True,bounds,3.0,1e-12,0.449648233128774,0,C:\dev\PIDO\IIT_PIDO\result\bench\aion\20260901_091126\runs\run_goldstein_price_20260901_151333_760999_e611\DOE\metadata.json,s4_obj,dual_refine_ei,2,150,75.0,0.249900000000364,score,0.0,0.13792522447686253,10,5208.160681253483,,,,,0.35,1.3,True,True,1.0,1.0,,0,,,,,,,,,,,False,,,,False,0.2499,0.249900000000364,False,False,[],False,[],False,"{'applied': False, 'reason': 'center_l1_gate', 'center_l1_before': 0.15926433084147876, 'center_l1_after': None, 'current_volume_ratio': 0.249900000000364, 'volume_ratio_after': None, 'near_cap_relative_volume': 1.0000000000014566, 'near_cap_min_ratio': 0.98, 'near_cap_max_ratio': 1.01, 'trigger': 'near_cap'}",1,1,pass
84,49,goldstein_price,48044,S4_dual,S4_dual,,False,True,1,1,2,low_dim_active,"[""x2"", ""x1""]",2,0,100.0,True,True,0.2499,24.990000000000002,1,True,C:\dev\PIDO\IIT_PIDO\result\bench\aion\20260901_091126\runs\run_goldstein_price_20260901_151642_478512_6926\Explorer\metadata_S4_dual.json,C:\dev\PIDO\IIT_PIDO\result\bench\aion\20260901_091126\runs\run_goldstein_price_20260901_151642_478512_6926\Explorer\artifacts\public\S4_dual\selected_bounds.json,C:\dev\PIDO\IIT_PIDO\result\bench\aion\20260901_091126\runs\run_goldstein_price_20260901_151642_478512_6926,2,150,30.0,,a41d1d3879efabbc39cd401627ac78419a78821b,consume_all,0.1,0.1,adaptive_np_high_keep,30.0,5,False,False,True,105,0.5,0.625,0.48523603196067255,0.898727208875635,0.5,0.9523809523809523,0.384381627890117,0.8993769885473495,0.5348864218343317,0.9067247586302702,ema,True,1.0,0.55,0.75,0.65,True,0.35,2,True,True,0.22,2,2,0.2,2,0.4,0.12,0.3,10.0,0.5,20.0,150,150,True,8,8,0,6.0,2,1,2,0,2,0,0,0,,,,,,,,,0.8533333333333334,budget_exhausted,5,150,30.0,True,bounds,3.0,1e-12,0.3887665375344421,0,C:\dev\PIDO\IIT_PIDO\result\bench\aion\20260901_091126\runs\run_goldstein_price_20260901_151642_478512_6926\DOE\metadata.json,s4_obj,dual_refine_ei,2,150,75.0,0.2499,score,0.0,0.12947654222545735,2,8466.989502411283,,,,,0.35,1.3,True,True,1.0,1.0,,0,,,,,,,,,,,False,,,,False,0.2499,0.2499,False,False,[],False,[],False,"{'applied': False, 'reason': 'center_l1_gate', 'center_l1_before': 0.13990389621867852, 'center_l1_after': None, 'current_volume_ratio': 0.2499, 'volume_ratio_after': None, 'near_cap_relative_volume': 1.0, 'near_cap_min_ratio': 0.98, 'near_cap_max_ratio': 1.01, 'trigger': 'near_cap'}",1,1,pass
85,50,goldstein_price,49044,S4_dual,S4_dual,,False,True,1,1,2,low_dim_active,"[""x2"", ""x1""]",2,0,100.0,True,True,0.2499000000004092,24.990000000040922,1,True,C:\dev\PIDO\IIT_PIDO\result\bench\aion\20260901_091126\runs\run_goldstein_price_20260901_151925_873745_53bd\Explorer\metadata_S4_dual.json,C:\dev\PIDO\IIT_PIDO\result\bench\aion\20260901_091126\runs\run_goldstein_price_20260901_151925_873745_53bd\Explorer\artifacts\public\S4_dual\selected_bounds.json,C:\dev\PIDO\IIT_PIDO\result\bench\aion\20260901_091126\runs\run_goldstein_price_20260901_151925_873745_53bd,2,150,30.0,,a41d1d3879efabbc39cd401627ac78419a78821b,consume_all,0.1,0.1,adaptive_np_high_keep,30.0,5,False,False,True,105,0.6,0.6,0.5852888101092701,0.9004227937856111,0.3333333333333333,0.8666666666666667,0.49254505002631255,0.9078591172019529,0.6095216359600796,0.8837677823369151,ema,True,1.0,0.55,0.75,0.65,True,0.35,2,True,True,0.22,2,2,0.2,2,0.4,0.12,0.3,10.0,0.5,20.0,150,150,True,10,10,0,1.0,7,2,3,0,3,0,0,0,,,,,,,,,0.44,budget_exhausted,5,150,30.0,True,bounds,3.0,1e-12,0.45634308989545735,0,C:\dev\PIDO\IIT_PIDO\result\bench\aion\20260901_091126\runs\run_goldstein_price_20260901_151925_873745_53bd\DOE\metadata.json,s4_obj,dual_refine_ei,2,150,75.0,0.2499000000004092,score,0.0,0.13039924903422775,3,12025.09425336586,,,,,0.35,1.3,True,True,1.0,1.0,,0,,,,,,,,,,,False,,,,False,0.2499,0.2499000000004092,False,False,[],False,[],False,"{'applied': False, 'reason': 'center_l1_gate', 'center_l1_before': 0.12164738515905711, 'center_l1_after': None, 'current_volume_ratio': 0.2499000000004092, 'volume_ratio_after': None, 'near_cap_relative_volume': 1.0000000000016374, 'near_cap_min_ratio': 0.98, 'near_cap_max_ratio': 1.01, 'trigger': 'near_cap'}",1,1,pass
86,1,six_hump_camel,45,S4_dual,S4_dual,,False,True,2,2,2,low_dim_active,"[""x1"", ""x2""]",2,0,100.0,True,True,0.24990000000000004,24.990000000000006,1,True,C:\dev\PIDO\IIT_PIDO\result\bench\aion\20260901_091126\runs\run_six_hump_camel_20260901_152227_774411_464d\Explorer\metadata_S4_dual.json,C:\dev\PIDO\IIT_PIDO\result\bench\aion\20260901_091126\runs\run_six_hump_camel_20260901_152227_774411_464d\Explorer\artifacts\public\S4_dual\selected_bounds.json,C:\dev\PIDO\IIT_PIDO\result\bench\aion\20260901_091126\runs\run_six_hump_camel_20260901_152227_774411_464d,2,35,7.0,,2d1d6dfdeca46b7b6f1bd340e9c23db69763dcfa,consume_all,0.05,0.1,adaptive_p_le_6_low_np,7.0,5,False,False,True,25,0.3333333333333333,0.6666666666666666,0.4666666666666666,0.9340480831708903,0.3333333333333333,0.8947368421052632,0.7425555555555556,0.9698952241715398,0.5543333333333333,0.9420930799220273,ema,True,1.0,0.55,0.75,0.65,True,0.35,2,True,True,0.22,2,2,0.2,2,0.4,0.12,0.3,5.18,0.5,20.0,35,35,True,3,3,0,2.0,1,1,1,0,1,0,0,0,,,,,,,,,0.8571428571428571,budget_exhausted,5,35,7.0,True,bounds,3.0,1e-12,0.5917623026152935,0,C:\dev\PIDO\IIT_PIDO\result\bench\aion\20260901_091126\runs\run_six_hump_camel_20260901_152227_774411_464d\DOE\metadata.json,s4_obj,dual_refine_ei,2,35,17.5,0.24990000000000004,score,0.0,0.7290098949462962,22,4.544102270746108,,,,,0.35,1.3,True,True,1.5,1.5,,0,,,,,,,,,,,False,,,,False,0.2499,0.24990000000000004,False,False,[],False,[],False,"{'applied': False, 'reason': 'center_l1_gate', 'center_l1_before': 0.07879404495560426, 'center_l1_after': None, 'current_volume_ratio': 0.24990000000000004, 'volume_ratio_after': None, 'near_cap_relative_volume': 1.0000000000000002, 'near_cap_min_ratio': 0.98, 'near_cap_max_ratio': 1.01, 'trigger': 'near_cap'}",1,1,pass
87,2,six_hump_camel,1045,S4_dual,S4_dual,,False,True,2,2,2,low_dim_active,"[""x1"", ""x2""]",2,0,100.0,True,True,0.24990000000040719,24.99000000004072,1,True,C:\dev\PIDO\IIT_PIDO\result\bench\aion\20260901_091126\runs\run_six_hump_camel_20260901_152319_659670_d263\Explorer\metadata_S4_dual.json,C:\dev\PIDO\IIT_PIDO\result\bench\aion\20260901_091126\runs\run_six_hump_camel_20260901_152319_659670_d263\Explorer\artifacts\public\S4_dual\selected_bounds.json,C:\dev\PIDO\IIT_PIDO\result\bench\aion\20260901_091126\runs\run_six_hump_camel_20260901_152319_659670_d263,2,35,7.0,,2d1d6dfdeca46b7b6f1bd340e9c23db69763dcfa,consume_all,0.05,0.1,adaptive_p_le_6_low_np,7.0,5,False,False,True,25,0.3333333333333333,0.6666666666666666,0.5222222222222223,0.9525666016894087,0.5,0.8947368421052632,0.762,0.9805896686159844,0.6126666666666667,0.9547319688109162,ema,True,1.0,0.55,0.75,0.65,True,0.35,2,True,True,0.22,2,2,0.2,2,0.4,0.12,0.3,5.18,0.5,20.0,35,35,True,3,3,0,2.0,1,1,1,0,1,0,0,0,,,,,,,,,0.8571428571428571,budget_exhausted,5,35,7.0,True,bounds,3.0,1e-12,0.6041328570466737,0,C:\dev\PIDO\IIT_PIDO\result\bench\aion\20260901_091126\runs\run_six_hump_camel_20260901_152319_659670_d263\DOE\metadata.json,s4_obj,dual_refine_ei,2,35,17.5,0.24990000000040719,score,0.0,0.4453633511923429,22,12.607552604775162,,,,,0.35,1.3,True,True,1.5,1.5,,0,,,,,,,,,,,False,,,,False,0.2499,0.24990000000040719,False,False,[],False,[],False,"{'applied': False, 'reason': 'center_l1_gate', 'center_l1_before': 0.09636259343700262, 'center_l1_after': None, 'current_volume_ratio': 0.24990000000040719, 'volume_ratio_after': None, 'near_cap_relative_volume': 1.0000000000016294, 'near_cap_min_ratio': 0.98, 'near_cap_max_ratio': 1.01, 'trigger': 'near_cap'}",1,1,pass
88,3,six_hump_camel,2045,S4_dual,S4_dual,,False,True,2,2,2,low_dim_active,"[""x2"", ""x1""]",2,0,100.0,True,True,0.24990000000000004,24.990000000000006,1,True,C:\dev\PIDO\IIT_PIDO\result\bench\aion\20260901_091126\runs\run_six_hump_camel_20260901_152359_428972_fc92\Explorer\metadata_S4_dual.json,C:\dev\PIDO\IIT_PIDO\result\bench\aion\20260901_091126\runs\run_six_hump_camel_20260901_152359_428972_fc92\Explorer\artifacts\public\S4_dual\selected_bounds.json,C:\dev\PIDO\IIT_PIDO\result\bench\aion\20260901_091126\runs\run_six_hump_camel_20260901_152359_428972_fc92,2,35,7.0,,2d1d6dfdeca46b7b6f1bd340e9c23db69763dcfa,consume_all,0.05,0.1,adaptive_p_le_6_low_np,7.0,5,False,False,True,25,0.0,0.3333333333333333,0.23145245559038663,0.8917024041585445,0.5,0.8947368421052632,0.14105015673981192,0.9005905945419103,0.2369435736677116,0.8956421539961014,ema,False,1.0,0.55,0.75,0.65,True,0.35,2,True,True,0.22,2,2,0.2,2,0.4,0.12,0.3,5.18,0.5,20.0,35,35,True,3,3,0,,0,0,0,0,0,0,0,0,,,,,,,,,,budget_exhausted,5,35,7.0,True,bounds,3.0,1e-12,0.6850888367278785,0,C:\dev\PIDO\IIT_PIDO\result\bench\aion\20260901_091126\runs\run_six_hump_camel_20260901_152359_428972_fc92\DOE\metadata.json,s4_obj,dual_refine_ei,2,35,17.5,0.24990000000000004,score,0.0,0.7083683949345938,8,3.6366966636898055,,,,,0.35,1.3,True,True,1.5,1.5,,0,,,,,,,,,,,False,,,,False,0.2499,0.5021540234243188,True,False,[],False,[],False,"{'applied': False, 'reason': 'center_l1_gate', 'center_l1_before': 0.05883664727116557, 'center_l1_after': None, 'current_volume_ratio': 0.24990000000000004, 'volume_ratio_after': None, 'trigger': 'cap_applied'}",1,1,pass
89,4,six_hump_camel,3045,S4_dual,S4_dual,,False,True,2,2,2,low_dim_active,"[""x1"", ""x2""]",2,0,100.0,True,True,0.2499,24.990000000000002,1,True,C:\dev\PIDO\IIT_PIDO\result\bench\aion\20260901_091126\runs\run_six_hump_camel_20260901_152445_879950_d0c3\Explorer\metadata_S4_dual.json,C:\dev\PIDO\IIT_PIDO\result\bench\aion\20260901_091126\runs\run_six_hump_camel_20260901_152445_879950_d0c3\Explorer\artifacts\public\S4_dual\selected_bounds.json,C:\dev\PIDO\IIT_PIDO\result\bench\aion\20260901_091126\runs\run_six_hump_camel_20260901_152445_879950_d0c3,2,35,7.0,,2d1d6dfdeca46b7b6f1bd340e9c23db69763dcfa,consume_all,0.05,0.1,adaptive_p_le_6_low_np,7.0,5,False,False,True,25,0.3333333333333333,1.0,0.5222222222222223,0.9814814814814815,0.5,1.0,0.762,0.9893055555555555,0.6126666666666667,0.9873611111111111,ema,True,1.0,0.55,0.75,0.65,True,0.35,2,True,True,0.22,2,2,0.2,2,0.4,0.12,0.3,5.18,0.5,20.0,35,35,True,3,3,0,2.0,1,1,1,0,1,0,0,0,,,,,,,,,0.8571428571428571,budget_exhausted,5,35,7.0,True,bounds,3.0,1e-12,0.7321330460916116,0,C:\dev\PIDO\IIT_PIDO\result\bench\aion\20260901_091126\runs\run_six_hump_camel_20260901_152445_879950_d0c3\DOE\metadata.json,s4_obj,dual_refine_ei,2,35,17.5,0.2499,score,0.0,0.4683976547873087,18,10.606685587814507,,,,,0.35,1.3,True,True,1.5,1.5,,0,,,,,,,,,,,False,,,,False,0.2499,0.2499,False,False,[],False,[],False,"{'applied': False, 'reason': 'center_l1_gate', 'center_l1_before': 0.03378100017659437, 'center_l1_after': None, 'current_volume_ratio': 0.2499, 'volume_ratio_after': None, 'near_cap_relative_volume': 1.0, 'near_cap_min_ratio': 0.98, 'near_cap_max_ratio': 1.01, 'trigger': 'near_cap'}",1,1,pass
90,5,six_hump_camel,4045,S4_dual,S4_dual,,False,True,2,2,2,low_dim_active,"[""x2"", ""x1""]",2,0,100.0,True,True,0.2499000000004517,24.99000000004517,1,True,C:\dev\PIDO\IIT_PIDO\result\bench\aion\20260901_091126\runs\run_six_hump_camel_20260901_152525_806575_7ccf\Explorer\metadata_S4_dual.json,C:\dev\PIDO\IIT_PIDO\result\bench\aion\20260901_091126\runs\run_six_hump_camel_20260901_152525_806575_7ccf\Explorer\artifacts\public\S4_dual\selected_bounds.json,C:\dev\PIDO\IIT_PIDO\result\bench\aion\20260901_091126\runs\run_six_hump_camel_20260901_152525_806575_7ccf,2,35,7.0,,2d1d6dfdeca46b7b6f1bd340e9c23db69763dcfa,consume_all,0.05,0.1,adaptive_p_le_6_low_np,7.0,5,False,False,True,25,0.3333333333333333,1.0,0.4222222222222222,0.9814814814814815,0.2,1.0,0.727,0.9893055555555555,0.5076666666666667,0.9873611111111111,ema,False,1.0,0.55,0.75,0.65,True,0.35,2,True,True,0.22,2,2,0.2,2,0.4,0.12,0.3,5.18,0.5,20.0,35,35,True,3,3,0,,0,0,1,0,1,0,0,0,,,,,,,,,,budget_exhausted,5,35,7.0,True,bounds,3.0,1e-12,0.691517396879566,0,C:\dev\PIDO\IIT_PIDO\result\bench\aion\20260901_091126\runs\run_six_hump_camel_20260901_152525_806575_7ccf\DOE\metadata.json,s4_obj,dual_refine_ei,2,35,17.5,0.2499000000004517,score,0.0,0.7388263488353598,10,3.4033458749404977,,,,,0.35,1.3,True,True,1.5,1.5,,0,,,,,,,,,,,False,,,,False,0.2499,0.2499000000004517,False,False,[],False,[],False,"{'applied': False, 'reason': 'center_l1_gate', 'center_l1_before': 0.10127556167940119, 'center_l1_after': None, 'current_volume_ratio': 0.2499000000004517, 'volume_ratio_after': None, 'near_cap_relative_volume': 1.0000000000018074, 'near_cap_min_ratio': 0.98, 'near_cap_max_ratio': 1.01, 'trigger': 'near_cap'}",1,1,pass
91,6,six_hump_camel,5045,S4_dual,S4_dual,,False,True,2,2,2,low_dim_active,"[""x1"", ""x2""]",2,0,100.0,True,True,0.24989999999999998,24.99,1,True,C:\dev\PIDO\IIT_PIDO\result\bench\aion\20260901_091126\runs\run_six_hump_camel_20260901_152606_948469_9547\Explorer\metadata_S4_dual.json,C:\dev\PIDO\IIT_PIDO\result\bench\aion\20260901_091126\runs\run_six_hump_camel_20260901_152606_948469_9547\Explorer\artifacts\public\S4_dual\selected_bounds.json,C:\dev\PIDO\IIT_PIDO\result\bench\aion\20260901_091126\runs\run_six_hump_camel_20260901_152606_948469_9547,2,35,7.0,,2d1d6dfdeca46b7b6f1bd340e9c23db69763dcfa,consume_all,0.05,0.1,adaptive_p_le_6_low_np,7.0,5,False,False,True,25,0.3333333333333333,1.0,0.5344827586206896,0.9577647823261858,0.5,0.9473684210526315,0.7690804597701151,0.9796003898635478,0.6210344827586207,0.9647270955165692,ema,True,1.0,0.55,0.75,0.65,True,0.35,2,True,True,0.22,2,2,0.2,2,0.4,0.12,0.3,5.18,0.5,20.0,35,35,True,3,3,0,2.0,1,1,1,0,1,0,0,0,,,,,,,,,0.8571428571428571,budget_exhausted,5,35,7.0,True,bounds,3.0,1e-12,0.6830770831566664,0,C:\dev\PIDO\IIT_PIDO\result\bench\aion\20260901_091126\runs\run_six_hump_camel_20260901_152606_948469_9547\DOE\metadata.json,s4_obj,dual_refine_ei,2,35,17.5,0.24989999999999998,score,0.0,0.44292184687089103,3,10.840345626819293,,,,,0.35,1.3,True,True,1.5,1.5,,0,,,,,,,,,,,False,,,,False,0.2499,0.3412648197557623,True,False,[],False,[],False,"{'applied': False, 'reason': 'center_l1_gate', 'center_l1_before': 0.06019350192763967, 'center_l1_after': None, 'current_volume_ratio': 0.24989999999999998, 'volume_ratio_after': None, 'trigger': 'cap_applied'}",1,1,pass
92,7,six_hump_camel,6045,S4_dual,S4_dual,,False,False,0,2,2,low_dim_active,"[""x1"", ""x2""]",2,0,100.0,True,True,0.24990000000031268,24.99000000003127,0,False,C:\dev\PIDO\IIT_PIDO\result\bench\aion\20260901_091126\runs\run_six_hump_camel_20260901_152652_716936_b1f9\Explorer\metadata_S4_dual.json,C:\dev\PIDO\IIT_PIDO\result\bench\aion\20260901_091126\runs\run_six_hump_camel_20260901_152652_716936_b1f9\Explorer\artifacts\public\S4_dual\selected_bounds.json,C:\dev\PIDO\IIT_PIDO\result\bench\aion\20260901_091126\runs\run_six_hump_camel_20260901_152652_716936_b1f9,2,35,7.0,,2d1d6dfdeca46b7b6f1bd340e9c23db69763dcfa,consume_all,0.05,0.1,adaptive_p_le_6_low_np,7.0,5,False,False,True,25,0.3333333333333333,1.0,0.46172839506172836,1.0,0.2,1.0,0.7498148148148148,1.0,0.5346296296296296,1.0,ema,True,1.0,0.55,0.75,0.65,True,0.35,2,True,True,0.22,2,2,0.2,2,0.4,0.12,0.3,5.18,0.5,20.0,35,35,True,3,3,0,2.0,1,1,1,0,1,0,0,0,,,,,,,,,0.8571428571428571,budget_exhausted,5,35,7.0,True,bounds,3.0,1e-12,0.700638974873511,0,C:\dev\PIDO\IIT_PIDO\result\bench\aion\20260901_091126\runs\run_six_hump_camel_20260901_152652_716936_b1f9\DOE\metadata.json,s4_obj,dual_refine_ei,2,35,17.5,0.24990000000031268,score,0.0,0.34141018715159077,10,20.854570157937143,,,,,0.35,1.3,True,True,1.5,1.5,,0,,,,,,,,,,,False,,,,False,0.2499,0.24990000000031268,False,False,[],False,[],False,"{'applied': False, 'reason': 'anchor_veto', 'center_l1_before': 0.20186064149014432, 'center_l1_after': None, 'current_volume_ratio': 0.24990000000031268, 'volume_ratio_after': None, 'near_cap_relative_volume': 1.0000000000012512, 'near_cap_min_ratio': 0.98, 'near_cap_max_ratio': 1.01, 'trigger': 'near_cap', 'anchor_retained_ratio': 0.25, 'anchor_retained_count': 1, 'anchor_reference_count': 4, 'anchor_min_retained_ratio': 0.8, 'anchor_min_count': 4}",1,0,over_shrink_fail
93,8,six_hump_camel,7045,S4_dual,S4_dual,,False,True,1,2,2,low_dim_active,"[""x2"", ""x1""]",2,0,100.0,True,True,0.24989999999999998,24.99,1,True,C:\dev\PIDO\IIT_PIDO\result\bench\aion\20260901_091126\runs\run_six_hump_camel_20260901_152735_966135_1333\Explorer\metadata_S4_dual.json,C:\dev\PIDO\IIT_PIDO\result\bench\aion\20260901_091126\runs\run_six_hump_camel_20260901_152735_966135_1333\Explorer\artifacts\public\S4_dual\selected_bounds.json,C:\dev\PIDO\IIT_PIDO\result\bench\aion\20260901_091126\runs\run_six_hump_camel_20260901_152735_966135_1333,2,35,7.0,,2d1d6dfdeca46b7b6f1bd340e9c23db69763dcfa,consume_all,0.05,0.1,adaptive_p_le_6_low_np,7.0,5,False,False,True,25,0.0,0.0,0.17037037037037037,0.8703313840155945,0.3333333333333333,0.8421052631578947,0.12848148148148147,0.8772900584795322,0.17877777777777776,0.8687590643274854,ema,False,1.0,0.55,0.75,0.65,True,0.35,2,True,True,0.22,2,2,0.2,2,0.4,0.12,0.3,5.18,0.5,20.0,35,35,True,3,3,0,,0,0,0,0,0,0,0,0,,,,,,,,,,budget_exhausted,5,35,7.0,True,bounds,3.0,1e-12,0.7713681381805021,0,C:\dev\PIDO\IIT_PIDO\result\bench\aion\20260901_091126\runs\run_six_hump_camel_20260901_152735_966135_1333\DOE\metadata.json,s4_obj,dual_refine_ei,2,35,17.5,0.24989999999999998,score,0.0,0.6409973240065843,14,5.0243572055880374,,,,,0.35,1.3,True,True,1.5,1.5,,0,,,,,,,,,,,False,,,,False,0.2499,0.30700313181143796,True,False,[],False,[],False,"{'applied': False, 'reason': 'anchor_veto', 'center_l1_before': 0.20659977925716996, 'center_l1_after': None, 'current_volume_ratio': 0.24989999999999998, 'volume_ratio_after': None, 'trigger': 'cap_applied', 'anchor_retained_ratio': 0.47368421052631576, 'anchor_retained_count': 9, 'anchor_reference_count': 19, 'anchor_min_retained_ratio': 0.8, 'anchor_min_count': 4}",1,1,pass
94,9,six_hump_camel,8045,S4_dual,S4_dual,,False,True,1,2,2,low_dim_active,"[""x1"", ""x2""]",2,0,100.0,True,True,0.24990000000000007,24.990000000000006,1,True,C:\dev\PIDO\IIT_PIDO\result\bench\aion\20260901_091126\runs\run_six_hump_camel_20260901_152817_934995_6b71\Explorer\metadata_S4_dual.json,C:\dev\PIDO\IIT_PIDO\result\bench\aion\20260901_091126\runs\run_six_hump_camel_20260901_152817_934995_6b71\Explorer\artifacts\public\S4_dual\selected_bounds.json,C:\dev\PIDO\IIT_PIDO\result\bench\aion\20260901_091126\runs\run_six_hump_camel_20260901_152817_934995_6b71,2,35,7.0,,2d1d6dfdeca46b7b6f1bd340e9c23db69763dcfa,consume_all,0.05,0.1,adaptive_p_le_6_low_np,7.0,5,False,False,True,25,0.3333333333333333,0.6666666666666666,0.4476190476190476,0.9340480831708903,0.2,0.8947368421052632,0.7416666666666667,0.9698952241715398,0.525,0.9420930799220273,ema,True,1.0,0.55,0.75,0.65,True,0.35,2,True,True,0.22,2,2,0.2,2,0.4,0.12,0.3,5.18,0.5,20.0,35,35,True,3,3,0,2.0,1,1,1,0,1,0,0,0,,,,,,,,,0.8571428571428571,budget_exhausted,5,35,7.0,True,bounds,3.0,1e-12,0.7877175432442252,0,C:\dev\PIDO\IIT_PIDO\result\bench\aion\20260901_091126\runs\run_six_hump_camel_20260901_152817_934995_6b71\DOE\metadata.json,s4_obj,dual_refine_ei,2,35,17.5,0.24990000000000007,score,0.0,0.6035023370351666,6,6.003286449953989,,,,,0.35,1.3,True,True,1.5,1.5,,0,,,,,,,,,,,False,,,,False,0.2499,0.24990000000000007,False,False,[],False,[],False,"{'applied': False, 'reason': 'center_l1_gate', 'center_l1_before': 0.10345364095408675, 'center_l1_after': None, 'current_volume_ratio': 0.24990000000000007, 'volume_ratio_after': None, 'near_cap_relative_volume': 1.0000000000000002, 'near_cap_min_ratio': 0.98, 'near_cap_max_ratio': 1.01, 'trigger': 'near_cap'}",1,1,pass
95,10,six_hump_camel,9045,S4_dual,S4_dual,,False,True,1,2,2,low_dim_active,"[""x1"", ""x2""]",2,0,100.0,True,True,0.2499,24.990000000000002,1,True,C:\dev\PIDO\IIT_PIDO\result\bench\aion\20260901_091126\runs\run_six_hump_camel_20260901_152901_100718_e591\Explorer\metadata_S4_dual.json,C:\dev\PIDO\IIT_PIDO\result\bench\aion\20260901_091126\runs\run_six_hump_camel_20260901_152901_100718_e591\Explorer\artifacts\public\S4_dual\selected_bounds.json,C:\dev\PIDO\IIT_PIDO\result\bench\aion\20260901_091126\runs\run_six_hump_camel_20260901_152901_100718_e591,2,35,7.0,,2d1d6dfdeca46b7b6f1bd340e9c23db69763dcfa,consume_all,0.05,0.1,adaptive_p_le_6_low_np,7.0,5,False,False,True,25,0.0,0.3333333333333333,0.1583108715184187,0.915899935022742,0.2,0.8947368421052632,0.14207547169811321,0.9045980019493177,0.15830188679245283,0.9082569688109162,ema,False,1.0,0.55,0.75,0.65,True,0.35,2,True,True,0.22,2,2,0.2,2,0.4,0.12,0.3,5.18,0.5,20.0,35,35,True,3,3,0,,0,0,0,0,0,0,0,0,,,,,,,,,,budget_exhausted,5,35,7.0,True,bounds,3.0,1e-12,0.6832348875038736,0,C:\dev\PIDO\IIT_PIDO\result\bench\aion\20260901_091126\runs\run_six_hump_camel_20260901_152901_100718_e591\DOE\metadata.json,s4_obj,dual_refine_ei,2,35,17.5,0.2499,score,0.0,0.535917541078858,3,7.601726170631682,,,,,0.35,1.3,True,True,1.5,1.5,,0,,,,,,,,,,,False,,,,False,0.2499,0.2499,False,False,[],False,[],False,"{'applied': False, 'reason': 'center_l1_gate', 'center_l1_before': 0.1886701304250322, 'center_l1_after': None, 'current_volume_ratio': 0.2499, 'volume_ratio_after': None, 'near_cap_relative_volume': 1.0, 'near_cap_min_ratio': 0.98, 'near_cap_max_ratio': 1.01, 'trigger': 'near_cap'}",1,1,pass
96,11,six_hump_camel,10045,S4_dual,S4_dual,,False,True,2,2,2,low_dim_active,"[""x1"", ""x2""]",2,0,100.0,True,True,0.24990000000000007,24.990000000000006,1,True,C:\dev\PIDO\IIT_PIDO\result\bench\aion\20260901_091126\runs\run_six_hump_camel_20260901_152957_745398_e001\Explorer\metadata_S4_dual.json,C:\dev\PIDO\IIT_PIDO\result\bench\aion\20260901_091126\runs\run_six_hump_camel_20260901_152957_745398_e001\Explorer\artifacts\public\S4_dual\selected_bounds.json,C:\dev\PIDO\IIT_PIDO\result\bench\aion\20260901_091126\runs\run_six_hump_camel_20260901_152957_745398_e001,2,35,7.0,,2d1d6dfdeca46b7b6f1bd340e9c23db69763dcfa,consume_all,0.05,0.1,adaptive_p_le_6_low_np,7.0,5,False,False,True,25,0.6666666666666666,1.0,0.7333333333333334,1.0,0.2,1.0,0.9066666666666666,1.0,0.72,1.0,ema,True,1.0,0.55,0.75,0.65,True,0.35,2,True,True,0.22,2,2,0.2,2,0.4,0.12,0.3,5.18,0.5,20.0,35,35,True,3,3,0,2.0,1,1,2,0,2,0,0,0,,,,,,,,,0.8571428571428571,budget_exhausted,5,35,7.0,True,bounds,3.0,1e-12,0.7918382157239339,0,C:\dev\PIDO\IIT_PIDO\result\bench\aion\20260901_091126\runs\run_six_hump_camel_20260901_152957_745398_e001\DOE\metadata.json,s4_obj,dual_refine_ei,2,35,17.5,0.24990000000000007,score,0.0,0.5341343629436388,15,7.302447582149031,,,,,0.35,1.3,True,True,1.5,1.5,,0,,,,,,,,,,,False,,,,False,0.2499,0.24990000000000007,False,False,[],False,[],False,"{'applied': False, 'reason': 'center_l1_gate', 'center_l1_before': 0.06062257198577715, 'center_l1_after': None, 'current_volume_ratio': 0.24990000000000007, 'volume_ratio_after': None, 'near_cap_relative_volume': 1.0000000000000002, 'near_cap_min_ratio': 0.98, 'near_cap_max_ratio': 1.01, 'trigger': 'near_cap'}",1,1,pass
97,12,six_hump_camel,11045,S4_dual,S4_dual,,False,True,2,2,2,low_dim_active,"[""x1"", ""x2""]",2,0,100.0,True,True,0.24989999999999996,24.989999999999995,1,True,C:\dev\PIDO\IIT_PIDO\result\bench\aion\20260901_091126\runs\run_six_hump_camel_20260901_153039_649853_b52f\Explorer\metadata_S4_dual.json,C:\dev\PIDO\IIT_PIDO\result\bench\aion\20260901_091126\runs\run_six_hump_camel_20260901_153039_649853_b52f\Explorer\artifacts\public\S4_dual\selected_bounds.json,C:\dev\PIDO\IIT_PIDO\result\bench\aion\20260901_091126\runs\run_six_hump_camel_20260901_153039_649853_b52f,2,35,7.0,,2d1d6dfdeca46b7b6f1bd340e9c23db69763dcfa,consume_all,0.05,0.1,adaptive_p_le_6_low_np,7.0,5,False,False,True,25,0.0,0.6666666666666666,0.14814814814814814,0.9125795971410007,0.3333333333333333,0.9473684210526315,0.11564814814814812,0.9136392787524367,0.1636111111111111,0.9182882066276803,ema,False,1.0,0.55,0.75,0.65,True,0.35,2,True,True,0.22,2,2,0.2,2,0.4,0.12,0.3,5.18,0.5,20.0,35,35,True,3,3,0,,0,0,0,0,0,0,0,0,,,,,,,,,,budget_exhausted,5,35,7.0,True,bounds,3.0,1e-12,0.6646752619712746,0,C:\dev\PIDO\IIT_PIDO\result\bench\aion\20260901_091126\runs\run_six_hump_camel_20260901_153039_649853_b52f\DOE\metadata.json,s4_obj,dual_refine_ei,2,35,17.5,0.24989999999999996,score,0.0,0.6251951588102035,6,6.699181050176418,,,,,0.35,1.3,True,True,1.5,1.5,,0,,,,,,,,,,,False,,,,False,0.2499,0.34690789482379697,True,False,[],False,[],False,"{'applied': False, 'reason': 'center_l1_gate', 'center_l1_before': 0.09505483232290662, 'center_l1_after': None, 'current_volume_ratio': 0.24989999999999996, 'volume_ratio_after': None, 'trigger': 'cap_applied'}",1,1,pass
98,13,six_hump_camel,12045,S4_dual,S4_dual,,False,True,2,2,2,low_dim_active,"[""x1"", ""x2""]",2,0,100.0,True,True,0.24990000000025733,24.990000000025734,1,True,C:\dev\PIDO\IIT_PIDO\result\bench\aion\20260901_091126\runs\run_six_hump_camel_20260901_153125_781778_10b8\Explorer\metadata_S4_dual.json,C:\dev\PIDO\IIT_PIDO\result\bench\aion\20260901_091126\runs\run_six_hump_camel_20260901_153125_781778_10b8\Explorer\artifacts\public\S4_dual\selected_bounds.json,C:\dev\PIDO\IIT_PIDO\result\bench\aion\20260901_091126\runs\run_six_hump_camel_20260901_153125_781778_10b8,2,35,7.0,,2d1d6dfdeca46b7b6f1bd340e9c23db69763dcfa,consume_all,0.05,0.1,adaptive_p_le_6_low_np,7.0,5,False,False,True,25,0.3333333333333333,0.3333333333333333,0.5222222222222223,0.9278752436647174,0.5,0.8947368421052632,0.762,0.9663304093567251,0.6126666666666667,0.9378801169590643,ema,True,1.0,0.55,0.75,0.65,True,0.35,2,True,True,0.22,2,2,0.2,2,0.4,0.12,0.3,5.18,0.5,20.0,35,35,True,3,3,0,2.0,1,1,1,0,1,0,0,0,,,,,,,,,0.8571428571428571,budget_exhausted,5,35,7.0,True,bounds,3.0,1e-12,0.6796826148385692,0,C:\dev\PIDO\IIT_PIDO\result\bench\aion\20260901_091126\runs\run_six_hump_camel_20260901_153125_781778_10b8\DOE\metadata.json,s4_obj,dual_refine_ei,2,35,17.5,0.24990000000025733,score,0.0,0.4785796060089706,2,7.6625369907656795,,,,,0.35,1.3,True,True,1.5,1.5,,0,,,,,,,,,,,False,,,,False,0.2499,0.24990000000025733,False,False,[],False,[],False,"{'applied': False, 'reason': 'center_l1_gate', 'center_l1_before': 0.04264143437934362, 'center_l1_after': None, 'current_volume_ratio': 0.24990000000025733, 'volume_ratio_after': None, 'near_cap_relative_volume': 1.0000000000010296, 'near_cap_min_ratio': 0.98, 'near_cap_max_ratio': 1.01, 'trigger': 'near_cap'}",1,1,pass
99,14,six_hump_camel,13045,S4_dual,S4_dual,,False,True,2,2,2,low_dim_active,"[""x1"", ""x2""]",2,0,100.0,True,True,0.2499,24.990000000000002,1,True,C:\dev\PIDO\IIT_PIDO\result\bench\aion\20260901_091126\runs\run_six_hump_camel_20260901_153210_860799_ffa9\Explorer\metadata_S4_dual.json,C:\dev\PIDO\IIT_PIDO\result\bench\aion\20260901_091126\runs\run_six_hump_camel_20260901_153210_860799_ffa9\Explorer\artifacts\public\S4_dual\selected_bounds.json,C:\dev\PIDO\IIT_PIDO\result\bench\aion\20260901_091126\runs\run_six_hump_camel_20260901_153210_860799_ffa9,2,35,7.0,,2d1d6dfdeca46b7b6f1bd340e9c23db69763dcfa,consume_all,0.05,0.1,adaptive_p_le_6_low_np,7.0,5,False,False,True,25,0.3333333333333333,1.0,0.4476190476190476,0.9762833008447043,0.2,0.9473684210526315,0.7416666666666667,0.9902948343079921,0.525,0.9773659844054581,ema,True,1.0,0.55,0.75,0.65,True,0.35,2,True,True,0.22,2,2,0.2,2,0.4,0.12,0.3,5.18,0.5,20.0,35,35,True,3,3,0,2.0,1,1,1,0,1,0,0,0,,,,,,,,,0.8571428571428571,budget_exhausted,5,35,7.0,True,bounds,3.0,1e-12,0.630828496878148,0,C:\dev\PIDO\IIT_PIDO\result\bench\aion\20260901_091126\runs\run_six_hump_camel_20260901_153210_860799_ffa9\DOE\metadata.json,s4_obj,dual_refine_ei,2,35,17.5,0.2499,score,0.0,0.5023983679074626,7,8.555358565808394,,,,,0.35,1.3,True,True,1.5,1.5,,0,,,,,,,,,,,False,,,,False,0.2499,0.2499,False,False,[],False,[],False,"{'applied': False, 'reason': 'center_l1_gate', 'center_l1_before': 0.03633685874189256, 'center_l1_after': None, 'current_volume_ratio': 0.2499, 'volume_ratio_after': None, 'near_cap_relative_volume': 1.0, 'near_cap_min_ratio': 0.98, 'near_cap_max_ratio': 1.01, 'trigger': 'near_cap'}",1,1,pass
100,15,six_hump_camel,14045,S4_dual,S4_dual,,False,True,1,2,2,low_dim_active,"[""x2"", ""x1""]",2,0,100.0,True,True,0.24989999999999996,24.989999999999995,1,True,C:\dev\PIDO\IIT_PIDO\result\bench\aion\20260901_091126\runs\run_six_hump_camel_20260901_153253_913566_1d79\Explorer\metadata_S4_dual.json,C:\dev\PIDO\IIT_PIDO\result\bench\aion\20260901_091126\runs\run_six_hump_camel_20260901_153253_913566_1d79\Explorer\artifacts\public\S4_dual\selected_bounds.json,C:\dev\PIDO\IIT_PIDO\result\bench\aion\20260901_091126\runs\run_six_hump_camel_20260901_153253_913566_1d79,2,35,7.0,,2d1d6dfdeca46b7b6f1bd340e9c23db69763dcfa,consume_all,0.05,0.1,adaptive_p_le_6_low_np,7.0,5,False,False,True,25,0.0,0.6666666666666666,0.23182957393483708,0.9301104613385315,0.5,0.9473684210526315,0.12219298245614034,0.9038300194931773,0.22973684210526316,0.9224530214424951,ema,False,1.0,0.55,0.75,0.65,True,0.35,2,True,True,0.22,2,2,0.2,2,0.4,0.12,0.3,5.18,0.5,20.0,35,35,True,3,3,0,,0,0,0,0,0,0,0,0,,,,,,,,,,budget_exhausted,5,35,7.0,True,bounds,3.0,1e-12,0.6372698426889509,0,C:\dev\PIDO\IIT_PIDO\result\bench\aion\20260901_091126\runs\run_six_hump_camel_20260901_153253_913566_1d79\DOE\metadata.json,s4_obj,dual_refine_ei,2,35,17.5,0.24989999999999996,score,0.0,0.5664214773257965,3,7.266215134848046,,,,,0.35,1.3,True,True,1.5,1.5,,0,,,,,,,,,,,False,,,,False,0.2499,0.2997007263151094,True,False,[],False,[],False,"{'applied': False, 'reason': 'center_l1_gate', 'center_l1_before': 0.1902842380299658, 'center_l1_after': None, 'current_volume_ratio': 0.24989999999999996, 'volume_ratio_after': None, 'trigger': 'cap_applied'}",1,1,pass
101,16,six_hump_camel,15045,S4_dual,S4_dual,,False,True,1,2,2,low_dim_active,"[""x1"", ""x2""]",2,0,100.0,True,True,0.24990000000000007,24.990000000000006,1,True,C:\dev\PIDO\IIT_PIDO\result\bench\aion\20260901_091126\runs\run_six_hump_camel_20260901_153341_079514_7985\Explorer\metadata_S4_dual.json,C:\dev\PIDO\IIT_PIDO\result\bench\aion\20260901_091126\runs\run_six_hump_camel_20260901_153341_079514_7985\Explorer\artifacts\public\S4_dual\selected_bounds.json,C:\dev\PIDO\IIT_PIDO\result\bench\aion\20260901_091126\runs\run_six_hump_camel_20260901_153341_079514_7985,2,35,7.0,,2d1d6dfdeca46b7b6f1bd340e9c23db69763dcfa,consume_all,0.05,0.1,adaptive_p_le_6_low_np,7.0,5,False,False,True,25,0.0,0.3333333333333333,0.18253968253968253,0.9278752436647174,0.3333333333333333,0.8947368421052632,0.11573412698412698,0.9663304093567251,0.17934523809523809,0.9378801169590643,ema,False,1.0,0.55,0.75,0.65,True,0.35,2,True,True,0.22,2,2,0.2,2,0.4,0.12,0.3,5.18,0.5,20.0,35,35,True,3,3,0,,0,0,0,0,0,0,0,0,,,,,,,,,,budget_exhausted,5,35,7.0,True,bounds,3.0,1e-12,0.7293201615435457,0,C:\dev\PIDO\IIT_PIDO\result\bench\aion\20260901_091126\runs\run_six_hump_camel_20260901_153341_079514_7985\DOE\metadata.json,s4_obj,dual_refine_ei,2,35,17.5,0.24990000000000007,score,0.0,0.6609265714316773,12,4.120757071644269,,,,,0.35,1.3,True,True,1.5,1.5,,0,,,,,,,,,,,False,,,,False,0.2499,0.535571077298745,True,False,[],False,[],False,"{'applied': False, 'reason': 'anchor_veto', 'center_l1_before': 0.22557639240625427, 'center_l1_after': None, 'current_volume_ratio': 0.24990000000000007, 'volume_ratio_after': None, 'trigger': 'cap_applied', 'anchor_retained_ratio': 0.36363636363636365, 'anchor_retained_count': 8, 'anchor_reference_count': 22, 'anchor_min_retained_ratio': 0.8, 'anchor_min_count': 4}",1,1,pass
102,17,six_hump_camel,16045,S4_dual,S4_dual,,False,True,1,2,2,low_dim_active,"[""x1"", ""x2""]",2,0,100.0,True,True,0.24990000000043208,24.990000000043207,1,True,C:\dev\PIDO\IIT_PIDO\result\bench\aion\20260901_091126\runs\run_six_hump_camel_20260901_153425_977696_8bb9\Explorer\metadata_S4_dual.json,C:\dev\PIDO\IIT_PIDO\result\bench\aion\20260901_091126\runs\run_six_hump_camel_20260901_153425_977696_8bb9\Explorer\artifacts\public\S4_dual\selected_bounds.json,C:\dev\PIDO\IIT_PIDO\result\bench\aion\20260901_091126\runs\run_six_hump_camel_20260901_153425_977696_8bb9,2,35,7.0,,2d1d6dfdeca46b7b6f1bd340e9c23db69763dcfa,consume_all,0.05,0.1,adaptive_p_le_6_low_np,7.0,5,False,False,True,25,0.0,0.3333333333333333,0.23818646232439336,0.8740480831708902,0.5,0.8947368421052632,0.15500638569604086,0.8455452241715399,0.24547892720306513,0.8660430799220272,ema,False,1.0,0.55,0.75,0.65,True,0.35,2,True,True,0.22,2,2,0.2,2,0.4,0.12,0.3,5.18,0.5,20.0,35,35,True,3,3,0,,0,0,0,0,0,0,0,0,,,,,,,,,,budget_exhausted,5,35,7.0,True,bounds,3.0,1e-12,0.6164068327712492,0,C:\dev\PIDO\IIT_PIDO\result\bench\aion\20260901_091126\runs\run_six_hump_camel_20260901_153425_977696_8bb9\DOE\metadata.json,s4_obj,dual_refine_ei,2,35,17.5,0.24990000000043208,score,0.0,0.7717541264178048,16,2.890137406710675,,,,,0.35,1.3,True,True,1.5,1.5,,0,,,,,,,,,,,False,,,,False,0.2499,0.24990000000043208,False,False,[],False,[],False,"{'applied': False, 'reason': 'center_l1_gate', 'center_l1_before': 0.11206722139786024, 'center_l1_after': None, 'current_volume_ratio': 0.24990000000043208, 'volume_ratio_after': None, 'near_cap_relative_volume': 1.000000000001729, 'near_cap_min_ratio': 0.98, 'near_cap_max_ratio': 1.01, 'trigger': 'near_cap'}",1,1,pass
103,18,six_hump_camel,17045,S4_dual,S4_dual,,False,True,1,2,2,low_dim_active,"[""x1"", ""x2""]",2,0,100.0,True,True,0.24990000000041257,24.990000000041256,1,True,C:\dev\PIDO\IIT_PIDO\result\bench\aion\20260901_091126\runs\run_six_hump_camel_20260901_153512_476824_bac2\Explorer\metadata_S4_dual.json,C:\dev\PIDO\IIT_PIDO\result\bench\aion\20260901_091126\runs\run_six_hump_camel_20260901_153512_476824_bac2\Explorer\artifacts\public\S4_dual\selected_bounds.json,C:\dev\PIDO\IIT_PIDO\result\bench\aion\20260901_091126\runs\run_six_hump_camel_20260901_153512_476824_bac2,2,35,7.0,,2d1d6dfdeca46b7b6f1bd340e9c23db69763dcfa,consume_all,0.05,0.1,adaptive_p_le_6_low_np,7.0,5,False,False,True,25,0.3333333333333333,0.6666666666666666,0.2841269841269842,0.9177777777777778,0.7142857142857143,1.0,0.14551190476190476,0.9126500000000001,0.2953452380952381,0.9282833333333335,ema,False,1.0,0.55,0.75,0.65,True,0.35,2,True,True,0.22,2,2,0.2,2,0.4,0.12,0.3,5.18,0.5,20.0,35,35,True,3,3,0,,0,0,1,0,1,0,0,0,,,,,,,,,,budget_exhausted,5,35,7.0,True,bounds,3.0,1e-12,0.7447300874103857,0,C:\dev\PIDO\IIT_PIDO\result\bench\aion\20260901_091126\runs\run_six_hump_camel_20260901_153512_476824_bac2\DOE\metadata.json,s4_obj,dual_refine_ei,2,35,17.5,0.24990000000041257,score,0.0,0.7479309732423913,12,3.1742568873108894,,,,,0.35,1.3,True,True,1.5,1.5,,0,,,,,,,,,,,False,,,,False,0.2499,0.24990000000041257,False,False,[],False,[],False,"{'applied': False, 'reason': 'center_l1_gate', 'center_l1_before': 0.18083746363452508, 'center_l1_after': None, 'current_volume_ratio': 0.24990000000041257, 'volume_ratio_after': None, 'near_cap_relative_volume': 1.000000000001651, 'near_cap_min_ratio': 0.98, 'near_cap_max_ratio': 1.01, 'trigger': 'near_cap'}",1,1,pass
104,19,six_hump_camel,18045,S4_dual,S4_dual,,False,True,1,2,2,low_dim_active,"[""x1"", ""x2""]",2,0,100.0,True,True,0.24989999999999996,24.989999999999995,1,True,C:\dev\PIDO\IIT_PIDO\result\bench\aion\20260901_091126\runs\run_six_hump_camel_20260901_153555_577807_fbdf\Explorer\metadata_S4_dual.json,C:\dev\PIDO\IIT_PIDO\result\bench\aion\20260901_091126\runs\run_six_hump_camel_20260901_153555_577807_fbdf\Explorer\artifacts\public\S4_dual\selected_bounds.json,C:\dev\PIDO\IIT_PIDO\result\bench\aion\20260901_091126\runs\run_six_hump_camel_20260901_153555_577807_fbdf,2,35,7.0,,2d1d6dfdeca46b7b6f1bd340e9c23db69763dcfa,consume_all,0.05,0.1,adaptive_p_le_6_low_np,7.0,5,False,False,True,25,0.0,0.6666666666666666,0.1064327485380117,0.9402209226770631,0.2,0.8947368421052632,0.07252631578947367,0.9734600389863548,0.10740350877192982,0.9463060428849902,ema,False,1.0,0.55,0.75,0.65,True,0.35,2,True,True,0.22,2,2,0.2,2,0.4,0.12,0.3,5.18,0.5,20.0,35,35,True,3,3,0,,0,0,0,0,0,0,0,0,,,,,,,,,,budget_exhausted,5,35,7.0,True,bounds,3.0,1e-12,0.6314544985096794,0,C:\dev\PIDO\IIT_PIDO\result\bench\aion\20260901_091126\runs\run_six_hump_camel_20260901_153555_577807_fbdf\DOE\metadata.json,s4_obj,dual_refine_ei,2,35,17.5,0.24989999999999996,score,0.0,0.6785432747896929,2,3.9897398338115257,,,,,0.35,1.3,True,True,1.5,1.5,,0,,,,,,,,,,,False,,,,False,0.2499,0.3865206679031503,True,False,[],False,[],False,"{'applied': False, 'reason': 'anchor_veto', 'center_l1_before': 0.24993334636503173, 'center_l1_after': None, 'current_volume_ratio': 0.24989999999999996, 'volume_ratio_after': None, 'trigger': 'cap_applied', 'anchor_retained_ratio': 0.45454545454545453, 'anchor_retained_count': 5, 'anchor_reference_count': 11, 'anchor_min_retained_ratio': 0.8, 'anchor_min_count': 4}",1,1,pass
105,20,six_hump_camel,19045,S4_dual,S4_dual,,False,True,1,2,2,low_dim_active,"[""x1"", ""x2""]",2,0,100.0,True,True,0.2499000000004762,24.990000000047623,1,True,C:\dev\PIDO\IIT_PIDO\result\bench\aion\20260901_091126\runs\run_six_hump_camel_20260901_153644_810388_800a\Explorer\metadata_S4_dual.json,C:\dev\PIDO\IIT_PIDO\result\bench\aion\20260901_091126\runs\run_six_hump_camel_20260901_153644_810388_800a\Explorer\artifacts\public\S4_dual\selected_bounds.json,C:\dev\PIDO\IIT_PIDO\result\bench\aion\20260901_091126\runs\run_six_hump_camel_20260901_153644_810388_800a,2,35,7.0,,2d1d6dfdeca46b7b6f1bd340e9c23db69763dcfa,consume_all,0.05,0.1,adaptive_p_le_6_low_np,7.0,5,False,False,True,25,0.3333333333333333,0.6666666666666666,0.4789272030651341,0.9463937621832358,0.3333333333333333,0.8947368421052632,0.7496360153256706,0.9770248538011695,0.5627011494252874,0.9505190058479532,ema,True,1.0,0.55,0.75,0.65,True,0.35,2,True,True,0.22,2,2,0.2,2,0.4,0.12,0.3,5.18,0.5,20.0,35,35,True,3,3,0,2.0,1,1,1,0,1,0,0,0,,,,,,,,,0.8571428571428571,budget_exhausted,5,35,7.0,True,bounds,3.0,1e-12,0.639698766775419,0,C:\dev\PIDO\IIT_PIDO\result\bench\aion\20260901_091126\runs\run_six_hump_camel_20260901_153644_810388_800a\DOE\metadata.json,s4_obj,dual_refine_ei,2,35,17.5,0.2499000000004762,score,0.0,0.6638556658272796,14,4.965422608593682,,,,,0.35,1.3,True,True,1.5,1.5,,0,,,,,,,,,,,False,,,,False,0.2499,0.2499000000004762,False,False,[],False,[],False,"{'applied': False, 'reason': 'center_l1_gate', 'center_l1_before': 0.09456924969016232, 'center_l1_after': None, 'current_volume_ratio': 0.2499000000004762, 'volume_ratio_after': None, 'near_cap_relative_volume': 1.0000000000019056, 'near_cap_min_ratio': 0.98, 'near_cap_max_ratio': 1.01, 'trigger': 'near_cap'}",1,1,pass
106,21,six_hump_camel,20045,S4_dual,S4_dual,,False,True,2,2,2,low_dim_active,"[""x1"", ""x2""]",2,0,100.0,True,True,0.2499,24.990000000000002,1,True,C:\dev\PIDO\IIT_PIDO\result\bench\aion\20260901_091126\runs\run_six_hump_camel_20260901_153730_078866_8fec\Explorer\metadata_S4_dual.json,C:\dev\PIDO\IIT_PIDO\result\bench\aion\20260901_091126\runs\run_six_hump_camel_20260901_153730_078866_8fec\Explorer\artifacts\public\S4_dual\selected_bounds.json,C:\dev\PIDO\IIT_PIDO\result\bench\aion\20260901_091126\runs\run_six_hump_camel_20260901_153730_078866_8fec,2,35,7.0,,2d1d6dfdeca46b7b6f1bd340e9c23db69763dcfa,consume_all,0.05,0.1,adaptive_p_le_6_low_np,7.0,5,False,False,True,25,0.3333333333333333,0.6666666666666666,0.2726574500768049,0.9140480831708903,0.7142857142857143,0.8947368421052632,0.13888824884792628,0.92844522417154,0.2875172811059908,0.9167430799220273,ema,False,1.0,0.55,0.75,0.65,True,0.35,2,True,True,0.22,2,2,0.2,2,0.4,0.12,0.3,5.18,0.5,20.0,35,35,True,3,3,0,,0,0,0,0,0,0,0,0,,,,,,,,,,budget_exhausted,5,35,7.0,True,bounds,3.0,1e-12,0.7184383152916854,0,C:\dev\PIDO\IIT_PIDO\result\bench\aion\20260901_091126\runs\run_six_hump_camel_20260901_153730_078866_8fec\DOE\metadata.json,s4_obj,dual_refine_ei,2,35,17.5,0.2499,score,0.0,0.46813681207858554,2,13.852133740579443,,,,,0.35,1.3,True,True,1.5,1.5,,0,,,,,,,,,,,False,,,,False,0.2499,0.2499,False,False,[],False,[],False,"{'applied': False, 'reason': 'center_l1_gate', 'center_l1_before': 0.09312114421743345, 'center_l1_after': None, 'current_volume_ratio': 0.2499, 'volume_ratio_after': None, 'near_cap_relative_volume': 1.0, 'near_cap_min_ratio': 0.98, 'near_cap_max_ratio': 1.01, 'trigger': 'near_cap'}",1,1,pass
107,22,six_hump_camel,21045,S4_dual,S4_dual,,False,True,1,2,2,low_dim_active,"[""x1"", ""x2""]",2,0,100.0,True,True,0.24990000000000004,24.990000000000006,1,True,C:\dev\PIDO\IIT_PIDO\result\bench\aion\20260901_091126\runs\run_six_hump_camel_20260901_153809_805799_ea80\Explorer\metadata_S4_dual.json,C:\dev\PIDO\IIT_PIDO\result\bench\aion\20260901_091126\runs\run_six_hump_camel_20260901_153809_805799_ea80\Explorer\artifacts\public\S4_dual\selected_bounds.json,C:\dev\PIDO\IIT_PIDO\result\bench\aion\20260901_091126\runs\run_six_hump_camel_20260901_153809_805799_ea80,2,35,7.0,,2d1d6dfdeca46b7b6f1bd340e9c23db69763dcfa,consume_all,0.05,0.1,adaptive_p_le_6_low_np,7.0,5,False,False,True,25,0.3333333333333333,0.3333333333333333,0.3166031539486322,0.8731708901884341,0.7142857142857143,0.8421052631578947,0.19448926480156148,0.8739465399610135,0.32933636955107354,0.8687470272904483,ema,False,1.0,0.55,0.75,0.65,True,0.35,2,True,True,0.22,2,2,0.2,2,0.4,0.12,0.3,5.18,0.5,20.0,35,35,True,3,3,0,,0,0,0,0,0,0,0,0,,,,,,,,,,budget_exhausted,5,35,7.0,True,bounds,3.0,1e-12,0.7654648011467831,0,C:\dev\PIDO\IIT_PIDO\result\bench\aion\20260901_091126\runs\run_six_hump_camel_20260901_153809_805799_ea80\DOE\metadata.json,s4_obj,dual_refine_ei,2,35,17.5,0.24990000000000004,score,0.0,0.7542637760551982,14,3.114825111203452,,,,,0.35,1.3,True,True,1.5,1.5,,0,,,,,,,,,,,False,,,,False,0.2499,0.24990000000000004,False,False,[],False,[],False,"{'applied': False, 'reason': 'center_l1_gate', 'center_l1_before': 0.16757690894941565, 'center_l1_after': None, 'current_volume_ratio': 0.24990000000000004, 'volume_ratio_after': None, 'near_cap_relative_volume': 1.0000000000000002, 'near_cap_min_ratio': 0.98, 'near_cap_max_ratio': 1.01, 'trigger': 'near_cap'}",1,1,pass
108,23,six_hump_camel,22045,S4_dual,S4_dual,,False,True,1,2,2,low_dim_active,"[""x1"", ""x2""]",2,0,100.0,True,True,0.24990000000000007,24.990000000000006,1,True,C:\dev\PIDO\IIT_PIDO\result\bench\aion\20260901_091126\runs\run_six_hump_camel_20260901_153856_672519_0e04\Explorer\metadata_S4_dual.json,C:\dev\PIDO\IIT_PIDO\result\bench\aion\20260901_091126\runs\run_six_hump_camel_20260901_153856_672519_0e04\Explorer\artifacts\public\S4_dual\selected_bounds.json,C:\dev\PIDO\IIT_PIDO\result\bench\aion\20260901_091126\runs\run_six_hump_camel_20260901_153856_672519_0e04,2,35,7.0,,2d1d6dfdeca46b7b6f1bd340e9c23db69763dcfa,consume_all,0.05,0.1,adaptive_p_le_6_low_np,7.0,5,False,False,True,25,0.0,0.6666666666666666,0.2191919191919192,0.9353086419753086,0.5,1.0,0.13396969696969696,0.9028407407407407,0.22857575757575757,0.9324481481481481,ema,False,1.0,0.55,0.75,0.65,True,0.35,2,True,True,0.22,2,2,0.2,2,0.4,0.12,0.3,5.18,0.5,20.0,35,35,True,3,3,0,,0,0,0,0,0,0,0,0,,,,,,,,,,budget_exhausted,5,35,7.0,True,bounds,3.0,1e-12,0.7003884787239403,0,C:\dev\PIDO\IIT_PIDO\result\bench\aion\20260901_091126\runs\run_six_hump_camel_20260901_153856_672519_0e04\DOE\metadata.json,s4_obj,dual_refine_ei,2,35,17.5,0.24990000000000007,score,0.0,0.573564278181426,5,3.4060642672640618,,,,,0.35,1.3,True,True,1.5,1.5,,0,,,,,,,,,,,False,,,,False,0.2499,0.24990000000000007,False,False,[],False,[],False,"{'applied': False, 'reason': 'center_l1_gate', 'center_l1_before': 0.16769015671041285, 'center_l1_after': None, 'current_volume_ratio': 0.24990000000000007, 'volume_ratio_after': None, 'near_cap_relative_volume': 1.0000000000000002, 'near_cap_min_ratio': 0.98, 'near_cap_max_ratio': 1.01, 'trigger': 'near_cap'}",1,1,pass
109,24,six_hump_camel,23045,S4_dual,S4_dual,,False,True,1,2,2,low_dim_active,"[""x1"", ""x2""]",2,0,100.0,True,True,0.24990000000000004,24.990000000000006,1,True,C:\dev\PIDO\IIT_PIDO\result\bench\aion\20260901_091126\runs\run_six_hump_camel_20260901_153942_913577_e328\Explorer\metadata_S4_dual.json,C:\dev\PIDO\IIT_PIDO\result\bench\aion\20260901_091126\runs\run_six_hump_camel_20260901_153942_913577_e328\Explorer\artifacts\public\S4_dual\selected_bounds.json,C:\dev\PIDO\IIT_PIDO\result\bench\aion\20260901_091126\runs\run_six_hump_camel_20260901_153942_913577_e328,2,35,7.0,,2d1d6dfdeca46b7b6f1bd340e9c23db69763dcfa,consume_all,0.05,0.1,adaptive_p_le_6_low_np,7.0,5,False,False,True,25,0.3333333333333333,1.0,0.3440860215053763,0.9762833008447043,0.0,0.9473684210526315,0.697043010752688,0.9902948343079921,0.42983870967741933,0.9773659844054581,ema,False,1.0,0.55,0.75,0.65,True,0.35,2,True,True,0.22,2,2,0.2,2,0.4,0.12,0.3,5.18,0.5,20.0,35,35,True,3,3,0,,0,0,1,0,1,0,0,0,,,,,,,,,,budget_exhausted,5,35,7.0,True,bounds,3.0,1e-12,0.7302403237464545,0,C:\dev\PIDO\IIT_PIDO\result\bench\aion\20260901_091126\runs\run_six_hump_camel_20260901_153942_913577_e328\DOE\metadata.json,s4_obj,dual_refine_ei,2,35,17.5,0.24990000000000004,score,0.0,0.5853127582780137,5,8.469382067341503,,,,,0.35,1.3,True,True,1.5,1.5,,0,,,,,,,,,,,False,,,,False,0.2499,0.24990000000000004,False,False,[],False,[],False,"{'applied': False, 'reason': 'center_l1_gate', 'center_l1_before': 0.1195998622901938, 'center_l1_after': None, 'current_volume_ratio': 0.24990000000000004, 'volume_ratio_after': None, 'near_cap_relative_volume': 1.0000000000000002, 'near_cap_min_ratio': 0.98, 'near_cap_max_ratio': 1.01, 'trigger': 'near_cap'}",1,1,pass
110,25,six_hump_camel,24045,S4_dual,S4_dual,,False,True,2,2,2,low_dim_active,"[""x1"", ""x2""]",2,0,100.0,True,True,0.24990000000000004,24.990000000000006,1,True,C:\dev\PIDO\IIT_PIDO\result\bench\aion\20260901_091126\runs\run_six_hump_camel_20260901_154026_818568_3846\Explorer\metadata_S4_dual.json,C:\dev\PIDO\IIT_PIDO\result\bench\aion\20260901_091126\runs\run_six_hump_camel_20260901_154026_818568_3846\Explorer\artifacts\public\S4_dual\selected_bounds.json,C:\dev\PIDO\IIT_PIDO\result\bench\aion\20260901_091126\runs\run_six_hump_camel_20260901_154026_818568_3846,2,35,7.0,,2d1d6dfdeca46b7b6f1bd340e9c23db69763dcfa,consume_all,0.05,0.1,adaptive_p_le_6_low_np,7.0,5,False,False,True,25,0.3333333333333333,1.0,0.5617283950617283,0.9824561403508771,0.5,0.9473684210526315,0.7848148148148147,0.993859649122807,0.6396296296296295,0.9815789473684211,ema,True,1.0,0.55,0.75,0.65,True,0.35,2,True,True,0.22,2,2,0.2,2,0.4,0.12,0.3,5.18,0.5,20.0,35,35,True,3,3,0,2.0,1,1,1,0,1,0,0,0,,,,,,,,,0.8571428571428571,budget_exhausted,5,35,7.0,True,bounds,3.0,1e-12,0.8151011639774263,0,C:\dev\PIDO\IIT_PIDO\result\bench\aion\20260901_091126\runs\run_six_hump_camel_20260901_154026_818568_3846\DOE\metadata.json,s4_obj,dual_refine_ei,2,35,17.5,0.24990000000000004,score,0.0,0.6128980903706969,4,5.0878444750140694,,,,,0.35,1.3,True,True,1.5,1.5,,0,,,,,,,,,,,False,,,,False,0.2499,0.24990000000000004,False,False,[],False,[],False,"{'applied': False, 'reason': 'center_l1_gate', 'center_l1_before': 0.03583601797789955, 'center_l1_after': None, 'current_volume_ratio': 0.24990000000000004, 'volume_ratio_after': None, 'near_cap_relative_volume': 1.0000000000000002, 'near_cap_min_ratio': 0.98, 'near_cap_max_ratio': 1.01, 'trigger': 'near_cap'}",1,1,pass
