run,repeat,problem,seed,strategy,executed_strategy,objective_sense,optimizer_goal,optimizer_goal_effective,optimizer_goal_mode,optimizer_score_goal,optimizer_score_goal_source,optimizer_best_objective,optimizer_best_objective_raw,optimizer_internal_goal_hit,optimizer_goal_hit,optimizer_score_goal_hit,focus3_best_objective,focus3_internal_goal_hit,focus3_goal_hit,focus3_score_goal_hit,archive_only_goal_hit,score_archive_only_goal_hit,focus3_eval_count,focus3_improved_count,source_prob_topk,source_prob_best_local,source_prob_correlated_local,source_prob_boundary,source_prob_random,focus3_selected_topk,focus3_selected_best_local,focus3_selected_correlated_local,focus3_selected_local_probe,focus3_selected_boundary,focus3_selected_random,focus3_best_score_correlated_local,focus3_best_score_best_local,focus3_near_goal_exploitation_active,focus3_goal_free_plateau_applied,focus3_goal_free_plateau_state,focus3_acq_effective,focus3_recover_active,focus3_recover_no_improve_count,optimizer_n_iterations,modeler_all_real_included,modeler_all_real_only,modeler_selected_features,selected_feature_count,modeler_selected_real_count,modeler_selected_dummy_count,modeler_real_coverage_pct,survivor_optimum_included,volume_ratio,volume_ratio_pct,volume_cap_pass,explorer_bounds_pass,explorer_joint_pass,optimizer_final_pass,optimizer_score_final_pass,optimizer_csv,optimizer_metadata,explorer_metadata,selected_bounds_path,run_root
1,1,cantilever_beam,42,S4_dual,S4_dual,min,,,off,114.66,score_goal,93.33746983044284,93.33746983044284,False,True,True,93.33746983044284,False,True,True,False,False,60,1,0.7884121745507885,0.0,,0.0737990465713238,0.1377887788778878,0,0,0,0,0,0,,,False,False,nan,LCB,True,43,60,True,True,"[""h1"", ""b1"", ""b2"", ""H""]",4,4,0,100.0,True,0.2498999999999999,24.98999999999999,True,True,True,True,True,C:\dev\PIDO\IIT_PIDO\result\bench\aion\20260901_091126\runs\run_cantilever_beam_20260901_091126_354050_78be\OPT\artifacts\public\opt_results.csv,C:\dev\PIDO\IIT_PIDO\result\bench\aion\20260901_091126\runs\run_cantilever_beam_20260901_091126_354050_78be\OPT\metadata.json,C:\dev\PIDO\IIT_PIDO\result\bench\aion\20260901_091126\runs\run_cantilever_beam_20260901_091126_354050_78be\Explorer\metadata_S4_dual.json,C:\dev\PIDO\IIT_PIDO\result\bench\aion\20260901_091126\runs\run_cantilever_beam_20260901_091126_354050_78be\Explorer\artifacts\public\S4_dual\selected_bounds.json,C:\dev\PIDO\IIT_PIDO\result\bench\aion\20260901_091126\runs\run_cantilever_beam_20260901_091126_354050_78be
2,2,cantilever_beam,1042,S4_dual,S4_dual,min,,,off,114.66,score_goal,93.22851174040916,93.22851174040916,False,True,True,93.22851174040916,False,True,True,False,False,60,3,0.7884121745507885,0.0,,0.0737990465713238,0.1377887788778878,0,0,0,0,0,0,,,False,False,nan,LCB,True,37,60,True,True,"[""h1"", ""b2"", ""b1"", ""H""]",4,4,0,100.0,True,0.24990000000000004,24.990000000000006,True,True,True,True,True,C:\dev\PIDO\IIT_PIDO\result\bench\aion\20260901_091126\runs\run_cantilever_beam_20260901_091323_422195_6a65\OPT\artifacts\public\opt_results.csv,C:\dev\PIDO\IIT_PIDO\result\bench\aion\20260901_091126\runs\run_cantilever_beam_20260901_091323_422195_6a65\OPT\metadata.json,C:\dev\PIDO\IIT_PIDO\result\bench\aion\20260901_091126\runs\run_cantilever_beam_20260901_091323_422195_6a65\Explorer\metadata_S4_dual.json,C:\dev\PIDO\IIT_PIDO\result\bench\aion\20260901_091126\runs\run_cantilever_beam_20260901_091323_422195_6a65\Explorer\artifacts\public\S4_dual\selected_bounds.json,C:\dev\PIDO\IIT_PIDO\result\bench\aion\20260901_091126\runs\run_cantilever_beam_20260901_091323_422195_6a65
3,3,cantilever_beam,2042,S4_dual,S4_dual,min,,,off,114.66,score_goal,94.18457734018185,94.18457734018185,False,True,True,94.18457734018185,False,True,True,False,False,60,1,0.7884121745507885,0.0,,0.0737990465713238,0.1377887788778878,0,0,0,0,0,0,,,False,False,nan,LCB,True,57,60,True,True,"[""b1"", ""h1"", ""b2"", ""H""]",4,4,0,100.0,True,0.24990000000003476,24.990000000003477,True,True,True,True,True,C:\dev\PIDO\IIT_PIDO\result\bench\aion\20260901_091126\runs\run_cantilever_beam_20260901_091555_313894_9b85\OPT\artifacts\public\opt_results.csv,C:\dev\PIDO\IIT_PIDO\result\bench\aion\20260901_091126\runs\run_cantilever_beam_20260901_091555_313894_9b85\OPT\metadata.json,C:\dev\PIDO\IIT_PIDO\result\bench\aion\20260901_091126\runs\run_cantilever_beam_20260901_091555_313894_9b85\Explorer\metadata_S4_dual.json,C:\dev\PIDO\IIT_PIDO\result\bench\aion\20260901_091126\runs\run_cantilever_beam_20260901_091555_313894_9b85\Explorer\artifacts\public\S4_dual\selected_bounds.json,C:\dev\PIDO\IIT_PIDO\result\bench\aion\20260901_091126\runs\run_cantilever_beam_20260901_091555_313894_9b85
4,4,cantilever_beam,3042,S4_dual,S4_dual,min,,,off,114.66,score_goal,92.77388195171453,92.77388195171453,False,True,True,92.77388195171451,False,True,True,False,False,60,5,0.7884121745507885,0.0,,0.0737990465713238,0.1377887788778878,0,0,0,0,0,0,,,False,False,nan,LCB,True,51,60,True,True,"[""h1"", ""b1"", ""b2"", ""H""]",4,4,0,100.0,True,0.24990000000000004,24.990000000000006,True,True,True,True,True,C:\dev\PIDO\IIT_PIDO\result\bench\aion\20260901_091126\runs\run_cantilever_beam_20260901_091751_431231_9fac\OPT\artifacts\public\opt_results.csv,C:\dev\PIDO\IIT_PIDO\result\bench\aion\20260901_091126\runs\run_cantilever_beam_20260901_091751_431231_9fac\OPT\metadata.json,C:\dev\PIDO\IIT_PIDO\result\bench\aion\20260901_091126\runs\run_cantilever_beam_20260901_091751_431231_9fac\Explorer\metadata_S4_dual.json,C:\dev\PIDO\IIT_PIDO\result\bench\aion\20260901_091126\runs\run_cantilever_beam_20260901_091751_431231_9fac\Explorer\artifacts\public\S4_dual\selected_bounds.json,C:\dev\PIDO\IIT_PIDO\result\bench\aion\20260901_091126\runs\run_cantilever_beam_20260901_091751_431231_9fac
5,5,cantilever_beam,4042,S4_dual,S4_dual,min,,,off,114.66,score_goal,93.5148087170975,93.5148087170975,False,True,True,93.5148087170975,False,True,True,False,False,60,2,0.8662305436498985,0.0,,0.0270697044890593,0.1066997518610421,0,0,0,0,0,0,,,False,False,nan,LCB,True,6,60,True,True,"[""h1"", ""b1"", ""b2"", ""H""]",4,4,0,100.0,True,0.2499000000002624,24.990000000026242,True,True,True,True,True,C:\dev\PIDO\IIT_PIDO\result\bench\aion\20260901_091126\runs\run_cantilever_beam_20260901_092013_441824_0cc2\OPT\artifacts\public\opt_results.csv,C:\dev\PIDO\IIT_PIDO\result\bench\aion\20260901_091126\runs\run_cantilever_beam_20260901_092013_441824_0cc2\OPT\metadata.json,C:\dev\PIDO\IIT_PIDO\result\bench\aion\20260901_091126\runs\run_cantilever_beam_20260901_092013_441824_0cc2\Explorer\metadata_S4_dual.json,C:\dev\PIDO\IIT_PIDO\result\bench\aion\20260901_091126\runs\run_cantilever_beam_20260901_092013_441824_0cc2\Explorer\artifacts\public\S4_dual\selected_bounds.json,C:\dev\PIDO\IIT_PIDO\result\bench\aion\20260901_091126\runs\run_cantilever_beam_20260901_092013_441824_0cc2
6,6,cantilever_beam,5042,S4_dual,S4_dual,min,,,off,114.66,score_goal,92.87476295276915,92.87476295276915,False,True,True,92.87476295276916,False,True,True,False,False,60,3,0.8451465493943935,0.0,,0.029481856374223,0.1253715942313834,0,0,0,0,0,0,,,False,False,nan,LCB,True,9,60,True,True,"[""h1"", ""b1"", ""b2"", ""H""]",4,4,0,100.0,True,0.2499000000000349,24.99000000000349,True,True,True,True,True,C:\dev\PIDO\IIT_PIDO\result\bench\aion\20260901_091126\runs\run_cantilever_beam_20260901_092214_308375_37be\OPT\artifacts\public\opt_results.csv,C:\dev\PIDO\IIT_PIDO\result\bench\aion\20260901_091126\runs\run_cantilever_beam_20260901_092214_308375_37be\OPT\metadata.json,C:\dev\PIDO\IIT_PIDO\result\bench\aion\20260901_091126\runs\run_cantilever_beam_20260901_092214_308375_37be\Explorer\metadata_S4_dual.json,C:\dev\PIDO\IIT_PIDO\result\bench\aion\20260901_091126\runs\run_cantilever_beam_20260901_092214_308375_37be\Explorer\artifacts\public\S4_dual\selected_bounds.json,C:\dev\PIDO\IIT_PIDO\result\bench\aion\20260901_091126\runs\run_cantilever_beam_20260901_092214_308375_37be
7,7,cantilever_beam,6042,S4_dual,S4_dual,min,,,off,114.66,score_goal,94.0033583398044,94.0033583398044,False,True,True,94.0033583398044,False,True,True,False,False,60,6,0.7884121745507885,0.0,,0.0737990465713238,0.1377887788778878,0,0,0,0,0,0,,,False,False,nan,LCB,True,19,60,True,True,"[""b1"", ""h1"", ""b2"", ""H""]",4,4,0,100.0,False,0.2499000000001727,24.99000000001727,True,False,False,False,False,C:\dev\PIDO\IIT_PIDO\result\bench\aion\20260901_091126\runs\run_cantilever_beam_20260901_092450_139002_29ee\OPT\artifacts\public\opt_results.csv,C:\dev\PIDO\IIT_PIDO\result\bench\aion\20260901_091126\runs\run_cantilever_beam_20260901_092450_139002_29ee\OPT\metadata.json,C:\dev\PIDO\IIT_PIDO\result\bench\aion\20260901_091126\runs\run_cantilever_beam_20260901_092450_139002_29ee\Explorer\metadata_S4_dual.json,C:\dev\PIDO\IIT_PIDO\result\bench\aion\20260901_091126\runs\run_cantilever_beam_20260901_092450_139002_29ee\Explorer\artifacts\public\S4_dual\selected_bounds.json,C:\dev\PIDO\IIT_PIDO\result\bench\aion\20260901_091126\runs\run_cantilever_beam_20260901_092450_139002_29ee
8,8,cantilever_beam,7042,S4_dual,S4_dual,min,,,off,114.66,score_goal,92.97785583272622,92.97785583272622,False,True,True,92.97785583272622,False,True,True,False,False,60,4,0.7884121745507885,0.0,,0.0737990465713238,0.1377887788778878,0,0,0,0,0,0,,,False,False,nan,LCB,True,26,60,True,True,"[""h1"", ""b1"", ""b2"", ""H""]",4,4,0,100.0,True,0.24990000000041193,24.990000000041192,True,True,True,True,True,C:\dev\PIDO\IIT_PIDO\result\bench\aion\20260901_091126\runs\run_cantilever_beam_20260901_092738_162935_0075\OPT\artifacts\public\opt_results.csv,C:\dev\PIDO\IIT_PIDO\result\bench\aion\20260901_091126\runs\run_cantilever_beam_20260901_092738_162935_0075\OPT\metadata.json,C:\dev\PIDO\IIT_PIDO\result\bench\aion\20260901_091126\runs\run_cantilever_beam_20260901_092738_162935_0075\Explorer\metadata_S4_dual.json,C:\dev\PIDO\IIT_PIDO\result\bench\aion\20260901_091126\runs\run_cantilever_beam_20260901_092738_162935_0075\Explorer\artifacts\public\S4_dual\selected_bounds.json,C:\dev\PIDO\IIT_PIDO\result\bench\aion\20260901_091126\runs\run_cantilever_beam_20260901_092738_162935_0075
9,9,cantilever_beam,8042,S4_dual,S4_dual,min,,,off,114.66,score_goal,95.22302689973117,95.22302689973117,False,True,True,95.22302689973117,False,True,True,False,False,60,5,0.7884121745507885,0.0,,0.0737990465713238,0.1377887788778878,0,0,0,0,0,0,,,False,False,nan,LCB,True,24,60,True,True,"[""h1"", ""b1"", ""b2"", ""H""]",4,4,0,100.0,True,0.2499000000003069,24.99000000003069,True,True,True,True,True,C:\dev\PIDO\IIT_PIDO\result\bench\aion\20260901_091126\runs\run_cantilever_beam_20260901_093023_603844_3893\OPT\artifacts\public\opt_results.csv,C:\dev\PIDO\IIT_PIDO\result\bench\aion\20260901_091126\runs\run_cantilever_beam_20260901_093023_603844_3893\OPT\metadata.json,C:\dev\PIDO\IIT_PIDO\result\bench\aion\20260901_091126\runs\run_cantilever_beam_20260901_093023_603844_3893\Explorer\metadata_S4_dual.json,C:\dev\PIDO\IIT_PIDO\result\bench\aion\20260901_091126\runs\run_cantilever_beam_20260901_093023_603844_3893\Explorer\artifacts\public\S4_dual\selected_bounds.json,C:\dev\PIDO\IIT_PIDO\result\bench\aion\20260901_091126\runs\run_cantilever_beam_20260901_093023_603844_3893
10,10,cantilever_beam,9042,S4_dual,S4_dual,min,,,off,114.66,score_goal,93.01486212701356,93.01486212701356,False,True,True,93.01486212701356,False,True,True,False,False,60,3,0.7884121745507885,0.0,,0.0737990465713238,0.1377887788778878,0,0,0,0,0,0,,,False,False,nan,LCB,True,51,60,True,True,"[""h1"", ""b1"", ""b2"", ""H""]",4,4,0,100.0,True,0.24990000000032245,24.990000000032246,True,True,True,True,True,C:\dev\PIDO\IIT_PIDO\result\bench\aion\20260901_091126\runs\run_cantilever_beam_20260901_093253_932273_b1b0\OPT\artifacts\public\opt_results.csv,C:\dev\PIDO\IIT_PIDO\result\bench\aion\20260901_091126\runs\run_cantilever_beam_20260901_093253_932273_b1b0\OPT\metadata.json,C:\dev\PIDO\IIT_PIDO\result\bench\aion\20260901_091126\runs\run_cantilever_beam_20260901_093253_932273_b1b0\Explorer\metadata_S4_dual.json,C:\dev\PIDO\IIT_PIDO\result\bench\aion\20260901_091126\runs\run_cantilever_beam_20260901_093253_932273_b1b0\Explorer\artifacts\public\S4_dual\selected_bounds.json,C:\dev\PIDO\IIT_PIDO\result\bench\aion\20260901_091126\runs\run_cantilever_beam_20260901_093253_932273_b1b0
11,11,cantilever_beam,10042,S4_dual,S4_dual,min,,,off,114.66,score_goal,95.60609261330477,95.60609261330477,False,True,True,95.60609261330475,False,True,True,False,False,60,3,0.7884121745507885,0.0,,0.0737990465713238,0.1377887788778878,0,0,0,0,0,0,,,False,False,nan,LCB,True,22,60,True,True,"[""h1"", ""b1"", ""b2"", ""H""]",4,4,0,100.0,True,0.24990000000015608,24.99000000001561,True,True,True,True,True,C:\dev\PIDO\IIT_PIDO\result\bench\aion\20260901_091126\runs\run_cantilever_beam_20260901_093540_084370_7db4\OPT\artifacts\public\opt_results.csv,C:\dev\PIDO\IIT_PIDO\result\bench\aion\20260901_091126\runs\run_cantilever_beam_20260901_093540_084370_7db4\OPT\metadata.json,C:\dev\PIDO\IIT_PIDO\result\bench\aion\20260901_091126\runs\run_cantilever_beam_20260901_093540_084370_7db4\Explorer\metadata_S4_dual.json,C:\dev\PIDO\IIT_PIDO\result\bench\aion\20260901_091126\runs\run_cantilever_beam_20260901_093540_084370_7db4\Explorer\artifacts\public\S4_dual\selected_bounds.json,C:\dev\PIDO\IIT_PIDO\result\bench\aion\20260901_091126\runs\run_cantilever_beam_20260901_093540_084370_7db4
12,12,cantilever_beam,11042,S4_dual,S4_dual,min,,,off,114.66,score_goal,97.6549013786423,97.6549013786423,False,True,True,97.6549013786423,False,True,True,False,False,60,5,0.8727272727272728,0.0,,0.0272727272727272,0.1,0,0,0,0,0,0,,,False,False,nan,EI,False,0,60,True,True,"[""h1"", ""b2"", ""b1"", ""H""]",4,4,0,100.0,True,0.24990000000041226,24.990000000041228,True,True,True,True,True,C:\dev\PIDO\IIT_PIDO\result\bench\aion\20260901_091126\runs\run_cantilever_beam_20260901_093823_206654_1152\OPT\artifacts\public\opt_results.csv,C:\dev\PIDO\IIT_PIDO\result\bench\aion\20260901_091126\runs\run_cantilever_beam_20260901_093823_206654_1152\OPT\metadata.json,C:\dev\PIDO\IIT_PIDO\result\bench\aion\20260901_091126\runs\run_cantilever_beam_20260901_093823_206654_1152\Explorer\metadata_S4_dual.json,C:\dev\PIDO\IIT_PIDO\result\bench\aion\20260901_091126\runs\run_cantilever_beam_20260901_093823_206654_1152\Explorer\artifacts\public\S4_dual\selected_bounds.json,C:\dev\PIDO\IIT_PIDO\result\bench\aion\20260901_091126\runs\run_cantilever_beam_20260901_093823_206654_1152
13,13,cantilever_beam,12042,S4_dual,S4_dual,min,,,off,114.66,score_goal,134.15457952288273,134.15457952288273,False,False,False,134.15457952288273,False,False,False,False,False,59,8,0.7884121745507885,0.0,,0.0737990465713238,0.1377887788778878,0,0,0,0,0,0,,,False,False,nan,LCB,True,41,60,True,True,"[""h1"", ""b1"", ""b2"", ""H""]",4,4,0,100.0,False,0.2499,24.990000000000002,True,False,False,False,False,C:\dev\PIDO\IIT_PIDO\result\bench\aion\20260901_091126\runs\run_cantilever_beam_20260901_094015_848058_9b32\OPT\artifacts\public\opt_results.csv,C:\dev\PIDO\IIT_PIDO\result\bench\aion\20260901_091126\runs\run_cantilever_beam_20260901_094015_848058_9b32\OPT\metadata.json,C:\dev\PIDO\IIT_PIDO\result\bench\aion\20260901_091126\runs\run_cantilever_beam_20260901_094015_848058_9b32\Explorer\metadata_S4_dual.json,C:\dev\PIDO\IIT_PIDO\result\bench\aion\20260901_091126\runs\run_cantilever_beam_20260901_094015_848058_9b32\Explorer\artifacts\public\S4_dual\selected_bounds.json,C:\dev\PIDO\IIT_PIDO\result\bench\aion\20260901_091126\runs\run_cantilever_beam_20260901_094015_848058_9b32
14,14,cantilever_beam,13042,S4_dual,S4_dual,min,,,off,114.66,score_goal,92.8062819591356,92.8062819591356,False,True,True,92.8062819591356,False,True,True,False,False,60,6,0.7884121745507885,0.0,,0.0737990465713238,0.1377887788778878,0,0,0,0,0,0,,,False,False,nan,LCB,True,40,60,True,True,"[""h1"", ""b1"", ""b2"", ""H""]",4,4,0,100.0,True,0.24990000000005572,24.990000000005573,True,True,True,True,True,C:\dev\PIDO\IIT_PIDO\result\bench\aion\20260901_091126\runs\run_cantilever_beam_20260901_094236_431262_4ced\OPT\artifacts\public\opt_results.csv,C:\dev\PIDO\IIT_PIDO\result\bench\aion\20260901_091126\runs\run_cantilever_beam_20260901_094236_431262_4ced\OPT\metadata.json,C:\dev\PIDO\IIT_PIDO\result\bench\aion\20260901_091126\runs\run_cantilever_beam_20260901_094236_431262_4ced\Explorer\metadata_S4_dual.json,C:\dev\PIDO\IIT_PIDO\result\bench\aion\20260901_091126\runs\run_cantilever_beam_20260901_094236_431262_4ced\Explorer\artifacts\public\S4_dual\selected_bounds.json,C:\dev\PIDO\IIT_PIDO\result\bench\aion\20260901_091126\runs\run_cantilever_beam_20260901_094236_431262_4ced
15,15,cantilever_beam,14042,S4_dual,S4_dual,min,,,off,114.66,score_goal,92.79986882330408,92.79986882330408,False,True,True,92.79986882330408,False,True,True,False,False,60,7,0.7884121745507885,0.0,,0.0737990465713238,0.1377887788778878,0,0,0,0,0,0,,,False,False,nan,LCB,True,43,60,True,True,"[""b1"", ""h1"", ""b2"", ""H""]",4,4,0,100.0,True,0.24990000000035711,24.99000000003571,True,True,True,True,True,C:\dev\PIDO\IIT_PIDO\result\bench\aion\20260901_091126\runs\run_cantilever_beam_20260901_094519_445692_4984\OPT\artifacts\public\opt_results.csv,C:\dev\PIDO\IIT_PIDO\result\bench\aion\20260901_091126\runs\run_cantilever_beam_20260901_094519_445692_4984\OPT\metadata.json,C:\dev\PIDO\IIT_PIDO\result\bench\aion\20260901_091126\runs\run_cantilever_beam_20260901_094519_445692_4984\Explorer\metadata_S4_dual.json,C:\dev\PIDO\IIT_PIDO\result\bench\aion\20260901_091126\runs\run_cantilever_beam_20260901_094519_445692_4984\Explorer\artifacts\public\S4_dual\selected_bounds.json,C:\dev\PIDO\IIT_PIDO\result\bench\aion\20260901_091126\runs\run_cantilever_beam_20260901_094519_445692_4984
16,16,cantilever_beam,15042,S4_dual,S4_dual,min,,,off,114.66,score_goal,95.83069716026245,95.83069716026245,False,True,True,95.83069716026245,False,True,True,False,False,60,2,0.7884121745507885,0.0,,0.0737990465713238,0.1377887788778878,0,0,0,0,0,0,,,False,False,nan,LCB,True,43,60,True,True,"[""h1"", ""b2"", ""b1"", ""H""]",4,4,0,100.0,True,0.24990000000000015,24.990000000000016,True,True,True,True,True,C:\dev\PIDO\IIT_PIDO\result\bench\aion\20260901_091126\runs\run_cantilever_beam_20260901_094753_211733_9b99\OPT\artifacts\public\opt_results.csv,C:\dev\PIDO\IIT_PIDO\result\bench\aion\20260901_091126\runs\run_cantilever_beam_20260901_094753_211733_9b99\OPT\metadata.json,C:\dev\PIDO\IIT_PIDO\result\bench\aion\20260901_091126\runs\run_cantilever_beam_20260901_094753_211733_9b99\Explorer\metadata_S4_dual.json,C:\dev\PIDO\IIT_PIDO\result\bench\aion\20260901_091126\runs\run_cantilever_beam_20260901_094753_211733_9b99\Explorer\artifacts\public\S4_dual\selected_bounds.json,C:\dev\PIDO\IIT_PIDO\result\bench\aion\20260901_091126\runs\run_cantilever_beam_20260901_094753_211733_9b99
17,17,cantilever_beam,16042,S4_dual,S4_dual,min,,,off,114.66,score_goal,93.52748025316383,93.52748025316383,False,True,True,93.52748025316384,False,True,True,False,False,60,3,0.8727272727272728,0.0,,0.0272727272727272,0.1,0,0,0,0,0,0,,,False,False,nan,EI,False,0,60,True,True,"[""b1"", ""h1"", ""b2"", ""H""]",4,4,0,100.0,True,0.24990000000003731,24.990000000003732,True,True,True,True,True,C:\dev\PIDO\IIT_PIDO\result\bench\aion\20260901_091126\runs\run_cantilever_beam_20260901_095009_590612_8944\OPT\artifacts\public\opt_results.csv,C:\dev\PIDO\IIT_PIDO\result\bench\aion\20260901_091126\runs\run_cantilever_beam_20260901_095009_590612_8944\OPT\metadata.json,C:\dev\PIDO\IIT_PIDO\result\bench\aion\20260901_091126\runs\run_cantilever_beam_20260901_095009_590612_8944\Explorer\metadata_S4_dual.json,C:\dev\PIDO\IIT_PIDO\result\bench\aion\20260901_091126\runs\run_cantilever_beam_20260901_095009_590612_8944\Explorer\artifacts\public\S4_dual\selected_bounds.json,C:\dev\PIDO\IIT_PIDO\result\bench\aion\20260901_091126\runs\run_cantilever_beam_20260901_095009_590612_8944
18,18,cantilever_beam,17042,S4_dual,S4_dual,min,,,off,114.66,score_goal,92.97142983106656,92.97142983106656,False,True,True,92.97142983106656,False,True,True,False,False,60,6,0.7884121745507885,0.0,,0.0737990465713238,0.1377887788778878,0,0,0,0,0,0,,,False,False,nan,LCB,True,30,60,True,True,"[""h1"", ""b1"", ""b2"", ""H""]",4,4,0,100.0,True,0.24990000000046533,24.990000000046532,True,True,True,True,True,C:\dev\PIDO\IIT_PIDO\result\bench\aion\20260901_091126\runs\run_cantilever_beam_20260901_095237_712721_0050\OPT\artifacts\public\opt_results.csv,C:\dev\PIDO\IIT_PIDO\result\bench\aion\20260901_091126\runs\run_cantilever_beam_20260901_095237_712721_0050\OPT\metadata.json,C:\dev\PIDO\IIT_PIDO\result\bench\aion\20260901_091126\runs\run_cantilever_beam_20260901_095237_712721_0050\Explorer\metadata_S4_dual.json,C:\dev\PIDO\IIT_PIDO\result\bench\aion\20260901_091126\runs\run_cantilever_beam_20260901_095237_712721_0050\Explorer\artifacts\public\S4_dual\selected_bounds.json,C:\dev\PIDO\IIT_PIDO\result\bench\aion\20260901_091126\runs\run_cantilever_beam_20260901_095237_712721_0050
19,19,cantilever_beam,18042,S4_dual,S4_dual,min,,,off,114.66,score_goal,93.20290250224609,93.20290250224609,False,True,True,93.20290250224608,False,True,True,False,False,60,5,0.8451465493943935,0.0,,0.029481856374223,0.1253715942313834,0,0,0,0,0,0,,,False,False,nan,LCB,True,8,60,True,True,"[""h1"", ""b1"", ""b2"", ""H""]",4,4,0,100.0,True,0.24990000000025095,24.990000000025095,True,True,True,True,True,C:\dev\PIDO\IIT_PIDO\result\bench\aion\20260901_091126\runs\run_cantilever_beam_20260901_095524_635166_0585\OPT\artifacts\public\opt_results.csv,C:\dev\PIDO\IIT_PIDO\result\bench\aion\20260901_091126\runs\run_cantilever_beam_20260901_095524_635166_0585\OPT\metadata.json,C:\dev\PIDO\IIT_PIDO\result\bench\aion\20260901_091126\runs\run_cantilever_beam_20260901_095524_635166_0585\Explorer\metadata_S4_dual.json,C:\dev\PIDO\IIT_PIDO\result\bench\aion\20260901_091126\runs\run_cantilever_beam_20260901_095524_635166_0585\Explorer\artifacts\public\S4_dual\selected_bounds.json,C:\dev\PIDO\IIT_PIDO\result\bench\aion\20260901_091126\runs\run_cantilever_beam_20260901_095524_635166_0585
20,20,cantilever_beam,19042,S4_dual,S4_dual,min,,,off,114.66,score_goal,93.61611130349792,93.61611130349792,False,True,True,93.61611130349792,False,True,True,False,False,60,6,0.8451465493943935,0.0,,0.029481856374223,0.1253715942313834,0,0,0,0,0,0,,,False,False,nan,LCB,True,8,60,True,True,"[""h1"", ""b1"", ""b2"", ""H""]",4,4,0,100.0,False,0.24990000000002777,24.990000000002777,True,False,False,False,False,C:\dev\PIDO\IIT_PIDO\result\bench\aion\20260901_091126\runs\run_cantilever_beam_20260901_095746_065986_71ca\OPT\artifacts\public\opt_results.csv,C:\dev\PIDO\IIT_PIDO\result\bench\aion\20260901_091126\runs\run_cantilever_beam_20260901_095746_065986_71ca\OPT\metadata.json,C:\dev\PIDO\IIT_PIDO\result\bench\aion\20260901_091126\runs\run_cantilever_beam_20260901_095746_065986_71ca\Explorer\metadata_S4_dual.json,C:\dev\PIDO\IIT_PIDO\result\bench\aion\20260901_091126\runs\run_cantilever_beam_20260901_095746_065986_71ca\Explorer\artifacts\public\S4_dual\selected_bounds.json,C:\dev\PIDO\IIT_PIDO\result\bench\aion\20260901_091126\runs\run_cantilever_beam_20260901_095746_065986_71ca
21,21,cantilever_beam,20042,S4_dual,S4_dual,min,,,off,114.66,score_goal,98.92973552559876,98.92973552559876,False,True,True,98.9376423789472,False,True,True,False,False,60,0,0.7884121745507885,0.0,,0.0737990465713238,0.1377887788778878,0,0,0,0,0,0,,,False,False,nan,LCB,True,59,60,True,True,"[""h1"", ""b1"", ""b2"", ""H""]",4,4,0,100.0,True,0.24989999999999996,24.989999999999995,True,True,True,True,True,C:\dev\PIDO\IIT_PIDO\result\bench\aion\20260901_091126\runs\run_cantilever_beam_20260901_100024_740798_c14e\OPT\artifacts\public\opt_results.csv,C:\dev\PIDO\IIT_PIDO\result\bench\aion\20260901_091126\runs\run_cantilever_beam_20260901_100024_740798_c14e\OPT\metadata.json,C:\dev\PIDO\IIT_PIDO\result\bench\aion\20260901_091126\runs\run_cantilever_beam_20260901_100024_740798_c14e\Explorer\metadata_S4_dual.json,C:\dev\PIDO\IIT_PIDO\result\bench\aion\20260901_091126\runs\run_cantilever_beam_20260901_100024_740798_c14e\Explorer\artifacts\public\S4_dual\selected_bounds.json,C:\dev\PIDO\IIT_PIDO\result\bench\aion\20260901_091126\runs\run_cantilever_beam_20260901_100024_740798_c14e
22,22,cantilever_beam,21042,S4_dual,S4_dual,min,,,off,114.66,score_goal,93.27620393248972,93.27620393248972,False,True,True,93.27620393248972,False,True,True,False,False,60,5,0.8727272727272728,0.0,,0.0272727272727272,0.1,0,0,0,0,0,0,,,False,False,nan,EI,False,0,60,True,True,"[""h1"", ""b1"", ""b2"", ""H""]",4,4,0,100.0,True,0.2499000000000867,24.99000000000867,True,True,True,True,True,C:\dev\PIDO\IIT_PIDO\result\bench\aion\20260901_091126\runs\run_cantilever_beam_20260901_100240_628802_5844\OPT\artifacts\public\opt_results.csv,C:\dev\PIDO\IIT_PIDO\result\bench\aion\20260901_091126\runs\run_cantilever_beam_20260901_100240_628802_5844\OPT\metadata.json,C:\dev\PIDO\IIT_PIDO\result\bench\aion\20260901_091126\runs\run_cantilever_beam_20260901_100240_628802_5844\Explorer\metadata_S4_dual.json,C:\dev\PIDO\IIT_PIDO\result\bench\aion\20260901_091126\runs\run_cantilever_beam_20260901_100240_628802_5844\Explorer\artifacts\public\S4_dual\selected_bounds.json,C:\dev\PIDO\IIT_PIDO\result\bench\aion\20260901_091126\runs\run_cantilever_beam_20260901_100240_628802_5844
23,23,cantilever_beam,22042,S4_dual,S4_dual,min,,,off,114.66,score_goal,92.9491806580669,92.9491806580669,False,True,True,92.9491806580669,False,True,True,False,False,60,3,0.7884121745507885,0.0,,0.0737990465713238,0.1377887788778878,0,0,0,0,0,0,,,False,False,nan,LCB,True,55,60,True,True,"[""h1"", ""b1"", ""b2"", ""H""]",4,4,0,100.0,True,0.24990000000017487,24.99000000001749,True,True,True,True,True,C:\dev\PIDO\IIT_PIDO\result\bench\aion\20260901_091126\runs\run_cantilever_beam_20260901_100515_978142_46fb\OPT\artifacts\public\opt_results.csv,C:\dev\PIDO\IIT_PIDO\result\bench\aion\20260901_091126\runs\run_cantilever_beam_20260901_100515_978142_46fb\OPT\metadata.json,C:\dev\PIDO\IIT_PIDO\result\bench\aion\20260901_091126\runs\run_cantilever_beam_20260901_100515_978142_46fb\Explorer\metadata_S4_dual.json,C:\dev\PIDO\IIT_PIDO\result\bench\aion\20260901_091126\runs\run_cantilever_beam_20260901_100515_978142_46fb\Explorer\artifacts\public\S4_dual\selected_bounds.json,C:\dev\PIDO\IIT_PIDO\result\bench\aion\20260901_091126\runs\run_cantilever_beam_20260901_100515_978142_46fb
24,24,cantilever_beam,23042,S4_dual,S4_dual,min,,,off,114.66,score_goal,93.74006776928718,93.74006776928718,False,True,True,93.74006776928718,False,True,True,False,False,60,8,0.8662305436498985,0.0,,0.0270697044890593,0.1066997518610421,0,0,0,0,0,0,,,False,False,nan,LCB,True,5,60,True,True,"[""h1"", ""b1"", ""b2"", ""H""]",4,4,0,100.0,False,0.24990000000010432,24.990000000010433,True,False,False,False,False,C:\dev\PIDO\IIT_PIDO\result\bench\aion\20260901_091126\runs\run_cantilever_beam_20260901_100756_061974_2aaa\OPT\artifacts\public\opt_results.csv,C:\dev\PIDO\IIT_PIDO\result\bench\aion\20260901_091126\runs\run_cantilever_beam_20260901_100756_061974_2aaa\OPT\metadata.json,C:\dev\PIDO\IIT_PIDO\result\bench\aion\20260901_091126\runs\run_cantilever_beam_20260901_100756_061974_2aaa\Explorer\metadata_S4_dual.json,C:\dev\PIDO\IIT_PIDO\result\bench\aion\20260901_091126\runs\run_cantilever_beam_20260901_100756_061974_2aaa\Explorer\artifacts\public\S4_dual\selected_bounds.json,C:\dev\PIDO\IIT_PIDO\result\bench\aion\20260901_091126\runs\run_cantilever_beam_20260901_100756_061974_2aaa
25,25,cantilever_beam,24042,S4_dual,S4_dual,min,,,off,114.66,score_goal,93.69266534615288,93.69266534615288,False,True,True,93.69266534615288,False,True,True,False,False,60,5,0.8662305436498985,0.0,,0.0270697044890593,0.1066997518610421,0,0,0,0,0,0,,,False,False,nan,LCB,True,6,60,True,True,"[""h1"", ""b1"", ""b2"", ""H""]",4,4,0,100.0,True,0.24990000000024148,24.99000000002415,True,True,True,True,True,C:\dev\PIDO\IIT_PIDO\result\bench\aion\20260901_091126\runs\run_cantilever_beam_20260901_101009_932464_68ce\OPT\artifacts\public\opt_results.csv,C:\dev\PIDO\IIT_PIDO\result\bench\aion\20260901_091126\runs\run_cantilever_beam_20260901_101009_932464_68ce\OPT\metadata.json,C:\dev\PIDO\IIT_PIDO\result\bench\aion\20260901_091126\runs\run_cantilever_beam_20260901_101009_932464_68ce\Explorer\metadata_S4_dual.json,C:\dev\PIDO\IIT_PIDO\result\bench\aion\20260901_091126\runs\run_cantilever_beam_20260901_101009_932464_68ce\Explorer\artifacts\public\S4_dual\selected_bounds.json,C:\dev\PIDO\IIT_PIDO\result\bench\aion\20260901_091126\runs\run_cantilever_beam_20260901_101009_932464_68ce
26,1,rosenbrock,43,S4_dual,S4_dual,min,,,off,1.2,score_goal,1.0288914404063525,1.0288914404063525,False,True,True,1.0288914404063525,False,True,True,False,False,1050,19,0.2709090909090909,0.62,0.0,0.0181818181818181,0.0909090909090909,8,18,0,0,1,3,,1.0317778099055133,False,False,normal,MEAN,False,0,1050,True,True,"[""x4"", ""x3"", ""x2"", ""x1"", ""x5""]",5,5,0,100.0,True,0.24990000000031104,24.990000000031102,True,True,True,True,True,C:\dev\PIDO\IIT_PIDO\result\bench\aion\20260901_091126\runs\run_rosenbrock_20260901_101303_010183_5148\OPT\artifacts\public\opt_results.csv,C:\dev\PIDO\IIT_PIDO\result\bench\aion\20260901_091126\runs\run_rosenbrock_20260901_101303_010183_5148\OPT\metadata.json,C:\dev\PIDO\IIT_PIDO\result\bench\aion\20260901_091126\runs\run_rosenbrock_20260901_101303_010183_5148\Explorer\metadata_S4_dual.json,C:\dev\PIDO\IIT_PIDO\result\bench\aion\20260901_091126\runs\run_rosenbrock_20260901_101303_010183_5148\Explorer\artifacts\public\S4_dual\selected_bounds.json,C:\dev\PIDO\IIT_PIDO\result\bench\aion\20260901_091126\runs\run_rosenbrock_20260901_101303_010183_5148
27,2,rosenbrock,1043,S4_dual,S4_dual,min,,,off,1.2,score_goal,1.031741146943006,1.031741146943006,False,True,True,1.031741146943006,False,True,True,False,False,1050,30,0.2709090909090909,0.62,0.0,0.0181818181818181,0.0909090909090909,8,18,0,0,1,3,,0.9259371315607544,False,False,normal,MEAN,False,0,1050,True,True,"[""x4"", ""x2"", ""x3"", ""x1"", ""x5""]",5,5,0,100.0,True,0.24990000000011306,24.990000000011307,True,True,True,True,True,C:\dev\PIDO\IIT_PIDO\result\bench\aion\20260901_091126\runs\run_rosenbrock_20260901_103008_738779_0c91\OPT\artifacts\public\opt_results.csv,C:\dev\PIDO\IIT_PIDO\result\bench\aion\20260901_091126\runs\run_rosenbrock_20260901_103008_738779_0c91\OPT\metadata.json,C:\dev\PIDO\IIT_PIDO\result\bench\aion\20260901_091126\runs\run_rosenbrock_20260901_103008_738779_0c91\Explorer\metadata_S4_dual.json,C:\dev\PIDO\IIT_PIDO\result\bench\aion\20260901_091126\runs\run_rosenbrock_20260901_103008_738779_0c91\Explorer\artifacts\public\S4_dual\selected_bounds.json,C:\dev\PIDO\IIT_PIDO\result\bench\aion\20260901_091126\runs\run_rosenbrock_20260901_103008_738779_0c91
28,3,rosenbrock,2043,S4_dual,S4_dual,min,,,off,1.2,score_goal,1.0007301851314077,1.0007301851314077,False,True,True,1.0007301851314077,False,True,True,False,False,1050,22,0.2709090909090909,0.62,0.0,0.0181818181818181,0.0909090909090909,8,18,0,0,1,3,,0.9189709831771466,False,False,normal,MEAN,False,0,1050,True,True,"[""x3"", ""x4"", ""x2"", ""x1"", ""x5""]",5,5,0,100.0,True,0.24990000000001175,24.990000000001174,True,True,True,True,True,C:\dev\PIDO\IIT_PIDO\result\bench\aion\20260901_091126\runs\run_rosenbrock_20260901_104546_450234_6e68\OPT\artifacts\public\opt_results.csv,C:\dev\PIDO\IIT_PIDO\result\bench\aion\20260901_091126\runs\run_rosenbrock_20260901_104546_450234_6e68\OPT\metadata.json,C:\dev\PIDO\IIT_PIDO\result\bench\aion\20260901_091126\runs\run_rosenbrock_20260901_104546_450234_6e68\Explorer\metadata_S4_dual.json,C:\dev\PIDO\IIT_PIDO\result\bench\aion\20260901_091126\runs\run_rosenbrock_20260901_104546_450234_6e68\Explorer\artifacts\public\S4_dual\selected_bounds.json,C:\dev\PIDO\IIT_PIDO\result\bench\aion\20260901_091126\runs\run_rosenbrock_20260901_104546_450234_6e68
29,4,rosenbrock,3043,S4_dual,S4_dual,min,,,off,1.2,score_goal,1.0186504949720976,1.0186504949720976,False,True,True,1.0186504949720976,False,True,True,False,False,1050,36,0.2709090909090909,0.62,0.0,0.0181818181818181,0.0909090909090909,8,19,0,0,0,3,,1.017456289070111,False,False,normal,MEAN,False,0,1050,True,True,"[""x3"", ""x4"", ""x2"", ""x1"", ""x5""]",5,5,0,100.0,True,0.24990000000023002,24.990000000023002,True,True,True,True,True,C:\dev\PIDO\IIT_PIDO\result\bench\aion\20260901_091126\runs\run_rosenbrock_20260901_110019_438224_cedd\OPT\artifacts\public\opt_results.csv,C:\dev\PIDO\IIT_PIDO\result\bench\aion\20260901_091126\runs\run_rosenbrock_20260901_110019_438224_cedd\OPT\metadata.json,C:\dev\PIDO\IIT_PIDO\result\bench\aion\20260901_091126\runs\run_rosenbrock_20260901_110019_438224_cedd\Explorer\metadata_S4_dual.json,C:\dev\PIDO\IIT_PIDO\result\bench\aion\20260901_091126\runs\run_rosenbrock_20260901_110019_438224_cedd\Explorer\artifacts\public\S4_dual\selected_bounds.json,C:\dev\PIDO\IIT_PIDO\result\bench\aion\20260901_091126\runs\run_rosenbrock_20260901_110019_438224_cedd
30,5,rosenbrock,4043,S4_dual,S4_dual,min,,,off,1.2,score_goal,1.0145377365151154,1.0145377365151154,False,True,True,1.0145377365151154,False,True,True,False,False,1050,17,0.2709090909090909,0.62,0.0,0.0181818181818181,0.0909090909090909,8,18,0,0,1,3,,0.9901419394099662,False,False,normal,MEAN,False,0,1050,True,True,"[""x3"", ""x4"", ""x2"", ""x1"", ""x5""]",5,5,0,100.0,True,0.24990000000006102,24.990000000006102,True,True,True,True,True,C:\dev\PIDO\IIT_PIDO\result\bench\aion\20260901_091126\runs\run_rosenbrock_20260901_111830_397485_17f9\OPT\artifacts\public\opt_results.csv,C:\dev\PIDO\IIT_PIDO\result\bench\aion\20260901_091126\runs\run_rosenbrock_20260901_111830_397485_17f9\OPT\metadata.json,C:\dev\PIDO\IIT_PIDO\result\bench\aion\20260901_091126\runs\run_rosenbrock_20260901_111830_397485_17f9\Explorer\metadata_S4_dual.json,C:\dev\PIDO\IIT_PIDO\result\bench\aion\20260901_091126\runs\run_rosenbrock_20260901_111830_397485_17f9\Explorer\artifacts\public\S4_dual\selected_bounds.json,C:\dev\PIDO\IIT_PIDO\result\bench\aion\20260901_091126\runs\run_rosenbrock_20260901_111830_397485_17f9
31,6,rosenbrock,5043,S4_dual,S4_dual,min,,,off,1.2,score_goal,1.013691741728043,1.013691741728043,False,True,True,1.013691741728043,False,True,True,False,False,1050,22,0.2709090909090909,0.62,0.0,0.0181818181818181,0.0909090909090909,8,18,0,0,1,3,,1.0587867891119842,False,False,normal,MEAN,False,0,1050,True,True,"[""x2"", ""x4"", ""x3"", ""x1"", ""x5""]",5,5,0,100.0,True,0.24990000000009277,24.990000000009278,True,True,True,True,True,C:\dev\PIDO\IIT_PIDO\result\bench\aion\20260901_091126\runs\run_rosenbrock_20260901_113458_858862_dfbf\OPT\artifacts\public\opt_results.csv,C:\dev\PIDO\IIT_PIDO\result\bench\aion\20260901_091126\runs\run_rosenbrock_20260901_113458_858862_dfbf\OPT\metadata.json,C:\dev\PIDO\IIT_PIDO\result\bench\aion\20260901_091126\runs\run_rosenbrock_20260901_113458_858862_dfbf\Explorer\metadata_S4_dual.json,C:\dev\PIDO\IIT_PIDO\result\bench\aion\20260901_091126\runs\run_rosenbrock_20260901_113458_858862_dfbf\Explorer\artifacts\public\S4_dual\selected_bounds.json,C:\dev\PIDO\IIT_PIDO\result\bench\aion\20260901_091126\runs\run_rosenbrock_20260901_113458_858862_dfbf
32,7,rosenbrock,6043,S4_dual,S4_dual,min,,,off,1.2,score_goal,1.0027065035401395,1.0027065035401395,False,True,True,1.0027065035401397,False,True,True,False,False,1050,13,0.2512871287128713,0.62,0.0,0.0198019801980198,0.1089108910891089,7,19,0,0,1,3,,0.9478585279483696,False,False,normal,MEAN,False,0,1050,True,True,"[""x4"", ""x2"", ""x3"", ""x1"", ""x5""]",5,5,0,100.0,True,0.2499000000001855,24.99000000001855,True,True,True,True,True,C:\dev\PIDO\IIT_PIDO\result\bench\aion\20260901_091126\runs\run_rosenbrock_20260901_115139_886536_3e8c\OPT\artifacts\public\opt_results.csv,C:\dev\PIDO\IIT_PIDO\result\bench\aion\20260901_091126\runs\run_rosenbrock_20260901_115139_886536_3e8c\OPT\metadata.json,C:\dev\PIDO\IIT_PIDO\result\bench\aion\20260901_091126\runs\run_rosenbrock_20260901_115139_886536_3e8c\Explorer\metadata_S4_dual.json,C:\dev\PIDO\IIT_PIDO\result\bench\aion\20260901_091126\runs\run_rosenbrock_20260901_115139_886536_3e8c\Explorer\artifacts\public\S4_dual\selected_bounds.json,C:\dev\PIDO\IIT_PIDO\result\bench\aion\20260901_091126\runs\run_rosenbrock_20260901_115139_886536_3e8c
33,8,rosenbrock,7043,S4_dual,S4_dual,min,,,off,1.2,score_goal,1.0019206777208267,1.0019206777208267,False,True,True,1.0019206777208267,False,True,True,False,False,1050,10,0.2512871287128713,0.62,0.0,0.0198019801980198,0.1089108910891089,0,0,0,0,0,1,,0.8625155444676409,False,False,normal,MEAN,False,0,1050,True,True,"[""x3"", ""x4"", ""x2"", ""x1"", ""x5""]",5,5,0,100.0,True,0.24990000000027032,24.99000000002703,True,True,True,True,True,C:\dev\PIDO\IIT_PIDO\result\bench\aion\20260901_091126\runs\run_rosenbrock_20260901_120809_818838_67e6\OPT\artifacts\public\opt_results.csv,C:\dev\PIDO\IIT_PIDO\result\bench\aion\20260901_091126\runs\run_rosenbrock_20260901_120809_818838_67e6\OPT\metadata.json,C:\dev\PIDO\IIT_PIDO\result\bench\aion\20260901_091126\runs\run_rosenbrock_20260901_120809_818838_67e6\Explorer\metadata_S4_dual.json,C:\dev\PIDO\IIT_PIDO\result\bench\aion\20260901_091126\runs\run_rosenbrock_20260901_120809_818838_67e6\Explorer\artifacts\public\S4_dual\selected_bounds.json,C:\dev\PIDO\IIT_PIDO\result\bench\aion\20260901_091126\runs\run_rosenbrock_20260901_120809_818838_67e6
34,9,rosenbrock,8043,S4_dual,S4_dual,min,,,off,1.2,score_goal,1.0417602008386617,1.0417602008386617,False,True,True,1.0417602008386615,False,True,True,False,False,1050,38,0.2709090909090909,0.62,0.0,0.0181818181818181,0.0909090909090909,1,0,0,0,0,0,,1.026237211765178,False,False,normal,MEAN,False,0,1050,True,True,"[""x2"", ""x4"", ""x3"", ""x1"", ""x5""]",5,5,0,100.0,True,0.24990000000027018,24.990000000027017,True,True,True,True,True,C:\dev\PIDO\IIT_PIDO\result\bench\aion\20260901_091126\runs\run_rosenbrock_20260901_122436_101173_d865\OPT\artifacts\public\opt_results.csv,C:\dev\PIDO\IIT_PIDO\result\bench\aion\20260901_091126\runs\run_rosenbrock_20260901_122436_101173_d865\OPT\metadata.json,C:\dev\PIDO\IIT_PIDO\result\bench\aion\20260901_091126\runs\run_rosenbrock_20260901_122436_101173_d865\Explorer\metadata_S4_dual.json,C:\dev\PIDO\IIT_PIDO\result\bench\aion\20260901_091126\runs\run_rosenbrock_20260901_122436_101173_d865\Explorer\artifacts\public\S4_dual\selected_bounds.json,C:\dev\PIDO\IIT_PIDO\result\bench\aion\20260901_091126\runs\run_rosenbrock_20260901_122436_101173_d865
35,10,rosenbrock,9043,S4_dual,S4_dual,min,,,off,1.2,score_goal,1.0989436111768973,1.0989436111768973,False,True,True,1.098943611176897,False,True,True,False,False,1050,12,0.2709090909090909,0.62,0.0,0.0181818181818181,0.0909090909090909,8,21,0,0,0,1,,0.864137646635271,False,False,normal,MEAN,False,0,1050,True,True,"[""x3"", ""x2"", ""x4"", ""x1"", ""x5""]",5,5,0,100.0,True,0.2499000000002831,24.99000000002831,True,True,True,True,True,C:\dev\PIDO\IIT_PIDO\result\bench\aion\20260901_091126\runs\run_rosenbrock_20260901_124102_001570_c3e2\OPT\artifacts\public\opt_results.csv,C:\dev\PIDO\IIT_PIDO\result\bench\aion\20260901_091126\runs\run_rosenbrock_20260901_124102_001570_c3e2\OPT\metadata.json,C:\dev\PIDO\IIT_PIDO\result\bench\aion\20260901_091126\runs\run_rosenbrock_20260901_124102_001570_c3e2\Explorer\metadata_S4_dual.json,C:\dev\PIDO\IIT_PIDO\result\bench\aion\20260901_091126\runs\run_rosenbrock_20260901_124102_001570_c3e2\Explorer\artifacts\public\S4_dual\selected_bounds.json,C:\dev\PIDO\IIT_PIDO\result\bench\aion\20260901_091126\runs\run_rosenbrock_20260901_124102_001570_c3e2
36,1,goldstein_price,44,S4_dual,S4_dual,min,,,off,3.6,score_goal,3.0001617485612444,3.0001617485612444,False,True,True,3.0001617485612444,False,True,True,False,False,350,6,0.16,0.84,0.0,0.0,0.0,3,22,0,5,0,0,,2.367496498953914,False,False,normal,LCB,True,17,350,True,True,"[""x2"", ""x1""]",2,2,0,100.0,True,0.2499,24.990000000000002,True,True,True,True,True,C:\dev\PIDO\IIT_PIDO\result\bench\aion\20260901_091126\runs\run_goldstein_price_20260901_125807_033036_b9d8\OPT\artifacts\public\opt_results.csv,C:\dev\PIDO\IIT_PIDO\result\bench\aion\20260901_091126\runs\run_goldstein_price_20260901_125807_033036_b9d8\OPT\metadata.json,C:\dev\PIDO\IIT_PIDO\result\bench\aion\20260901_091126\runs\run_goldstein_price_20260901_125807_033036_b9d8\Explorer\metadata_S4_dual.json,C:\dev\PIDO\IIT_PIDO\result\bench\aion\20260901_091126\runs\run_goldstein_price_20260901_125807_033036_b9d8\Explorer\artifacts\public\S4_dual\selected_bounds.json,C:\dev\PIDO\IIT_PIDO\result\bench\aion\20260901_091126\runs\run_goldstein_price_20260901_125807_033036_b9d8
37,2,goldstein_price,1044,S4_dual,S4_dual,min,,,off,3.6,score_goal,3.0000912731615688,3.0000912731615688,False,True,True,3.0000912731615688,False,True,True,False,False,350,9,0.16,0.84,0.0,0.0,0.0,0,0,0,0,0,1,,2.8458421393631443,False,False,normal,LCB,True,15,350,True,True,"[""x2"", ""x1""]",2,2,0,100.0,True,0.24990000000040985,24.990000000040986,True,True,True,True,True,C:\dev\PIDO\IIT_PIDO\result\bench\aion\20260901_091126\runs\run_goldstein_price_20260901_130114_736098_355a\OPT\artifacts\public\opt_results.csv,C:\dev\PIDO\IIT_PIDO\result\bench\aion\20260901_091126\runs\run_goldstein_price_20260901_130114_736098_355a\OPT\metadata.json,C:\dev\PIDO\IIT_PIDO\result\bench\aion\20260901_091126\runs\run_goldstein_price_20260901_130114_736098_355a\Explorer\metadata_S4_dual.json,C:\dev\PIDO\IIT_PIDO\result\bench\aion\20260901_091126\runs\run_goldstein_price_20260901_130114_736098_355a\Explorer\artifacts\public\S4_dual\selected_bounds.json,C:\dev\PIDO\IIT_PIDO\result\bench\aion\20260901_091126\runs\run_goldstein_price_20260901_130114_736098_355a
38,3,goldstein_price,2044,S4_dual,S4_dual,min,,,off,3.6,score_goal,3.000132106214949,3.000132106214949,False,True,True,3.000132106214949,False,True,True,False,False,350,11,0.16,0.84,0.0,0.0,0.0,3,22,0,5,0,0,,1.6362452118819122,False,False,normal,LCB,True,11,350,True,True,"[""x2"", ""x1""]",2,2,0,100.0,True,0.2499,24.990000000000002,True,True,True,True,True,C:\dev\PIDO\IIT_PIDO\result\bench\aion\20260901_091126\runs\run_goldstein_price_20260901_130427_536528_348d\OPT\artifacts\public\opt_results.csv,C:\dev\PIDO\IIT_PIDO\result\bench\aion\20260901_091126\runs\run_goldstein_price_20260901_130427_536528_348d\OPT\metadata.json,C:\dev\PIDO\IIT_PIDO\result\bench\aion\20260901_091126\runs\run_goldstein_price_20260901_130427_536528_348d\Explorer\metadata_S4_dual.json,C:\dev\PIDO\IIT_PIDO\result\bench\aion\20260901_091126\runs\run_goldstein_price_20260901_130427_536528_348d\Explorer\artifacts\public\S4_dual\selected_bounds.json,C:\dev\PIDO\IIT_PIDO\result\bench\aion\20260901_091126\runs\run_goldstein_price_20260901_130427_536528_348d
39,4,goldstein_price,3044,S4_dual,S4_dual,min,,,off,3.6,score_goal,3.0002425577200804,3.0002425577200804,False,True,True,3.0002425577200804,False,True,True,False,False,350,6,0.16,0.84,0.0,0.0,0.0,3,22,0,5,0,0,,0.669480314725857,False,False,normal,LCB,True,13,350,True,True,"[""x2"", ""x1""]",2,2,0,100.0,True,0.2499000000001415,24.990000000014152,True,True,True,True,True,C:\dev\PIDO\IIT_PIDO\result\bench\aion\20260901_091126\runs\run_goldstein_price_20260901_130711_536075_852b\OPT\artifacts\public\opt_results.csv,C:\dev\PIDO\IIT_PIDO\result\bench\aion\20260901_091126\runs\run_goldstein_price_20260901_130711_536075_852b\OPT\metadata.json,C:\dev\PIDO\IIT_PIDO\result\bench\aion\20260901_091126\runs\run_goldstein_price_20260901_130711_536075_852b\Explorer\metadata_S4_dual.json,C:\dev\PIDO\IIT_PIDO\result\bench\aion\20260901_091126\runs\run_goldstein_price_20260901_130711_536075_852b\Explorer\artifacts\public\S4_dual\selected_bounds.json,C:\dev\PIDO\IIT_PIDO\result\bench\aion\20260901_091126\runs\run_goldstein_price_20260901_130711_536075_852b
40,5,goldstein_price,4044,S4_dual,S4_dual,min,,,off,3.6,score_goal,3.000161588513231,3.000161588513231,False,True,True,3.000161588513231,False,True,True,False,False,350,7,0.22,0.78,0.0,0.0,0.0,0,1,0,0,0,0,,2.9122964250089143,False,False,normal,LCB,True,4,350,True,True,"[""x2"", ""x1""]",2,2,0,100.0,True,0.24990000000000004,24.990000000000006,True,True,True,True,True,C:\dev\PIDO\IIT_PIDO\result\bench\aion\20260901_091126\runs\run_goldstein_price_20260901_131040_692860_3456\OPT\artifacts\public\opt_results.csv,C:\dev\PIDO\IIT_PIDO\result\bench\aion\20260901_091126\runs\run_goldstein_price_20260901_131040_692860_3456\OPT\metadata.json,C:\dev\PIDO\IIT_PIDO\result\bench\aion\20260901_091126\runs\run_goldstein_price_20260901_131040_692860_3456\Explorer\metadata_S4_dual.json,C:\dev\PIDO\IIT_PIDO\result\bench\aion\20260901_091126\runs\run_goldstein_price_20260901_131040_692860_3456\Explorer\artifacts\public\S4_dual\selected_bounds.json,C:\dev\PIDO\IIT_PIDO\result\bench\aion\20260901_091126\runs\run_goldstein_price_20260901_131040_692860_3456
41,6,goldstein_price,5044,S4_dual,S4_dual,min,,,off,3.6,score_goal,3.000029090077627,3.000029090077627,False,True,True,3.000029090077627,False,True,True,False,False,350,9,0.22,0.78,0.0,0.0,0.0,1,0,0,0,0,0,,2.8745822588159577,False,False,normal,LCB,True,3,350,True,True,"[""x2"", ""x1""]",2,2,0,100.0,True,0.24990000000040125,24.990000000040126,True,True,True,True,True,C:\dev\PIDO\IIT_PIDO\result\bench\aion\20260901_091126\runs\run_goldstein_price_20260901_131343_907305_1b5a\OPT\artifacts\public\opt_results.csv,C:\dev\PIDO\IIT_PIDO\result\bench\aion\20260901_091126\runs\run_goldstein_price_20260901_131343_907305_1b5a\OPT\metadata.json,C:\dev\PIDO\IIT_PIDO\result\bench\aion\20260901_091126\runs\run_goldstein_price_20260901_131343_907305_1b5a\Explorer\metadata_S4_dual.json,C:\dev\PIDO\IIT_PIDO\result\bench\aion\20260901_091126\runs\run_goldstein_price_20260901_131343_907305_1b5a\Explorer\artifacts\public\S4_dual\selected_bounds.json,C:\dev\PIDO\IIT_PIDO\result\bench\aion\20260901_091126\runs\run_goldstein_price_20260901_131343_907305_1b5a
42,7,goldstein_price,6044,S4_dual,S4_dual,min,,,off,3.6,score_goal,3.000529446562649,3.000529446562649,False,True,True,3.000529446562649,False,True,True,False,False,350,7,0.2709090909090909,0.62,0.0,0.0181818181818181,0.0909090909090909,8,19,0,0,0,3,,2.984131012444095,False,False,normal,MEAN,False,0,350,True,True,"[""x2"", ""x1""]",2,2,0,100.0,True,0.2499000000004312,24.990000000043118,True,True,True,True,True,C:\dev\PIDO\IIT_PIDO\result\bench\aion\20260901_091126\runs\run_goldstein_price_20260901_131645_202997_f2e5\OPT\artifacts\public\opt_results.csv,C:\dev\PIDO\IIT_PIDO\result\bench\aion\20260901_091126\runs\run_goldstein_price_20260901_131645_202997_f2e5\OPT\metadata.json,C:\dev\PIDO\IIT_PIDO\result\bench\aion\20260901_091126\runs\run_goldstein_price_20260901_131645_202997_f2e5\Explorer\metadata_S4_dual.json,C:\dev\PIDO\IIT_PIDO\result\bench\aion\20260901_091126\runs\run_goldstein_price_20260901_131645_202997_f2e5\Explorer\artifacts\public\S4_dual\selected_bounds.json,C:\dev\PIDO\IIT_PIDO\result\bench\aion\20260901_091126\runs\run_goldstein_price_20260901_131645_202997_f2e5
43,8,goldstein_price,7044,S4_dual,S4_dual,min,,,off,3.6,score_goal,3.0001714534246577,3.0001714534246577,False,True,True,3.0001714534246577,False,True,True,False,False,350,8,0.2709090909090909,0.62,0.0,0.0181818181818181,0.0909090909090909,1,0,0,0,0,0,,2.120637560369492,False,False,normal,MEAN,False,0,350,True,True,"[""x2"", ""x1""]",2,2,0,100.0,True,0.2499,24.990000000000002,True,True,True,True,True,C:\dev\PIDO\IIT_PIDO\result\bench\aion\20260901_091126\runs\run_goldstein_price_20260901_131922_689057_39f5\OPT\artifacts\public\opt_results.csv,C:\dev\PIDO\IIT_PIDO\result\bench\aion\20260901_091126\runs\run_goldstein_price_20260901_131922_689057_39f5\OPT\metadata.json,C:\dev\PIDO\IIT_PIDO\result\bench\aion\20260901_091126\runs\run_goldstein_price_20260901_131922_689057_39f5\Explorer\metadata_S4_dual.json,C:\dev\PIDO\IIT_PIDO\result\bench\aion\20260901_091126\runs\run_goldstein_price_20260901_131922_689057_39f5\Explorer\artifacts\public\S4_dual\selected_bounds.json,C:\dev\PIDO\IIT_PIDO\result\bench\aion\20260901_091126\runs\run_goldstein_price_20260901_131922_689057_39f5
44,9,goldstein_price,8044,S4_dual,S4_dual,min,,,off,3.6,score_goal,3.0001973902941765,3.0001973902941765,False,True,True,3.0001973902941765,False,True,True,False,False,350,12,0.22,0.78,0.0,0.0,0.0,1,0,0,0,0,0,,2.8824142464767086,False,False,normal,LCB,True,6,350,True,True,"[""x2"", ""x1""]",2,2,0,100.0,True,0.24990000000033927,24.990000000033927,True,True,True,True,True,C:\dev\PIDO\IIT_PIDO\result\bench\aion\20260901_091126\runs\run_goldstein_price_20260901_132225_459277_7c98\OPT\artifacts\public\opt_results.csv,C:\dev\PIDO\IIT_PIDO\result\bench\aion\20260901_091126\runs\run_goldstein_price_20260901_132225_459277_7c98\OPT\metadata.json,C:\dev\PIDO\IIT_PIDO\result\bench\aion\20260901_091126\runs\run_goldstein_price_20260901_132225_459277_7c98\Explorer\metadata_S4_dual.json,C:\dev\PIDO\IIT_PIDO\result\bench\aion\20260901_091126\runs\run_goldstein_price_20260901_132225_459277_7c98\Explorer\artifacts\public\S4_dual\selected_bounds.json,C:\dev\PIDO\IIT_PIDO\result\bench\aion\20260901_091126\runs\run_goldstein_price_20260901_132225_459277_7c98
45,10,goldstein_price,9044,S4_dual,S4_dual,min,,,off,3.6,score_goal,3.0000254357121374,3.0000254357121374,False,True,True,3.000025435712137,False,True,True,False,False,350,6,0.16,0.84,0.0,0.0,0.0,3,22,0,5,0,0,,2.978821456589454,False,False,normal,LCB,True,18,350,True,True,"[""x2"", ""x1""]",2,2,0,100.0,True,0.24990000000000004,24.990000000000006,True,True,True,True,True,C:\dev\PIDO\IIT_PIDO\result\bench\aion\20260901_091126\runs\run_goldstein_price_20260901_132507_092443_f786\OPT\artifacts\public\opt_results.csv,C:\dev\PIDO\IIT_PIDO\result\bench\aion\20260901_091126\runs\run_goldstein_price_20260901_132507_092443_f786\OPT\metadata.json,C:\dev\PIDO\IIT_PIDO\result\bench\aion\20260901_091126\runs\run_goldstein_price_20260901_132507_092443_f786\Explorer\metadata_S4_dual.json,C:\dev\PIDO\IIT_PIDO\result\bench\aion\20260901_091126\runs\run_goldstein_price_20260901_132507_092443_f786\Explorer\artifacts\public\S4_dual\selected_bounds.json,C:\dev\PIDO\IIT_PIDO\result\bench\aion\20260901_091126\runs\run_goldstein_price_20260901_132507_092443_f786
46,11,goldstein_price,10044,S4_dual,S4_dual,min,,,off,3.6,score_goal,3.00011222928245,3.00011222928245,False,True,True,3.00011222928245,False,True,True,False,False,350,9,0.22,0.78,0.0,0.0,0.0,1,0,0,0,0,0,,2.56776263555871,False,False,normal,LCB,True,9,350,True,True,"[""x2"", ""x1""]",2,2,0,100.0,True,0.2499,24.990000000000002,True,True,True,True,True,C:\dev\PIDO\IIT_PIDO\result\bench\aion\20260901_091126\runs\run_goldstein_price_20260901_132826_310103_372e\OPT\artifacts\public\opt_results.csv,C:\dev\PIDO\IIT_PIDO\result\bench\aion\20260901_091126\runs\run_goldstein_price_20260901_132826_310103_372e\OPT\metadata.json,C:\dev\PIDO\IIT_PIDO\result\bench\aion\20260901_091126\runs\run_goldstein_price_20260901_132826_310103_372e\Explorer\metadata_S4_dual.json,C:\dev\PIDO\IIT_PIDO\result\bench\aion\20260901_091126\runs\run_goldstein_price_20260901_132826_310103_372e\Explorer\artifacts\public\S4_dual\selected_bounds.json,C:\dev\PIDO\IIT_PIDO\result\bench\aion\20260901_091126\runs\run_goldstein_price_20260901_132826_310103_372e
47,12,goldstein_price,11044,S4_dual,S4_dual,min,,,off,3.6,score_goal,3.0001117042965717,3.0001117042965717,False,True,True,3.000111704296572,False,True,True,False,False,350,7,0.22,0.78,0.0,0.0,0.0,0,0,0,0,0,1,,2.6984325023977407,False,False,normal,LCB,True,3,350,True,True,"[""x2"", ""x1""]",2,2,0,100.0,True,0.2499,24.990000000000002,True,True,True,True,True,C:\dev\PIDO\IIT_PIDO\result\bench\aion\20260901_091126\runs\run_goldstein_price_20260901_133110_887987_8754\OPT\artifacts\public\opt_results.csv,C:\dev\PIDO\IIT_PIDO\result\bench\aion\20260901_091126\runs\run_goldstein_price_20260901_133110_887987_8754\OPT\metadata.json,C:\dev\PIDO\IIT_PIDO\result\bench\aion\20260901_091126\runs\run_goldstein_price_20260901_133110_887987_8754\Explorer\metadata_S4_dual.json,C:\dev\PIDO\IIT_PIDO\result\bench\aion\20260901_091126\runs\run_goldstein_price_20260901_133110_887987_8754\Explorer\artifacts\public\S4_dual\selected_bounds.json,C:\dev\PIDO\IIT_PIDO\result\bench\aion\20260901_091126\runs\run_goldstein_price_20260901_133110_887987_8754
48,13,goldstein_price,12044,S4_dual,S4_dual,min,,,off,3.6,score_goal,3.0012287323596643,3.0012287323596643,False,True,True,3.0012287323596643,False,True,True,False,False,350,10,0.2709090909090909,0.62,0.0,0.0181818181818181,0.0909090909090909,8,18,0,0,1,3,,2.9869652351116542,False,False,normal,MEAN,False,0,350,True,True,"[""x2"", ""x1""]",2,2,0,100.0,True,0.24990000000040286,24.990000000040286,True,True,True,True,True,C:\dev\PIDO\IIT_PIDO\result\bench\aion\20260901_091126\runs\run_goldstein_price_20260901_133431_182578_d42f\OPT\artifacts\public\opt_results.csv,C:\dev\PIDO\IIT_PIDO\result\bench\aion\20260901_091126\runs\run_goldstein_price_20260901_133431_182578_d42f\OPT\metadata.json,C:\dev\PIDO\IIT_PIDO\result\bench\aion\20260901_091126\runs\run_goldstein_price_20260901_133431_182578_d42f\Explorer\metadata_S4_dual.json,C:\dev\PIDO\IIT_PIDO\result\bench\aion\20260901_091126\runs\run_goldstein_price_20260901_133431_182578_d42f\Explorer\artifacts\public\S4_dual\selected_bounds.json,C:\dev\PIDO\IIT_PIDO\result\bench\aion\20260901_091126\runs\run_goldstein_price_20260901_133431_182578_d42f
49,14,goldstein_price,13044,S4_dual,S4_dual,min,,,off,3.6,score_goal,3.0000276330347777,3.0000276330347777,False,True,True,3.0000276330347777,False,True,True,False,False,350,6,0.2709090909090909,0.62,0.0,0.0181818181818181,0.0909090909090909,0,1,0,0,0,0,,2.942315275178004,False,False,normal,MEAN,False,0,350,True,True,"[""x2"", ""x1""]",2,2,0,100.0,True,0.2499,24.990000000000002,True,True,True,True,True,C:\dev\PIDO\IIT_PIDO\result\bench\aion\20260901_091126\runs\run_goldstein_price_20260901_133712_443750_5584\OPT\artifacts\public\opt_results.csv,C:\dev\PIDO\IIT_PIDO\result\bench\aion\20260901_091126\runs\run_goldstein_price_20260901_133712_443750_5584\OPT\metadata.json,C:\dev\PIDO\IIT_PIDO\result\bench\aion\20260901_091126\runs\run_goldstein_price_20260901_133712_443750_5584\Explorer\metadata_S4_dual.json,C:\dev\PIDO\IIT_PIDO\result\bench\aion\20260901_091126\runs\run_goldstein_price_20260901_133712_443750_5584\Explorer\artifacts\public\S4_dual\selected_bounds.json,C:\dev\PIDO\IIT_PIDO\result\bench\aion\20260901_091126\runs\run_goldstein_price_20260901_133712_443750_5584
50,15,goldstein_price,14044,S4_dual,S4_dual,min,,,off,3.6,score_goal,3.0002704658704413,3.0002704658704413,False,True,True,3.0002704658704413,False,True,True,False,False,350,6,0.22,0.78,0.0,0.0,0.0,7,23,0,0,0,0,,1.631311072575324,False,False,normal,LCB,True,3,350,True,True,"[""x2"", ""x1""]",2,2,0,100.0,True,0.24990000000032245,24.990000000032246,True,True,True,True,True,C:\dev\PIDO\IIT_PIDO\result\bench\aion\20260901_091126\runs\run_goldstein_price_20260901_133959_418706_41e4\OPT\artifacts\public\opt_results.csv,C:\dev\PIDO\IIT_PIDO\result\bench\aion\20260901_091126\runs\run_goldstein_price_20260901_133959_418706_41e4\OPT\metadata.json,C:\dev\PIDO\IIT_PIDO\result\bench\aion\20260901_091126\runs\run_goldstein_price_20260901_133959_418706_41e4\Explorer\metadata_S4_dual.json,C:\dev\PIDO\IIT_PIDO\result\bench\aion\20260901_091126\runs\run_goldstein_price_20260901_133959_418706_41e4\Explorer\artifacts\public\S4_dual\selected_bounds.json,C:\dev\PIDO\IIT_PIDO\result\bench\aion\20260901_091126\runs\run_goldstein_price_20260901_133959_418706_41e4
51,16,goldstein_price,15044,S4_dual,S4_dual,min,,,off,3.6,score_goal,3.0001289657558856,3.0001289657558856,False,True,True,3.0001289657558856,False,True,True,False,False,350,5,0.22,0.78,0.0,0.0,0.0,0,0,0,0,0,1,,2.9813250136340232,False,False,normal,LCB,True,9,350,True,True,"[""x2"", ""x1""]",2,2,0,100.0,True,0.24990000000044002,24.990000000044002,True,True,True,True,True,C:\dev\PIDO\IIT_PIDO\result\bench\aion\20260901_091126\runs\run_goldstein_price_20260901_134324_947028_8305\OPT\artifacts\public\opt_results.csv,C:\dev\PIDO\IIT_PIDO\result\bench\aion\20260901_091126\runs\run_goldstein_price_20260901_134324_947028_8305\OPT\metadata.json,C:\dev\PIDO\IIT_PIDO\result\bench\aion\20260901_091126\runs\run_goldstein_price_20260901_134324_947028_8305\Explorer\metadata_S4_dual.json,C:\dev\PIDO\IIT_PIDO\result\bench\aion\20260901_091126\runs\run_goldstein_price_20260901_134324_947028_8305\Explorer\artifacts\public\S4_dual\selected_bounds.json,C:\dev\PIDO\IIT_PIDO\result\bench\aion\20260901_091126\runs\run_goldstein_price_20260901_134324_947028_8305
52,17,goldstein_price,16044,S4_dual,S4_dual,min,,,off,3.6,score_goal,3.0006528459011537,3.0006528459011537,False,True,True,3.0006528459011537,False,True,True,False,False,350,6,0.16,0.84,0.0,0.0,0.0,3,22,0,5,0,0,,2.967041981310728,False,False,normal,LCB,True,11,350,True,True,"[""x2"", ""x1""]",2,2,0,100.0,True,0.24990000000039414,24.990000000039416,True,True,True,True,True,C:\dev\PIDO\IIT_PIDO\result\bench\aion\20260901_091126\runs\run_goldstein_price_20260901_134602_193205_0345\OPT\artifacts\public\opt_results.csv,C:\dev\PIDO\IIT_PIDO\result\bench\aion\20260901_091126\runs\run_goldstein_price_20260901_134602_193205_0345\OPT\metadata.json,C:\dev\PIDO\IIT_PIDO\result\bench\aion\20260901_091126\runs\run_goldstein_price_20260901_134602_193205_0345\Explorer\metadata_S4_dual.json,C:\dev\PIDO\IIT_PIDO\result\bench\aion\20260901_091126\runs\run_goldstein_price_20260901_134602_193205_0345\Explorer\artifacts\public\S4_dual\selected_bounds.json,C:\dev\PIDO\IIT_PIDO\result\bench\aion\20260901_091126\runs\run_goldstein_price_20260901_134602_193205_0345
53,18,goldstein_price,17044,S4_dual,S4_dual,min,,,off,3.6,score_goal,3.000024130552004,3.000024130552004,False,True,True,3.000024130552004,False,True,True,False,False,350,8,0.22,0.78,0.0,0.0,0.0,0,0,0,0,1,0,,1.2739758633567737,False,False,normal,LCB,True,7,350,True,True,"[""x2"", ""x1""]",2,2,0,100.0,True,0.24990000000000004,24.990000000000006,True,True,True,True,True,C:\dev\PIDO\IIT_PIDO\result\bench\aion\20260901_091126\runs\run_goldstein_price_20260901_134905_127907_2c89\OPT\artifacts\public\opt_results.csv,C:\dev\PIDO\IIT_PIDO\result\bench\aion\20260901_091126\runs\run_goldstein_price_20260901_134905_127907_2c89\OPT\metadata.json,C:\dev\PIDO\IIT_PIDO\result\bench\aion\20260901_091126\runs\run_goldstein_price_20260901_134905_127907_2c89\Explorer\metadata_S4_dual.json,C:\dev\PIDO\IIT_PIDO\result\bench\aion\20260901_091126\runs\run_goldstein_price_20260901_134905_127907_2c89\Explorer\artifacts\public\S4_dual\selected_bounds.json,C:\dev\PIDO\IIT_PIDO\result\bench\aion\20260901_091126\runs\run_goldstein_price_20260901_134905_127907_2c89
54,19,goldstein_price,18044,S4_dual,S4_dual,min,,,off,3.6,score_goal,3.0001514137971825,3.0001514137971825,False,True,True,3.0001514137971825,False,True,True,False,False,350,5,0.16,0.84,0.0,0.0,0.0,0,0,0,0,0,1,,-0.5772084492452678,False,False,normal,LCB,True,17,350,True,True,"[""x2"", ""x1""]",2,2,0,100.0,True,0.24990000000036894,24.990000000036893,True,True,True,True,True,C:\dev\PIDO\IIT_PIDO\result\bench\aion\20260901_091126\runs\run_goldstein_price_20260901_135132_919546_cdb2\OPT\artifacts\public\opt_results.csv,C:\dev\PIDO\IIT_PIDO\result\bench\aion\20260901_091126\runs\run_goldstein_price_20260901_135132_919546_cdb2\OPT\metadata.json,C:\dev\PIDO\IIT_PIDO\result\bench\aion\20260901_091126\runs\run_goldstein_price_20260901_135132_919546_cdb2\Explorer\metadata_S4_dual.json,C:\dev\PIDO\IIT_PIDO\result\bench\aion\20260901_091126\runs\run_goldstein_price_20260901_135132_919546_cdb2\Explorer\artifacts\public\S4_dual\selected_bounds.json,C:\dev\PIDO\IIT_PIDO\result\bench\aion\20260901_091126\runs\run_goldstein_price_20260901_135132_919546_cdb2
55,20,goldstein_price,19044,S4_dual,S4_dual,min,,,off,3.6,score_goal,3.0002732646709624,3.0002732646709624,False,True,True,3.0002732646709624,False,True,True,False,False,350,7,0.16,0.84,0.0,0.0,0.0,3,22,0,5,0,0,,2.2090265452401483,False,False,normal,LCB,True,13,350,True,True,"[""x2"", ""x1""]",2,2,0,100.0,True,0.24990000000028476,24.990000000028477,True,True,True,True,True,C:\dev\PIDO\IIT_PIDO\result\bench\aion\20260901_091126\runs\run_goldstein_price_20260901_135423_134652_766c\OPT\artifacts\public\opt_results.csv,C:\dev\PIDO\IIT_PIDO\result\bench\aion\20260901_091126\runs\run_goldstein_price_20260901_135423_134652_766c\OPT\metadata.json,C:\dev\PIDO\IIT_PIDO\result\bench\aion\20260901_091126\runs\run_goldstein_price_20260901_135423_134652_766c\Explorer\metadata_S4_dual.json,C:\dev\PIDO\IIT_PIDO\result\bench\aion\20260901_091126\runs\run_goldstein_price_20260901_135423_134652_766c\Explorer\artifacts\public\S4_dual\selected_bounds.json,C:\dev\PIDO\IIT_PIDO\result\bench\aion\20260901_091126\runs\run_goldstein_price_20260901_135423_134652_766c
56,21,goldstein_price,20044,S4_dual,S4_dual,min,,,off,3.6,score_goal,3.0000327072442823,3.0000327072442823,False,True,True,3.0000327072442823,False,True,True,False,False,350,9,0.16,0.84,0.0,0.0,0.0,3,22,0,5,0,0,,2.669862569926146,False,False,normal,LCB,True,17,350,True,True,"[""x2"", ""x1""]",2,2,0,100.0,True,0.24990000000045415,24.990000000045416,True,True,True,True,True,C:\dev\PIDO\IIT_PIDO\result\bench\aion\20260901_091126\runs\run_goldstein_price_20260901_135731_501290_ed76\OPT\artifacts\public\opt_results.csv,C:\dev\PIDO\IIT_PIDO\result\bench\aion\20260901_091126\runs\run_goldstein_price_20260901_135731_501290_ed76\OPT\metadata.json,C:\dev\PIDO\IIT_PIDO\result\bench\aion\20260901_091126\runs\run_goldstein_price_20260901_135731_501290_ed76\Explorer\metadata_S4_dual.json,C:\dev\PIDO\IIT_PIDO\result\bench\aion\20260901_091126\runs\run_goldstein_price_20260901_135731_501290_ed76\Explorer\artifacts\public\S4_dual\selected_bounds.json,C:\dev\PIDO\IIT_PIDO\result\bench\aion\20260901_091126\runs\run_goldstein_price_20260901_135731_501290_ed76
57,22,goldstein_price,21044,S4_dual,S4_dual,min,,,off,3.6,score_goal,3.00043874922013,3.00043874922013,False,True,True,3.00043874922013,False,True,True,False,False,350,8,0.22,0.78,0.0,0.0,0.0,5,20,0,5,0,0,,2.8000366598644444,False,False,normal,LCB,True,7,350,True,True,"[""x2"", ""x1""]",2,2,0,100.0,True,0.24990000000000007,24.990000000000006,True,True,True,True,True,C:\dev\PIDO\IIT_PIDO\result\bench\aion\20260901_091126\runs\run_goldstein_price_20260901_140040_299861_8725\OPT\artifacts\public\opt_results.csv,C:\dev\PIDO\IIT_PIDO\result\bench\aion\20260901_091126\runs\run_goldstein_price_20260901_140040_299861_8725\OPT\metadata.json,C:\dev\PIDO\IIT_PIDO\result\bench\aion\20260901_091126\runs\run_goldstein_price_20260901_140040_299861_8725\Explorer\metadata_S4_dual.json,C:\dev\PIDO\IIT_PIDO\result\bench\aion\20260901_091126\runs\run_goldstein_price_20260901_140040_299861_8725\Explorer\artifacts\public\S4_dual\selected_bounds.json,C:\dev\PIDO\IIT_PIDO\result\bench\aion\20260901_091126\runs\run_goldstein_price_20260901_140040_299861_8725
58,23,goldstein_price,22044,S4_dual,S4_dual,min,,,off,3.6,score_goal,3.0003389576754724,3.0003389576754724,False,True,True,3.0003389576754724,False,True,True,False,False,350,7,0.22,0.78,0.0,0.0,0.0,0,0,0,0,0,1,,2.549507538475123,False,False,normal,LCB,True,3,350,True,True,"[""x2"", ""x1""]",2,2,0,100.0,True,0.2499000000004066,24.99000000004066,True,True,True,True,True,C:\dev\PIDO\IIT_PIDO\result\bench\aion\20260901_091126\runs\run_goldstein_price_20260901_140359_889968_284a\OPT\artifacts\public\opt_results.csv,C:\dev\PIDO\IIT_PIDO\result\bench\aion\20260901_091126\runs\run_goldstein_price_20260901_140359_889968_284a\OPT\metadata.json,C:\dev\PIDO\IIT_PIDO\result\bench\aion\20260901_091126\runs\run_goldstein_price_20260901_140359_889968_284a\Explorer\metadata_S4_dual.json,C:\dev\PIDO\IIT_PIDO\result\bench\aion\20260901_091126\runs\run_goldstein_price_20260901_140359_889968_284a\Explorer\artifacts\public\S4_dual\selected_bounds.json,C:\dev\PIDO\IIT_PIDO\result\bench\aion\20260901_091126\runs\run_goldstein_price_20260901_140359_889968_284a
59,24,goldstein_price,23044,S4_dual,S4_dual,min,,,off,3.6,score_goal,3.0001205278784493,3.0001205278784493,False,True,True,3.0001205278784493,False,True,True,False,False,350,8,0.2709090909090909,0.62,0.0,0.0181818181818181,0.0909090909090909,1,0,0,0,0,0,,2.967216975923208,False,False,normal,MEAN,False,0,350,True,True,"[""x2"", ""x1""]",2,2,0,100.0,True,0.2499000000000001,24.99000000000001,True,True,True,True,True,C:\dev\PIDO\IIT_PIDO\result\bench\aion\20260901_091126\runs\run_goldstein_price_20260901_140642_925280_c345\OPT\artifacts\public\opt_results.csv,C:\dev\PIDO\IIT_PIDO\result\bench\aion\20260901_091126\runs\run_goldstein_price_20260901_140642_925280_c345\OPT\metadata.json,C:\dev\PIDO\IIT_PIDO\result\bench\aion\20260901_091126\runs\run_goldstein_price_20260901_140642_925280_c345\Explorer\metadata_S4_dual.json,C:\dev\PIDO\IIT_PIDO\result\bench\aion\20260901_091126\runs\run_goldstein_price_20260901_140642_925280_c345\Explorer\artifacts\public\S4_dual\selected_bounds.json,C:\dev\PIDO\IIT_PIDO\result\bench\aion\20260901_091126\runs\run_goldstein_price_20260901_140642_925280_c345
60,25,goldstein_price,24044,S4_dual,S4_dual,min,,,off,3.6,score_goal,3.0005306552832782,3.0005306552832782,False,True,True,3.0005306552832782,False,True,True,False,False,350,13,0.2709090909090909,0.62,0.0,0.0181818181818181,0.0909090909090909,8,19,0,0,0,3,,2.957054628434207,False,False,normal,MEAN,False,0,350,True,True,"[""x2"", ""x1""]",2,2,0,100.0,True,0.24990000000000004,24.990000000000006,True,True,True,True,True,C:\dev\PIDO\IIT_PIDO\result\bench\aion\20260901_091126\runs\run_goldstein_price_20260901_140923_668274_ae9f\OPT\artifacts\public\opt_results.csv,C:\dev\PIDO\IIT_PIDO\result\bench\aion\20260901_091126\runs\run_goldstein_price_20260901_140923_668274_ae9f\OPT\metadata.json,C:\dev\PIDO\IIT_PIDO\result\bench\aion\20260901_091126\runs\run_goldstein_price_20260901_140923_668274_ae9f\Explorer\metadata_S4_dual.json,C:\dev\PIDO\IIT_PIDO\result\bench\aion\20260901_091126\runs\run_goldstein_price_20260901_140923_668274_ae9f\Explorer\artifacts\public\S4_dual\selected_bounds.json,C:\dev\PIDO\IIT_PIDO\result\bench\aion\20260901_091126\runs\run_goldstein_price_20260901_140923_668274_ae9f
61,26,goldstein_price,25044,S4_dual,S4_dual,min,,,off,3.6,score_goal,3.000103729428219,3.000103729428219,False,True,True,3.000103729428219,False,True,True,False,False,350,9,0.22,0.78,0.0,0.0,0.0,5,20,0,5,0,0,,2.9433471246864857,False,False,normal,LCB,True,4,350,True,True,"[""x2"", ""x1""]",2,2,0,100.0,True,0.2499,24.990000000000002,True,True,True,True,True,C:\dev\PIDO\IIT_PIDO\result\bench\aion\20260901_091126\runs\run_goldstein_price_20260901_141204_754894_bb40\OPT\artifacts\public\opt_results.csv,C:\dev\PIDO\IIT_PIDO\result\bench\aion\20260901_091126\runs\run_goldstein_price_20260901_141204_754894_bb40\OPT\metadata.json,C:\dev\PIDO\IIT_PIDO\result\bench\aion\20260901_091126\runs\run_goldstein_price_20260901_141204_754894_bb40\Explorer\metadata_S4_dual.json,C:\dev\PIDO\IIT_PIDO\result\bench\aion\20260901_091126\runs\run_goldstein_price_20260901_141204_754894_bb40\Explorer\artifacts\public\S4_dual\selected_bounds.json,C:\dev\PIDO\IIT_PIDO\result\bench\aion\20260901_091126\runs\run_goldstein_price_20260901_141204_754894_bb40
62,27,goldstein_price,26044,S4_dual,S4_dual,min,,,off,3.6,score_goal,3.0000722447351733,3.0000722447351733,False,True,True,3.0000722447351733,False,True,True,False,False,350,8,0.16,0.84,0.0,0.0,0.0,3,22,0,5,0,0,,2.8131555882065604,False,False,normal,LCB,True,16,350,True,True,"[""x2"", ""x1""]",2,2,0,100.0,True,0.24990000000000004,24.990000000000006,True,True,True,True,True,C:\dev\PIDO\IIT_PIDO\result\bench\aion\20260901_091126\runs\run_goldstein_price_20260901_141456_276364_9127\OPT\artifacts\public\opt_results.csv,C:\dev\PIDO\IIT_PIDO\result\bench\aion\20260901_091126\runs\run_goldstein_price_20260901_141456_276364_9127\OPT\metadata.json,C:\dev\PIDO\IIT_PIDO\result\bench\aion\20260901_091126\runs\run_goldstein_price_20260901_141456_276364_9127\Explorer\metadata_S4_dual.json,C:\dev\PIDO\IIT_PIDO\result\bench\aion\20260901_091126\runs\run_goldstein_price_20260901_141456_276364_9127\Explorer\artifacts\public\S4_dual\selected_bounds.json,C:\dev\PIDO\IIT_PIDO\result\bench\aion\20260901_091126\runs\run_goldstein_price_20260901_141456_276364_9127
63,28,goldstein_price,27044,S4_dual,S4_dual,min,,,off,3.6,score_goal,3.0003867617922904,3.0003867617922904,False,True,True,3.0003867617922904,False,True,True,False,False,350,10,0.2709090909090909,0.62,0.0,0.0181818181818181,0.0909090909090909,8,18,0,0,1,3,,2.246854279484978,False,False,normal,MEAN,False,0,350,True,True,"[""x2"", ""x1""]",2,2,0,100.0,True,0.24990000000039322,24.990000000039323,True,True,True,True,True,C:\dev\PIDO\IIT_PIDO\result\bench\aion\20260901_091126\runs\run_goldstein_price_20260901_141737_853243_2641\OPT\artifacts\public\opt_results.csv,C:\dev\PIDO\IIT_PIDO\result\bench\aion\20260901_091126\runs\run_goldstein_price_20260901_141737_853243_2641\OPT\metadata.json,C:\dev\PIDO\IIT_PIDO\result\bench\aion\20260901_091126\runs\run_goldstein_price_20260901_141737_853243_2641\Explorer\metadata_S4_dual.json,C:\dev\PIDO\IIT_PIDO\result\bench\aion\20260901_091126\runs\run_goldstein_price_20260901_141737_853243_2641\Explorer\artifacts\public\S4_dual\selected_bounds.json,C:\dev\PIDO\IIT_PIDO\result\bench\aion\20260901_091126\runs\run_goldstein_price_20260901_141737_853243_2641
64,29,goldstein_price,28044,S4_dual,S4_dual,min,,,off,3.6,score_goal,3.000055270754381,3.000055270754381,False,True,True,3.000055270754381,False,True,True,False,False,350,6,0.16,0.84,0.0,0.0,0.0,0,1,0,0,0,0,,2.9325807406442945,False,False,normal,LCB,True,21,350,True,True,"[""x2"", ""x1""]",2,2,0,100.0,True,0.24990000000041457,24.990000000041455,True,True,True,True,True,C:\dev\PIDO\IIT_PIDO\result\bench\aion\20260901_091126\runs\run_goldstein_price_20260901_142008_113132_a5dc\OPT\artifacts\public\opt_results.csv,C:\dev\PIDO\IIT_PIDO\result\bench\aion\20260901_091126\runs\run_goldstein_price_20260901_142008_113132_a5dc\OPT\metadata.json,C:\dev\PIDO\IIT_PIDO\result\bench\aion\20260901_091126\runs\run_goldstein_price_20260901_142008_113132_a5dc\Explorer\metadata_S4_dual.json,C:\dev\PIDO\IIT_PIDO\result\bench\aion\20260901_091126\runs\run_goldstein_price_20260901_142008_113132_a5dc\Explorer\artifacts\public\S4_dual\selected_bounds.json,C:\dev\PIDO\IIT_PIDO\result\bench\aion\20260901_091126\runs\run_goldstein_price_20260901_142008_113132_a5dc
65,30,goldstein_price,29044,S4_dual,S4_dual,min,,,off,3.6,score_goal,3.000053591156579,3.000053591156579,False,True,True,3.000053591156579,False,True,True,False,False,350,10,0.22,0.78,0.0,0.0,0.0,5,20,0,5,0,0,,2.9511487251848822,False,False,normal,LCB,True,7,350,True,True,"[""x2"", ""x1""]",2,2,0,100.0,True,0.24990000000040138,24.990000000040137,True,True,True,True,True,C:\dev\PIDO\IIT_PIDO\result\bench\aion\20260901_091126\runs\run_goldstein_price_20260901_142323_140097_9aa7\OPT\artifacts\public\opt_results.csv,C:\dev\PIDO\IIT_PIDO\result\bench\aion\20260901_091126\runs\run_goldstein_price_20260901_142323_140097_9aa7\OPT\metadata.json,C:\dev\PIDO\IIT_PIDO\result\bench\aion\20260901_091126\runs\run_goldstein_price_20260901_142323_140097_9aa7\Explorer\metadata_S4_dual.json,C:\dev\PIDO\IIT_PIDO\result\bench\aion\20260901_091126\runs\run_goldstein_price_20260901_142323_140097_9aa7\Explorer\artifacts\public\S4_dual\selected_bounds.json,C:\dev\PIDO\IIT_PIDO\result\bench\aion\20260901_091126\runs\run_goldstein_price_20260901_142323_140097_9aa7
66,31,goldstein_price,30044,S4_dual,S4_dual,min,,,off,3.6,score_goal,3.000173365320761,3.000173365320761,False,True,True,3.000173365320761,False,True,True,False,False,350,7,0.22,0.78,0.0,0.0,0.0,0,1,0,0,0,0,,2.934536521584882,False,False,normal,LCB,True,4,350,True,True,"[""x2"", ""x1""]",2,2,0,100.0,True,0.24990000000000015,24.990000000000016,True,True,True,True,True,C:\dev\PIDO\IIT_PIDO\result\bench\aion\20260901_091126\runs\run_goldstein_price_20260901_142610_167562_0fd7\OPT\artifacts\public\opt_results.csv,C:\dev\PIDO\IIT_PIDO\result\bench\aion\20260901_091126\runs\run_goldstein_price_20260901_142610_167562_0fd7\OPT\metadata.json,C:\dev\PIDO\IIT_PIDO\result\bench\aion\20260901_091126\runs\run_goldstein_price_20260901_142610_167562_0fd7\Explorer\metadata_S4_dual.json,C:\dev\PIDO\IIT_PIDO\result\bench\aion\20260901_091126\runs\run_goldstein_price_20260901_142610_167562_0fd7\Explorer\artifacts\public\S4_dual\selected_bounds.json,C:\dev\PIDO\IIT_PIDO\result\bench\aion\20260901_091126\runs\run_goldstein_price_20260901_142610_167562_0fd7
67,32,goldstein_price,31044,S4_dual,S4_dual,min,,,off,3.6,score_goal,3.000019693873043,3.000019693873043,False,True,True,3.000019693873043,False,True,True,False,False,350,6,0.2709090909090909,0.62,0.0,0.0181818181818181,0.0909090909090909,0,1,0,0,0,0,,2.9962345175627334,False,False,normal,MEAN,False,0,350,True,True,"[""x2"", ""x1""]",2,2,0,100.0,True,0.24990000000041174,24.990000000041174,True,True,True,True,True,C:\dev\PIDO\IIT_PIDO\result\bench\aion\20260901_091126\runs\run_goldstein_price_20260901_142858_398168_77e0\OPT\artifacts\public\opt_results.csv,C:\dev\PIDO\IIT_PIDO\result\bench\aion\20260901_091126\runs\run_goldstein_price_20260901_142858_398168_77e0\OPT\metadata.json,C:\dev\PIDO\IIT_PIDO\result\bench\aion\20260901_091126\runs\run_goldstein_price_20260901_142858_398168_77e0\Explorer\metadata_S4_dual.json,C:\dev\PIDO\IIT_PIDO\result\bench\aion\20260901_091126\runs\run_goldstein_price_20260901_142858_398168_77e0\Explorer\artifacts\public\S4_dual\selected_bounds.json,C:\dev\PIDO\IIT_PIDO\result\bench\aion\20260901_091126\runs\run_goldstein_price_20260901_142858_398168_77e0
68,33,goldstein_price,32044,S4_dual,S4_dual,min,,,off,3.6,score_goal,3.0002034136513727,3.0002034136513727,False,True,True,3.0002034136513727,False,True,True,False,False,350,10,0.22,0.78,0.0,0.0,0.0,1,0,0,0,0,0,,2.883624867898462,False,False,normal,LCB,True,6,350,True,True,"[""x2"", ""x1""]",2,2,0,100.0,True,0.2499000000000001,24.99000000000001,True,True,True,True,True,C:\dev\PIDO\IIT_PIDO\result\bench\aion\20260901_091126\runs\run_goldstein_price_20260901_143138_841734_d406\OPT\artifacts\public\opt_results.csv,C:\dev\PIDO\IIT_PIDO\result\bench\aion\20260901_091126\runs\run_goldstein_price_20260901_143138_841734_d406\OPT\metadata.json,C:\dev\PIDO\IIT_PIDO\result\bench\aion\20260901_091126\runs\run_goldstein_price_20260901_143138_841734_d406\Explorer\metadata_S4_dual.json,C:\dev\PIDO\IIT_PIDO\result\bench\aion\20260901_091126\runs\run_goldstein_price_20260901_143138_841734_d406\Explorer\artifacts\public\S4_dual\selected_bounds.json,C:\dev\PIDO\IIT_PIDO\result\bench\aion\20260901_091126\runs\run_goldstein_price_20260901_143138_841734_d406
69,34,goldstein_price,33044,S4_dual,S4_dual,min,,,off,3.6,score_goal,3.0001190942993277,3.0001190942993277,False,True,True,3.000119094299328,False,True,True,False,False,350,16,0.2709090909090909,0.62,0.0,0.0181818181818181,0.0909090909090909,0,0,0,0,1,0,,2.9981191620270096,False,False,normal,MEAN,False,0,350,True,True,"[""x2"", ""x1""]",2,2,0,100.0,True,0.24990000000000007,24.990000000000006,True,True,True,True,True,C:\dev\PIDO\IIT_PIDO\result\bench\aion\20260901_091126\runs\run_goldstein_price_20260901_143417_469387_65d9\OPT\artifacts\public\opt_results.csv,C:\dev\PIDO\IIT_PIDO\result\bench\aion\20260901_091126\runs\run_goldstein_price_20260901_143417_469387_65d9\OPT\metadata.json,C:\dev\PIDO\IIT_PIDO\result\bench\aion\20260901_091126\runs\run_goldstein_price_20260901_143417_469387_65d9\Explorer\metadata_S4_dual.json,C:\dev\PIDO\IIT_PIDO\result\bench\aion\20260901_091126\runs\run_goldstein_price_20260901_143417_469387_65d9\Explorer\artifacts\public\S4_dual\selected_bounds.json,C:\dev\PIDO\IIT_PIDO\result\bench\aion\20260901_091126\runs\run_goldstein_price_20260901_143417_469387_65d9
70,35,goldstein_price,34044,S4_dual,S4_dual,min,,,off,3.6,score_goal,3.0000411603999155,3.0000411603999155,False,True,True,3.0000411603999155,False,True,True,False,False,350,8,0.16,0.84,0.0,0.0,0.0,3,22,0,5,0,0,,2.900031385437289,False,False,normal,LCB,True,10,350,True,True,"[""x2"", ""x1""]",2,2,0,100.0,True,0.24990000000000007,24.990000000000006,True,True,True,True,True,C:\dev\PIDO\IIT_PIDO\result\bench\aion\20260901_091126\runs\run_goldstein_price_20260901_143649_836649_9b15\OPT\artifacts\public\opt_results.csv,C:\dev\PIDO\IIT_PIDO\result\bench\aion\20260901_091126\runs\run_goldstein_price_20260901_143649_836649_9b15\OPT\metadata.json,C:\dev\PIDO\IIT_PIDO\result\bench\aion\20260901_091126\runs\run_goldstein_price_20260901_143649_836649_9b15\Explorer\metadata_S4_dual.json,C:\dev\PIDO\IIT_PIDO\result\bench\aion\20260901_091126\runs\run_goldstein_price_20260901_143649_836649_9b15\Explorer\artifacts\public\S4_dual\selected_bounds.json,C:\dev\PIDO\IIT_PIDO\result\bench\aion\20260901_091126\runs\run_goldstein_price_20260901_143649_836649_9b15
71,36,goldstein_price,35044,S4_dual,S4_dual,min,,,off,3.6,score_goal,3.0000075049381354,3.0000075049381354,False,True,True,3.0000075049381354,False,True,True,False,False,350,7,0.16,0.84,0.0,0.0,0.0,3,22,0,5,0,0,,2.7370074715823645,False,False,normal,LCB,True,16,350,True,True,"[""x2"", ""x1""]",2,2,0,100.0,True,0.24990000000042653,24.990000000042652,True,True,True,True,True,C:\dev\PIDO\IIT_PIDO\result\bench\aion\20260901_091126\runs\run_goldstein_price_20260901_143932_258307_662b\OPT\artifacts\public\opt_results.csv,C:\dev\PIDO\IIT_PIDO\result\bench\aion\20260901_091126\runs\run_goldstein_price_20260901_143932_258307_662b\OPT\metadata.json,C:\dev\PIDO\IIT_PIDO\result\bench\aion\20260901_091126\runs\run_goldstein_price_20260901_143932_258307_662b\Explorer\metadata_S4_dual.json,C:\dev\PIDO\IIT_PIDO\result\bench\aion\20260901_091126\runs\run_goldstein_price_20260901_143932_258307_662b\Explorer\artifacts\public\S4_dual\selected_bounds.json,C:\dev\PIDO\IIT_PIDO\result\bench\aion\20260901_091126\runs\run_goldstein_price_20260901_143932_258307_662b
72,37,goldstein_price,36044,S4_dual,S4_dual,min,,,off,3.6,score_goal,3.000020559570874,3.000020559570874,False,True,True,3.000020559570874,False,True,True,False,False,350,8,0.16,0.84,0.0,0.0,0.0,3,22,0,5,0,0,,2.8669326542158924,False,False,normal,LCB,True,10,350,True,True,"[""x2"", ""x1""]",2,2,0,100.0,True,0.2499,24.990000000000002,True,True,True,True,True,C:\dev\PIDO\IIT_PIDO\result\bench\aion\20260901_091126\runs\run_goldstein_price_20260901_144221_641451_7785\OPT\artifacts\public\opt_results.csv,C:\dev\PIDO\IIT_PIDO\result\bench\aion\20260901_091126\runs\run_goldstein_price_20260901_144221_641451_7785\OPT\metadata.json,C:\dev\PIDO\IIT_PIDO\result\bench\aion\20260901_091126\runs\run_goldstein_price_20260901_144221_641451_7785\Explorer\metadata_S4_dual.json,C:\dev\PIDO\IIT_PIDO\result\bench\aion\20260901_091126\runs\run_goldstein_price_20260901_144221_641451_7785\Explorer\artifacts\public\S4_dual\selected_bounds.json,C:\dev\PIDO\IIT_PIDO\result\bench\aion\20260901_091126\runs\run_goldstein_price_20260901_144221_641451_7785
73,38,goldstein_price,37044,S4_dual,S4_dual,min,,,off,3.6,score_goal,3.000091735346655,3.000091735346655,False,True,True,3.000091735346655,False,True,True,False,False,350,7,0.16,0.84,0.0,0.0,0.0,3,22,0,5,0,0,,2.9059390853254827,False,False,normal,LCB,True,13,350,True,True,"[""x2"", ""x1""]",2,2,0,100.0,True,0.24990000000029539,24.99000000002954,True,True,True,True,True,C:\dev\PIDO\IIT_PIDO\result\bench\aion\20260901_091126\runs\run_goldstein_price_20260901_144529_110575_cc28\OPT\artifacts\public\opt_results.csv,C:\dev\PIDO\IIT_PIDO\result\bench\aion\20260901_091126\runs\run_goldstein_price_20260901_144529_110575_cc28\OPT\metadata.json,C:\dev\PIDO\IIT_PIDO\result\bench\aion\20260901_091126\runs\run_goldstein_price_20260901_144529_110575_cc28\Explorer\metadata_S4_dual.json,C:\dev\PIDO\IIT_PIDO\result\bench\aion\20260901_091126\runs\run_goldstein_price_20260901_144529_110575_cc28\Explorer\artifacts\public\S4_dual\selected_bounds.json,C:\dev\PIDO\IIT_PIDO\result\bench\aion\20260901_091126\runs\run_goldstein_price_20260901_144529_110575_cc28
74,39,goldstein_price,38044,S4_dual,S4_dual,min,,,off,3.6,score_goal,3.0002990179984192,3.0002990179984192,False,True,True,3.0002990179984192,False,True,True,False,False,350,8,0.22,0.78,0.0,0.0,0.0,5,20,0,5,0,0,,2.284864869033476,False,False,normal,LCB,True,6,350,True,True,"[""x2"", ""x1""]",2,2,0,100.0,True,0.24990000000039303,24.990000000039302,True,True,True,True,True,C:\dev\PIDO\IIT_PIDO\result\bench\aion\20260901_091126\runs\run_goldstein_price_20260901_144854_138105_3519\OPT\artifacts\public\opt_results.csv,C:\dev\PIDO\IIT_PIDO\result\bench\aion\20260901_091126\runs\run_goldstein_price_20260901_144854_138105_3519\OPT\metadata.json,C:\dev\PIDO\IIT_PIDO\result\bench\aion\20260901_091126\runs\run_goldstein_price_20260901_144854_138105_3519\Explorer\metadata_S4_dual.json,C:\dev\PIDO\IIT_PIDO\result\bench\aion\20260901_091126\runs\run_goldstein_price_20260901_144854_138105_3519\Explorer\artifacts\public\S4_dual\selected_bounds.json,C:\dev\PIDO\IIT_PIDO\result\bench\aion\20260901_091126\runs\run_goldstein_price_20260901_144854_138105_3519
75,40,goldstein_price,39044,S4_dual,S4_dual,min,,,off,3.6,score_goal,3.0000719362334745,3.0000719362334745,False,True,True,3.0000719362334745,False,True,True,False,False,350,8,0.22,0.78,0.0,0.0,0.0,0,0,0,0,0,1,,2.9105888747412774,False,False,normal,LCB,True,6,350,True,True,"[""x2"", ""x1""]",2,2,0,100.0,True,0.2499,24.990000000000002,True,True,True,True,True,C:\dev\PIDO\IIT_PIDO\result\bench\aion\20260901_091126\runs\run_goldstein_price_20260901_145204_217227_1f62\OPT\artifacts\public\opt_results.csv,C:\dev\PIDO\IIT_PIDO\result\bench\aion\20260901_091126\runs\run_goldstein_price_20260901_145204_217227_1f62\OPT\metadata.json,C:\dev\PIDO\IIT_PIDO\result\bench\aion\20260901_091126\runs\run_goldstein_price_20260901_145204_217227_1f62\Explorer\metadata_S4_dual.json,C:\dev\PIDO\IIT_PIDO\result\bench\aion\20260901_091126\runs\run_goldstein_price_20260901_145204_217227_1f62\Explorer\artifacts\public\S4_dual\selected_bounds.json,C:\dev\PIDO\IIT_PIDO\result\bench\aion\20260901_091126\runs\run_goldstein_price_20260901_145204_217227_1f62
76,41,goldstein_price,40044,S4_dual,S4_dual,min,,,off,3.6,score_goal,3.0001062882640355,3.0001062882640355,False,True,True,3.0001062882640355,False,True,True,False,False,350,9,0.16,0.84,0.0,0.0,0.0,0,0,0,0,1,0,,2.56217663880525,False,False,normal,LCB,True,12,350,True,True,"[""x2"", ""x1""]",2,2,0,100.0,True,0.2499,24.990000000000002,True,True,True,True,True,C:\dev\PIDO\IIT_PIDO\result\bench\aion\20260901_091126\runs\run_goldstein_price_20260901_145455_318794_6f8a\OPT\artifacts\public\opt_results.csv,C:\dev\PIDO\IIT_PIDO\result\bench\aion\20260901_091126\runs\run_goldstein_price_20260901_145455_318794_6f8a\OPT\metadata.json,C:\dev\PIDO\IIT_PIDO\result\bench\aion\20260901_091126\runs\run_goldstein_price_20260901_145455_318794_6f8a\Explorer\metadata_S4_dual.json,C:\dev\PIDO\IIT_PIDO\result\bench\aion\20260901_091126\runs\run_goldstein_price_20260901_145455_318794_6f8a\Explorer\artifacts\public\S4_dual\selected_bounds.json,C:\dev\PIDO\IIT_PIDO\result\bench\aion\20260901_091126\runs\run_goldstein_price_20260901_145455_318794_6f8a
77,42,goldstein_price,41044,S4_dual,S4_dual,min,,,off,3.6,score_goal,3.0001043578493447,3.0001043578493447,False,True,True,3.0001043578493447,False,True,True,False,False,350,6,0.22,0.78,0.0,0.0,0.0,5,20,0,5,0,0,,2.8993289660023134,False,False,normal,LCB,True,8,350,True,True,"[""x2"", ""x1""]",2,2,0,100.0,True,0.2499,24.990000000000002,True,True,True,True,True,C:\dev\PIDO\IIT_PIDO\result\bench\aion\20260901_091126\runs\run_goldstein_price_20260901_145726_063195_90f8\OPT\artifacts\public\opt_results.csv,C:\dev\PIDO\IIT_PIDO\result\bench\aion\20260901_091126\runs\run_goldstein_price_20260901_145726_063195_90f8\OPT\metadata.json,C:\dev\PIDO\IIT_PIDO\result\bench\aion\20260901_091126\runs\run_goldstein_price_20260901_145726_063195_90f8\Explorer\metadata_S4_dual.json,C:\dev\PIDO\IIT_PIDO\result\bench\aion\20260901_091126\runs\run_goldstein_price_20260901_145726_063195_90f8\Explorer\artifacts\public\S4_dual\selected_bounds.json,C:\dev\PIDO\IIT_PIDO\result\bench\aion\20260901_091126\runs\run_goldstein_price_20260901_145726_063195_90f8
78,43,goldstein_price,42044,S4_dual,S4_dual,min,,,off,3.6,score_goal,3.000146556512112,3.000146556512112,False,True,True,3.000146556512112,False,True,True,False,False,350,6,0.22,0.78,0.0,0.0,0.0,5,20,0,5,0,0,,2.95400996701388,False,False,normal,LCB,True,8,350,True,True,"[""x2"", ""x1""]",2,2,0,100.0,True,0.24990000000000004,24.990000000000006,True,True,True,True,True,C:\dev\PIDO\IIT_PIDO\result\bench\aion\20260901_091126\runs\run_goldstein_price_20260901_150005_093757_c58b\OPT\artifacts\public\opt_results.csv,C:\dev\PIDO\IIT_PIDO\result\bench\aion\20260901_091126\runs\run_goldstein_price_20260901_150005_093757_c58b\OPT\metadata.json,C:\dev\PIDO\IIT_PIDO\result\bench\aion\20260901_091126\runs\run_goldstein_price_20260901_150005_093757_c58b\Explorer\metadata_S4_dual.json,C:\dev\PIDO\IIT_PIDO\result\bench\aion\20260901_091126\runs\run_goldstein_price_20260901_150005_093757_c58b\Explorer\artifacts\public\S4_dual\selected_bounds.json,C:\dev\PIDO\IIT_PIDO\result\bench\aion\20260901_091126\runs\run_goldstein_price_20260901_150005_093757_c58b
79,44,goldstein_price,43044,S4_dual,S4_dual,min,,,off,3.6,score_goal,3.000914410596905,3.000914410596905,False,True,True,3.000914410596905,False,True,True,False,False,350,9,0.16,0.84,0.0,0.0,0.0,3,22,0,5,0,0,,2.724205760491769,False,False,normal,LCB,True,10,350,True,True,"[""x2"", ""x1""]",2,2,0,100.0,True,0.24990000000041115,24.990000000041114,True,True,True,True,True,C:\dev\PIDO\IIT_PIDO\result\bench\aion\20260901_091126\runs\run_goldstein_price_20260901_150239_653347_812c\OPT\artifacts\public\opt_results.csv,C:\dev\PIDO\IIT_PIDO\result\bench\aion\20260901_091126\runs\run_goldstein_price_20260901_150239_653347_812c\OPT\metadata.json,C:\dev\PIDO\IIT_PIDO\result\bench\aion\20260901_091126\runs\run_goldstein_price_20260901_150239_653347_812c\Explorer\metadata_S4_dual.json,C:\dev\PIDO\IIT_PIDO\result\bench\aion\20260901_091126\runs\run_goldstein_price_20260901_150239_653347_812c\Explorer\artifacts\public\S4_dual\selected_bounds.json,C:\dev\PIDO\IIT_PIDO\result\bench\aion\20260901_091126\runs\run_goldstein_price_20260901_150239_653347_812c
80,45,goldstein_price,44044,S4_dual,S4_dual,min,,,off,3.6,score_goal,3.000035184059481,3.000035184059481,False,True,True,3.000035184059481,False,True,True,False,False,350,7,0.16,0.84,0.0,0.0,0.0,4,24,0,2,0,0,,2.979011817306523,False,False,normal,LCB,True,17,350,True,True,"[""x2"", ""x1""]",2,2,0,100.0,True,0.24990000000041251,24.990000000041253,True,True,True,True,True,C:\dev\PIDO\IIT_PIDO\result\bench\aion\20260901_091126\runs\run_goldstein_price_20260901_150533_967913_7cda\OPT\artifacts\public\opt_results.csv,C:\dev\PIDO\IIT_PIDO\result\bench\aion\20260901_091126\runs\run_goldstein_price_20260901_150533_967913_7cda\OPT\metadata.json,C:\dev\PIDO\IIT_PIDO\result\bench\aion\20260901_091126\runs\run_goldstein_price_20260901_150533_967913_7cda\Explorer\metadata_S4_dual.json,C:\dev\PIDO\IIT_PIDO\result\bench\aion\20260901_091126\runs\run_goldstein_price_20260901_150533_967913_7cda\Explorer\artifacts\public\S4_dual\selected_bounds.json,C:\dev\PIDO\IIT_PIDO\result\bench\aion\20260901_091126\runs\run_goldstein_price_20260901_150533_967913_7cda
81,46,goldstein_price,45044,S4_dual,S4_dual,min,,,off,3.6,score_goal,3.0001018198224005,3.0001018198224005,False,True,True,3.0001018198224005,False,True,True,False,False,350,9,0.22,0.78,0.0,0.0,0.0,6,22,0,2,0,0,,1.401533492565876,False,False,normal,LCB,True,9,350,True,True,"[""x2"", ""x1""]",2,2,0,100.0,True,0.24990000000000004,24.990000000000006,True,True,True,True,True,C:\dev\PIDO\IIT_PIDO\result\bench\aion\20260901_091126\runs\run_goldstein_price_20260901_150823_158255_08a1\OPT\artifacts\public\opt_results.csv,C:\dev\PIDO\IIT_PIDO\result\bench\aion\20260901_091126\runs\run_goldstein_price_20260901_150823_158255_08a1\OPT\metadata.json,C:\dev\PIDO\IIT_PIDO\result\bench\aion\20260901_091126\runs\run_goldstein_price_20260901_150823_158255_08a1\Explorer\metadata_S4_dual.json,C:\dev\PIDO\IIT_PIDO\result\bench\aion\20260901_091126\runs\run_goldstein_price_20260901_150823_158255_08a1\Explorer\artifacts\public\S4_dual\selected_bounds.json,C:\dev\PIDO\IIT_PIDO\result\bench\aion\20260901_091126\runs\run_goldstein_price_20260901_150823_158255_08a1
82,47,goldstein_price,46044,S4_dual,S4_dual,min,,,off,3.6,score_goal,3.0000328389679627,3.0000328389679627,False,True,True,3.0000328389679627,False,True,True,False,False,350,10,0.16,0.84,0.0,0.0,0.0,0,0,0,0,0,1,,2.8270325424585,False,False,normal,LCB,True,21,350,True,True,"[""x2"", ""x1""]",2,2,0,100.0,True,0.24990000000000007,24.990000000000006,True,True,True,True,True,C:\dev\PIDO\IIT_PIDO\result\bench\aion\20260901_091126\runs\run_goldstein_price_20260901_151045_416381_c588\OPT\artifacts\public\opt_results.csv,C:\dev\PIDO\IIT_PIDO\result\bench\aion\20260901_091126\runs\run_goldstein_price_20260901_151045_416381_c588\OPT\metadata.json,C:\dev\PIDO\IIT_PIDO\result\bench\aion\20260901_091126\runs\run_goldstein_price_20260901_151045_416381_c588\Explorer\metadata_S4_dual.json,C:\dev\PIDO\IIT_PIDO\result\bench\aion\20260901_091126\runs\run_goldstein_price_20260901_151045_416381_c588\Explorer\artifacts\public\S4_dual\selected_bounds.json,C:\dev\PIDO\IIT_PIDO\result\bench\aion\20260901_091126\runs\run_goldstein_price_20260901_151045_416381_c588
83,48,goldstein_price,47044,S4_dual,S4_dual,min,,,off,3.6,score_goal,3.0038660993052875,3.0038660993052875,False,True,True,3.0038660993052875,False,True,True,False,False,350,12,0.2709090909090909,0.62,0.0,0.0181818181818181,0.0909090909090909,0,1,0,0,0,0,,-2691.643894246636,False,False,normal,MEAN,False,0,350,True,True,"[""x2"", ""x1""]",2,2,0,100.0,True,0.249900000000364,24.9900000000364,True,True,True,True,True,C:\dev\PIDO\IIT_PIDO\result\bench\aion\20260901_091126\runs\run_goldstein_price_20260901_151333_760999_e611\OPT\artifacts\public\opt_results.csv,C:\dev\PIDO\IIT_PIDO\result\bench\aion\20260901_091126\runs\run_goldstein_price_20260901_151333_760999_e611\OPT\metadata.json,C:\dev\PIDO\IIT_PIDO\result\bench\aion\20260901_091126\runs\run_goldstein_price_20260901_151333_760999_e611\Explorer\metadata_S4_dual.json,C:\dev\PIDO\IIT_PIDO\result\bench\aion\20260901_091126\runs\run_goldstein_price_20260901_151333_760999_e611\Explorer\artifacts\public\S4_dual\selected_bounds.json,C:\dev\PIDO\IIT_PIDO\result\bench\aion\20260901_091126\runs\run_goldstein_price_20260901_151333_760999_e611
84,49,goldstein_price,48044,S4_dual,S4_dual,min,,,off,3.6,score_goal,3.0000058172229345,3.0000058172229345,False,True,True,3.0000058172229345,False,True,True,False,False,350,5,0.22,0.78,0.0,0.0,0.0,7,23,0,0,0,0,,2.939578894951579,False,False,normal,LCB,True,3,350,True,True,"[""x2"", ""x1""]",2,2,0,100.0,True,0.2499,24.990000000000002,True,True,True,True,True,C:\dev\PIDO\IIT_PIDO\result\bench\aion\20260901_091126\runs\run_goldstein_price_20260901_151642_478512_6926\OPT\artifacts\public\opt_results.csv,C:\dev\PIDO\IIT_PIDO\result\bench\aion\20260901_091126\runs\run_goldstein_price_20260901_151642_478512_6926\OPT\metadata.json,C:\dev\PIDO\IIT_PIDO\result\bench\aion\20260901_091126\runs\run_goldstein_price_20260901_151642_478512_6926\Explorer\metadata_S4_dual.json,C:\dev\PIDO\IIT_PIDO\result\bench\aion\20260901_091126\runs\run_goldstein_price_20260901_151642_478512_6926\Explorer\artifacts\public\S4_dual\selected_bounds.json,C:\dev\PIDO\IIT_PIDO\result\bench\aion\20260901_091126\runs\run_goldstein_price_20260901_151642_478512_6926
85,50,goldstein_price,49044,S4_dual,S4_dual,min,,,off,3.6,score_goal,3.001533954152354,3.001533954152354,False,True,True,3.001533954152354,False,True,True,False,False,350,9,0.2709090909090909,0.62,0.0,0.0181818181818181,0.0909090909090909,9,21,0,0,0,0,,3.0096183580252216,False,False,normal,MEAN,False,0,350,True,True,"[""x2"", ""x1""]",2,2,0,100.0,True,0.2499000000004092,24.990000000040922,True,True,True,True,True,C:\dev\PIDO\IIT_PIDO\result\bench\aion\20260901_091126\runs\run_goldstein_price_20260901_151925_873745_53bd\OPT\artifacts\public\opt_results.csv,C:\dev\PIDO\IIT_PIDO\result\bench\aion\20260901_091126\runs\run_goldstein_price_20260901_151925_873745_53bd\OPT\metadata.json,C:\dev\PIDO\IIT_PIDO\result\bench\aion\20260901_091126\runs\run_goldstein_price_20260901_151925_873745_53bd\Explorer\metadata_S4_dual.json,C:\dev\PIDO\IIT_PIDO\result\bench\aion\20260901_091126\runs\run_goldstein_price_20260901_151925_873745_53bd\Explorer\artifacts\public\S4_dual\selected_bounds.json,C:\dev\PIDO\IIT_PIDO\result\bench\aion\20260901_091126\runs\run_goldstein_price_20260901_151925_873745_53bd
86,1,six_hump_camel,45,S4_dual,S4_dual,min,,,off,-0.86,score_goal,-1.0299245680874076,-1.0299245680874076,False,True,True,-1.0299245680874076,False,True,True,False,False,12,3,0.2199999999999999,0.78,0.0,0.0,0.0,5,20,0,5,0,0,,-1.032200166361218,False,False,inactive,LCB,True,4,15,True,True,"[""x1"", ""x2""]",2,2,0,100.0,True,0.24990000000000004,24.990000000000006,True,True,True,True,True,C:\dev\PIDO\IIT_PIDO\result\bench\aion\20260901_091126\runs\run_six_hump_camel_20260901_152227_774411_464d\OPT\artifacts\public\opt_results.csv,C:\dev\PIDO\IIT_PIDO\result\bench\aion\20260901_091126\runs\run_six_hump_camel_20260901_152227_774411_464d\OPT\metadata.json,C:\dev\PIDO\IIT_PIDO\result\bench\aion\20260901_091126\runs\run_six_hump_camel_20260901_152227_774411_464d\Explorer\metadata_S4_dual.json,C:\dev\PIDO\IIT_PIDO\result\bench\aion\20260901_091126\runs\run_six_hump_camel_20260901_152227_774411_464d\Explorer\artifacts\public\S4_dual\selected_bounds.json,C:\dev\PIDO\IIT_PIDO\result\bench\aion\20260901_091126\runs\run_six_hump_camel_20260901_152227_774411_464d
87,2,six_hump_camel,1045,S4_dual,S4_dual,min,,,off,-0.86,score_goal,-1.0275586865841038,-1.0275586865841038,False,True,True,-1.0275586865841038,False,True,True,False,False,15,6,0.2148148148148148,0.62,0.0,0.02,0.1451851851851852,7,23,0,0,0,0,,-1.0253696185562426,False,False,inactive,MEAN,False,0,15,True,True,"[""x1"", ""x2""]",2,2,0,100.0,True,0.24990000000040719,24.99000000004072,True,True,True,True,True,C:\dev\PIDO\IIT_PIDO\result\bench\aion\20260901_091126\runs\run_six_hump_camel_20260901_152319_659670_d263\OPT\artifacts\public\opt_results.csv,C:\dev\PIDO\IIT_PIDO\result\bench\aion\20260901_091126\runs\run_six_hump_camel_20260901_152319_659670_d263\OPT\metadata.json,C:\dev\PIDO\IIT_PIDO\result\bench\aion\20260901_091126\runs\run_six_hump_camel_20260901_152319_659670_d263\Explorer\metadata_S4_dual.json,C:\dev\PIDO\IIT_PIDO\result\bench\aion\20260901_091126\runs\run_six_hump_camel_20260901_152319_659670_d263\Explorer\artifacts\public\S4_dual\selected_bounds.json,C:\dev\PIDO\IIT_PIDO\result\bench\aion\20260901_091126\runs\run_six_hump_camel_20260901_152319_659670_d263
88,3,six_hump_camel,2045,S4_dual,S4_dual,min,,,off,-0.86,score_goal,-1.0299078451125707,-1.0299078451125707,False,True,True,-1.0299078451125707,False,True,True,False,False,12,2,0.2199999999999999,0.78,0.0,0.0,0.0,7,23,0,0,0,0,,-1.03293006268715,False,False,inactive,LCB,True,3,15,True,True,"[""x2"", ""x1""]",2,2,0,100.0,True,0.24990000000000004,24.990000000000006,True,True,True,True,True,C:\dev\PIDO\IIT_PIDO\result\bench\aion\20260901_091126\runs\run_six_hump_camel_20260901_152359_428972_fc92\OPT\artifacts\public\opt_results.csv,C:\dev\PIDO\IIT_PIDO\result\bench\aion\20260901_091126\runs\run_six_hump_camel_20260901_152359_428972_fc92\OPT\metadata.json,C:\dev\PIDO\IIT_PIDO\result\bench\aion\20260901_091126\runs\run_six_hump_camel_20260901_152359_428972_fc92\Explorer\metadata_S4_dual.json,C:\dev\PIDO\IIT_PIDO\result\bench\aion\20260901_091126\runs\run_six_hump_camel_20260901_152359_428972_fc92\Explorer\artifacts\public\S4_dual\selected_bounds.json,C:\dev\PIDO\IIT_PIDO\result\bench\aion\20260901_091126\runs\run_six_hump_camel_20260901_152359_428972_fc92
89,4,six_hump_camel,3045,S4_dual,S4_dual,min,,,off,-0.86,score_goal,-1.0316183217338402,-1.0316183217338402,False,True,True,-1.0316183217338402,False,True,True,False,False,13,4,0.2148148148148148,0.62,0.0,0.02,0.1451851851851852,0,1,0,0,0,0,,-1.0315944072078191,False,False,inactive,MEAN,False,0,15,True,True,"[""x1"", ""x2""]",2,2,0,100.0,True,0.2499,24.990000000000002,True,True,True,True,True,C:\dev\PIDO\IIT_PIDO\result\bench\aion\20260901_091126\runs\run_six_hump_camel_20260901_152445_879950_d0c3\OPT\artifacts\public\opt_results.csv,C:\dev\PIDO\IIT_PIDO\result\bench\aion\20260901_091126\runs\run_six_hump_camel_20260901_152445_879950_d0c3\OPT\metadata.json,C:\dev\PIDO\IIT_PIDO\result\bench\aion\20260901_091126\runs\run_six_hump_camel_20260901_152445_879950_d0c3\Explorer\metadata_S4_dual.json,C:\dev\PIDO\IIT_PIDO\result\bench\aion\20260901_091126\runs\run_six_hump_camel_20260901_152445_879950_d0c3\Explorer\artifacts\public\S4_dual\selected_bounds.json,C:\dev\PIDO\IIT_PIDO\result\bench\aion\20260901_091126\runs\run_six_hump_camel_20260901_152445_879950_d0c3
90,5,six_hump_camel,4045,S4_dual,S4_dual,min,,,off,-0.86,score_goal,-0.9935608619656169,-0.9935608619656169,False,True,True,-0.9935608619656168,False,True,True,False,False,15,2,0.16,0.84,0.0,0.0,0.0,3,22,0,5,0,0,,-0.9988886762617276,False,False,inactive,LCB,True,11,15,True,True,"[""x2"", ""x1""]",2,2,0,100.0,True,0.2499000000004517,24.99000000004517,True,True,True,True,True,C:\dev\PIDO\IIT_PIDO\result\bench\aion\20260901_091126\runs\run_six_hump_camel_20260901_152525_806575_7ccf\OPT\artifacts\public\opt_results.csv,C:\dev\PIDO\IIT_PIDO\result\bench\aion\20260901_091126\runs\run_six_hump_camel_20260901_152525_806575_7ccf\OPT\metadata.json,C:\dev\PIDO\IIT_PIDO\result\bench\aion\20260901_091126\runs\run_six_hump_camel_20260901_152525_806575_7ccf\Explorer\metadata_S4_dual.json,C:\dev\PIDO\IIT_PIDO\result\bench\aion\20260901_091126\runs\run_six_hump_camel_20260901_152525_806575_7ccf\Explorer\artifacts\public\S4_dual\selected_bounds.json,C:\dev\PIDO\IIT_PIDO\result\bench\aion\20260901_091126\runs\run_six_hump_camel_20260901_152525_806575_7ccf
91,6,six_hump_camel,5045,S4_dual,S4_dual,min,,,off,-0.86,score_goal,-1.0250380097254181,-1.0250380097254181,False,True,True,-1.025038009725418,False,True,True,False,False,15,6,0.2148148148148148,0.62,0.0,0.02,0.1451851851851852,7,23,0,0,0,0,,-1.0250069468907914,False,False,inactive,MEAN,False,0,15,True,True,"[""x1"", ""x2""]",2,2,0,100.0,True,0.24989999999999998,24.99,True,True,True,True,True,C:\dev\PIDO\IIT_PIDO\result\bench\aion\20260901_091126\runs\run_six_hump_camel_20260901_152606_948469_9547\OPT\artifacts\public\opt_results.csv,C:\dev\PIDO\IIT_PIDO\result\bench\aion\20260901_091126\runs\run_six_hump_camel_20260901_152606_948469_9547\OPT\metadata.json,C:\dev\PIDO\IIT_PIDO\result\bench\aion\20260901_091126\runs\run_six_hump_camel_20260901_152606_948469_9547\Explorer\metadata_S4_dual.json,C:\dev\PIDO\IIT_PIDO\result\bench\aion\20260901_091126\runs\run_six_hump_camel_20260901_152606_948469_9547\Explorer\artifacts\public\S4_dual\selected_bounds.json,C:\dev\PIDO\IIT_PIDO\result\bench\aion\20260901_091126\runs\run_six_hump_camel_20260901_152606_948469_9547
92,7,six_hump_camel,6045,S4_dual,S4_dual,min,,,off,-0.86,score_goal,-0.8659836721086078,-0.8659836721086078,False,True,True,-0.8659836721086078,False,True,True,False,False,11,3,0.2148148148148148,0.62,0.0,0.02,0.1451851851851852,7,23,0,0,0,0,,-0.8654985046466308,False,False,inactive,MEAN,False,0,15,True,True,"[""x1"", ""x2""]",2,2,0,100.0,False,0.24990000000031268,24.99000000003127,True,False,False,False,False,C:\dev\PIDO\IIT_PIDO\result\bench\aion\20260901_091126\runs\run_six_hump_camel_20260901_152652_716936_b1f9\OPT\artifacts\public\opt_results.csv,C:\dev\PIDO\IIT_PIDO\result\bench\aion\20260901_091126\runs\run_six_hump_camel_20260901_152652_716936_b1f9\OPT\metadata.json,C:\dev\PIDO\IIT_PIDO\result\bench\aion\20260901_091126\runs\run_six_hump_camel_20260901_152652_716936_b1f9\Explorer\metadata_S4_dual.json,C:\dev\PIDO\IIT_PIDO\result\bench\aion\20260901_091126\runs\run_six_hump_camel_20260901_152652_716936_b1f9\Explorer\artifacts\public\S4_dual\selected_bounds.json,C:\dev\PIDO\IIT_PIDO\result\bench\aion\20260901_091126\runs\run_six_hump_camel_20260901_152652_716936_b1f9
93,8,six_hump_camel,7045,S4_dual,S4_dual,min,,,off,-0.86,score_goal,-1.0226801009513042,-1.0226801009513042,False,True,True,-1.0226801009513042,False,True,True,False,False,15,2,0.2148148148148148,0.62,0.0,0.02,0.1451851851851852,7,23,0,0,0,0,,-1.0838249385843983,False,False,inactive,MEAN,False,0,15,True,True,"[""x2"", ""x1""]",2,2,0,100.0,True,0.24989999999999998,24.99,True,True,True,True,True,C:\dev\PIDO\IIT_PIDO\result\bench\aion\20260901_091126\runs\run_six_hump_camel_20260901_152735_966135_1333\OPT\artifacts\public\opt_results.csv,C:\dev\PIDO\IIT_PIDO\result\bench\aion\20260901_091126\runs\run_six_hump_camel_20260901_152735_966135_1333\OPT\metadata.json,C:\dev\PIDO\IIT_PIDO\result\bench\aion\20260901_091126\runs\run_six_hump_camel_20260901_152735_966135_1333\Explorer\metadata_S4_dual.json,C:\dev\PIDO\IIT_PIDO\result\bench\aion\20260901_091126\runs\run_six_hump_camel_20260901_152735_966135_1333\Explorer\artifacts\public\S4_dual\selected_bounds.json,C:\dev\PIDO\IIT_PIDO\result\bench\aion\20260901_091126\runs\run_six_hump_camel_20260901_152735_966135_1333
94,9,six_hump_camel,8045,S4_dual,S4_dual,min,,,off,-0.86,score_goal,-1.029194768077356,-1.029194768077356,False,True,True,-1.029194768077356,False,True,True,False,False,13,2,0.2199999999999999,0.78,0.0,0.0,0.0,1,0,0,0,0,0,,-1.032596079940718,False,False,inactive,LCB,True,5,15,True,True,"[""x1"", ""x2""]",2,2,0,100.0,True,0.24990000000000007,24.990000000000006,True,True,True,True,True,C:\dev\PIDO\IIT_PIDO\result\bench\aion\20260901_091126\runs\run_six_hump_camel_20260901_152817_934995_6b71\OPT\artifacts\public\opt_results.csv,C:\dev\PIDO\IIT_PIDO\result\bench\aion\20260901_091126\runs\run_six_hump_camel_20260901_152817_934995_6b71\OPT\metadata.json,C:\dev\PIDO\IIT_PIDO\result\bench\aion\20260901_091126\runs\run_six_hump_camel_20260901_152817_934995_6b71\Explorer\metadata_S4_dual.json,C:\dev\PIDO\IIT_PIDO\result\bench\aion\20260901_091126\runs\run_six_hump_camel_20260901_152817_934995_6b71\Explorer\artifacts\public\S4_dual\selected_bounds.json,C:\dev\PIDO\IIT_PIDO\result\bench\aion\20260901_091126\runs\run_six_hump_camel_20260901_152817_934995_6b71
95,10,six_hump_camel,9045,S4_dual,S4_dual,min,,,off,-0.86,score_goal,-1.028710591878039,-1.028710591878039,False,True,True,-1.028710591878039,False,True,True,False,False,14,2,0.2199999999999999,0.78,0.0,0.0,0.0,0,1,0,0,0,0,,-1.0374101182452244,False,False,inactive,LCB,True,8,15,True,True,"[""x1"", ""x2""]",2,2,0,100.0,True,0.2499,24.990000000000002,True,True,True,True,True,C:\dev\PIDO\IIT_PIDO\result\bench\aion\20260901_091126\runs\run_six_hump_camel_20260901_152901_100718_e591\OPT\artifacts\public\opt_results.csv,C:\dev\PIDO\IIT_PIDO\result\bench\aion\20260901_091126\runs\run_six_hump_camel_20260901_152901_100718_e591\OPT\metadata.json,C:\dev\PIDO\IIT_PIDO\result\bench\aion\20260901_091126\runs\run_six_hump_camel_20260901_152901_100718_e591\Explorer\metadata_S4_dual.json,C:\dev\PIDO\IIT_PIDO\result\bench\aion\20260901_091126\runs\run_six_hump_camel_20260901_152901_100718_e591\Explorer\artifacts\public\S4_dual\selected_bounds.json,C:\dev\PIDO\IIT_PIDO\result\bench\aion\20260901_091126\runs\run_six_hump_camel_20260901_152901_100718_e591
96,11,six_hump_camel,10045,S4_dual,S4_dual,min,,,off,-0.86,score_goal,-1.0304767284452139,-1.0304767284452139,False,True,True,-1.030476728445214,False,True,True,False,False,13,3,0.2148148148148148,0.62,0.0,0.02,0.1451851851851852,7,23,0,0,0,0,,-1.0315258715194338,False,False,inactive,MEAN,False,0,15,True,True,"[""x1"", ""x2""]",2,2,0,100.0,True,0.24990000000000007,24.990000000000006,True,True,True,True,True,C:\dev\PIDO\IIT_PIDO\result\bench\aion\20260901_091126\runs\run_six_hump_camel_20260901_152957_745398_e001\OPT\artifacts\public\opt_results.csv,C:\dev\PIDO\IIT_PIDO\result\bench\aion\20260901_091126\runs\run_six_hump_camel_20260901_152957_745398_e001\OPT\metadata.json,C:\dev\PIDO\IIT_PIDO\result\bench\aion\20260901_091126\runs\run_six_hump_camel_20260901_152957_745398_e001\Explorer\metadata_S4_dual.json,C:\dev\PIDO\IIT_PIDO\result\bench\aion\20260901_091126\runs\run_six_hump_camel_20260901_152957_745398_e001\Explorer\artifacts\public\S4_dual\selected_bounds.json,C:\dev\PIDO\IIT_PIDO\result\bench\aion\20260901_091126\runs\run_six_hump_camel_20260901_152957_745398_e001
97,12,six_hump_camel,11045,S4_dual,S4_dual,min,,,off,-0.86,score_goal,-1.0093639829009364,-1.0093639829009364,False,True,True,-1.0093639829009364,False,True,True,False,False,12,4,0.2148148148148148,0.62,0.0,0.02,0.1451851851851852,7,23,0,0,0,0,,-0.9959809219528872,False,False,inactive,MEAN,False,0,15,True,True,"[""x1"", ""x2""]",2,2,0,100.0,True,0.24989999999999996,24.989999999999995,True,True,True,True,True,C:\dev\PIDO\IIT_PIDO\result\bench\aion\20260901_091126\runs\run_six_hump_camel_20260901_153039_649853_b52f\OPT\artifacts\public\opt_results.csv,C:\dev\PIDO\IIT_PIDO\result\bench\aion\20260901_091126\runs\run_six_hump_camel_20260901_153039_649853_b52f\OPT\metadata.json,C:\dev\PIDO\IIT_PIDO\result\bench\aion\20260901_091126\runs\run_six_hump_camel_20260901_153039_649853_b52f\Explorer\metadata_S4_dual.json,C:\dev\PIDO\IIT_PIDO\result\bench\aion\20260901_091126\runs\run_six_hump_camel_20260901_153039_649853_b52f\Explorer\artifacts\public\S4_dual\selected_bounds.json,C:\dev\PIDO\IIT_PIDO\result\bench\aion\20260901_091126\runs\run_six_hump_camel_20260901_153039_649853_b52f
98,13,six_hump_camel,12045,S4_dual,S4_dual,min,,,off,-0.86,score_goal,-1.0313914060851692,-1.0313914060851692,False,True,True,-1.0313914060851692,False,True,True,False,False,14,6,0.2148148148148148,0.62,0.0,0.02,0.1451851851851852,7,23,0,0,0,0,,-1.0251881048403575,False,False,inactive,MEAN,False,0,15,True,True,"[""x1"", ""x2""]",2,2,0,100.0,True,0.24990000000025733,24.990000000025734,True,True,True,True,True,C:\dev\PIDO\IIT_PIDO\result\bench\aion\20260901_091126\runs\run_six_hump_camel_20260901_153125_781778_10b8\OPT\artifacts\public\opt_results.csv,C:\dev\PIDO\IIT_PIDO\result\bench\aion\20260901_091126\runs\run_six_hump_camel_20260901_153125_781778_10b8\OPT\metadata.json,C:\dev\PIDO\IIT_PIDO\result\bench\aion\20260901_091126\runs\run_six_hump_camel_20260901_153125_781778_10b8\Explorer\metadata_S4_dual.json,C:\dev\PIDO\IIT_PIDO\result\bench\aion\20260901_091126\runs\run_six_hump_camel_20260901_153125_781778_10b8\Explorer\artifacts\public\S4_dual\selected_bounds.json,C:\dev\PIDO\IIT_PIDO\result\bench\aion\20260901_091126\runs\run_six_hump_camel_20260901_153125_781778_10b8
99,14,six_hump_camel,13045,S4_dual,S4_dual,min,,,off,-0.86,score_goal,-1.0313990430316884,-1.0313990430316884,False,True,True,-1.0313990430316884,False,True,True,False,False,13,2,0.2148148148148148,0.62,0.0,0.02,0.1451851851851852,7,23,0,0,0,0,,-1.0308815489466538,False,False,inactive,MEAN,False,0,15,True,True,"[""x1"", ""x2""]",2,2,0,100.0,True,0.2499,24.990000000000002,True,True,True,True,True,C:\dev\PIDO\IIT_PIDO\result\bench\aion\20260901_091126\runs\run_six_hump_camel_20260901_153210_860799_ffa9\OPT\artifacts\public\opt_results.csv,C:\dev\PIDO\IIT_PIDO\result\bench\aion\20260901_091126\runs\run_six_hump_camel_20260901_153210_860799_ffa9\OPT\metadata.json,C:\dev\PIDO\IIT_PIDO\result\bench\aion\20260901_091126\runs\run_six_hump_camel_20260901_153210_860799_ffa9\Explorer\metadata_S4_dual.json,C:\dev\PIDO\IIT_PIDO\result\bench\aion\20260901_091126\runs\run_six_hump_camel_20260901_153210_860799_ffa9\Explorer\artifacts\public\S4_dual\selected_bounds.json,C:\dev\PIDO\IIT_PIDO\result\bench\aion\20260901_091126\runs\run_six_hump_camel_20260901_153210_860799_ffa9
100,15,six_hump_camel,14045,S4_dual,S4_dual,min,,,off,-0.86,score_goal,-1.031211089868618,-1.031211089868618,False,True,True,-1.031211089868618,False,True,True,False,False,15,5,0.2305660377358489,0.62,0.0,0.02,0.129433962264151,0,1,0,0,0,0,,-1.032327047773598,False,False,inactive,MEAN,False,0,15,True,True,"[""x2"", ""x1""]",2,2,0,100.0,True,0.24989999999999996,24.989999999999995,True,True,True,True,True,C:\dev\PIDO\IIT_PIDO\result\bench\aion\20260901_091126\runs\run_six_hump_camel_20260901_153253_913566_1d79\OPT\artifacts\public\opt_results.csv,C:\dev\PIDO\IIT_PIDO\result\bench\aion\20260901_091126\runs\run_six_hump_camel_20260901_153253_913566_1d79\OPT\metadata.json,C:\dev\PIDO\IIT_PIDO\result\bench\aion\20260901_091126\runs\run_six_hump_camel_20260901_153253_913566_1d79\Explorer\metadata_S4_dual.json,C:\dev\PIDO\IIT_PIDO\result\bench\aion\20260901_091126\runs\run_six_hump_camel_20260901_153253_913566_1d79\Explorer\artifacts\public\S4_dual\selected_bounds.json,C:\dev\PIDO\IIT_PIDO\result\bench\aion\20260901_091126\runs\run_six_hump_camel_20260901_153253_913566_1d79
101,16,six_hump_camel,15045,S4_dual,S4_dual,min,,,off,-0.86,score_goal,-1.029057378583076,-1.029057378583076,False,True,True,-1.029057378583076,False,True,True,False,False,15,3,0.2148148148148148,0.62,0.0,0.02,0.1451851851851852,7,23,0,0,0,0,,-1.0307821529261512,False,False,inactive,MEAN,False,0,15,True,True,"[""x1"", ""x2""]",2,2,0,100.0,True,0.24990000000000007,24.990000000000006,True,True,True,True,True,C:\dev\PIDO\IIT_PIDO\result\bench\aion\20260901_091126\runs\run_six_hump_camel_20260901_153341_079514_7985\OPT\artifacts\public\opt_results.csv,C:\dev\PIDO\IIT_PIDO\result\bench\aion\20260901_091126\runs\run_six_hump_camel_20260901_153341_079514_7985\OPT\metadata.json,C:\dev\PIDO\IIT_PIDO\result\bench\aion\20260901_091126\runs\run_six_hump_camel_20260901_153341_079514_7985\Explorer\metadata_S4_dual.json,C:\dev\PIDO\IIT_PIDO\result\bench\aion\20260901_091126\runs\run_six_hump_camel_20260901_153341_079514_7985\Explorer\artifacts\public\S4_dual\selected_bounds.json,C:\dev\PIDO\IIT_PIDO\result\bench\aion\20260901_091126\runs\run_six_hump_camel_20260901_153341_079514_7985
102,17,six_hump_camel,16045,S4_dual,S4_dual,min,,,off,-0.86,score_goal,-1.0307562844179396,-1.0307562844179396,False,True,True,-1.0307562844179396,False,True,True,False,False,15,8,0.2148148148148148,0.62,0.0,0.02,0.1451851851851852,0,1,0,0,0,0,,-1.0307798607894232,False,False,inactive,MEAN,False,0,15,True,True,"[""x1"", ""x2""]",2,2,0,100.0,True,0.24990000000043208,24.990000000043207,True,True,True,True,True,C:\dev\PIDO\IIT_PIDO\result\bench\aion\20260901_091126\runs\run_six_hump_camel_20260901_153425_977696_8bb9\OPT\artifacts\public\opt_results.csv,C:\dev\PIDO\IIT_PIDO\result\bench\aion\20260901_091126\runs\run_six_hump_camel_20260901_153425_977696_8bb9\OPT\metadata.json,C:\dev\PIDO\IIT_PIDO\result\bench\aion\20260901_091126\runs\run_six_hump_camel_20260901_153425_977696_8bb9\Explorer\metadata_S4_dual.json,C:\dev\PIDO\IIT_PIDO\result\bench\aion\20260901_091126\runs\run_six_hump_camel_20260901_153425_977696_8bb9\Explorer\artifacts\public\S4_dual\selected_bounds.json,C:\dev\PIDO\IIT_PIDO\result\bench\aion\20260901_091126\runs\run_six_hump_camel_20260901_153425_977696_8bb9
103,18,six_hump_camel,17045,S4_dual,S4_dual,min,,,off,-0.86,score_goal,-1.0301612406533043,-1.0301612406533043,False,True,True,-1.0301612406533045,False,True,True,False,False,14,4,0.2199999999999999,0.78,0.0,0.0,0.0,0,1,0,0,0,0,,-1.0308376236931718,False,False,inactive,LCB,True,3,15,True,True,"[""x1"", ""x2""]",2,2,0,100.0,True,0.24990000000041257,24.990000000041256,True,True,True,True,True,C:\dev\PIDO\IIT_PIDO\result\bench\aion\20260901_091126\runs\run_six_hump_camel_20260901_153512_476824_bac2\OPT\artifacts\public\opt_results.csv,C:\dev\PIDO\IIT_PIDO\result\bench\aion\20260901_091126\runs\run_six_hump_camel_20260901_153512_476824_bac2\OPT\metadata.json,C:\dev\PIDO\IIT_PIDO\result\bench\aion\20260901_091126\runs\run_six_hump_camel_20260901_153512_476824_bac2\Explorer\metadata_S4_dual.json,C:\dev\PIDO\IIT_PIDO\result\bench\aion\20260901_091126\runs\run_six_hump_camel_20260901_153512_476824_bac2\Explorer\artifacts\public\S4_dual\selected_bounds.json,C:\dev\PIDO\IIT_PIDO\result\bench\aion\20260901_091126\runs\run_six_hump_camel_20260901_153512_476824_bac2
104,19,six_hump_camel,18045,S4_dual,S4_dual,min,,,off,-0.86,score_goal,-1.031137623112999,-1.031137623112999,False,True,True,-1.031137623112999,False,True,True,False,False,13,4,0.2148148148148148,0.62,0.0,0.02,0.1451851851851852,7,23,0,0,0,0,,-1.0301526013179103,False,False,inactive,MEAN,False,0,15,True,True,"[""x1"", ""x2""]",2,2,0,100.0,True,0.24989999999999996,24.989999999999995,True,True,True,True,True,C:\dev\PIDO\IIT_PIDO\result\bench\aion\20260901_091126\runs\run_six_hump_camel_20260901_153555_577807_fbdf\OPT\artifacts\public\opt_results.csv,C:\dev\PIDO\IIT_PIDO\result\bench\aion\20260901_091126\runs\run_six_hump_camel_20260901_153555_577807_fbdf\OPT\metadata.json,C:\dev\PIDO\IIT_PIDO\result\bench\aion\20260901_091126\runs\run_six_hump_camel_20260901_153555_577807_fbdf\Explorer\metadata_S4_dual.json,C:\dev\PIDO\IIT_PIDO\result\bench\aion\20260901_091126\runs\run_six_hump_camel_20260901_153555_577807_fbdf\Explorer\artifacts\public\S4_dual\selected_bounds.json,C:\dev\PIDO\IIT_PIDO\result\bench\aion\20260901_091126\runs\run_six_hump_camel_20260901_153555_577807_fbdf
105,20,six_hump_camel,19045,S4_dual,S4_dual,min,,,off,-0.86,score_goal,-1.0310453268542321,-1.0310453268542321,False,True,True,-1.031045326854232,False,True,True,False,False,15,6,0.2148148148148148,0.62,0.0,0.02,0.1451851851851852,7,23,0,0,0,0,,-1.0316323017883555,False,False,inactive,MEAN,False,0,15,True,True,"[""x1"", ""x2""]",2,2,0,100.0,True,0.2499000000004762,24.990000000047623,True,True,True,True,True,C:\dev\PIDO\IIT_PIDO\result\bench\aion\20260901_091126\runs\run_six_hump_camel_20260901_153644_810388_800a\OPT\artifacts\public\opt_results.csv,C:\dev\PIDO\IIT_PIDO\result\bench\aion\20260901_091126\runs\run_six_hump_camel_20260901_153644_810388_800a\OPT\metadata.json,C:\dev\PIDO\IIT_PIDO\result\bench\aion\20260901_091126\runs\run_six_hump_camel_20260901_153644_810388_800a\Explorer\metadata_S4_dual.json,C:\dev\PIDO\IIT_PIDO\result\bench\aion\20260901_091126\runs\run_six_hump_camel_20260901_153644_810388_800a\Explorer\artifacts\public\S4_dual\selected_bounds.json,C:\dev\PIDO\IIT_PIDO\result\bench\aion\20260901_091126\runs\run_six_hump_camel_20260901_153644_810388_800a
106,21,six_hump_camel,20045,S4_dual,S4_dual,min,,,off,-0.86,score_goal,-1.0301895747568806,-1.0301895747568806,False,True,True,-1.0301895747568806,False,True,True,False,False,14,4,0.2148148148148148,0.62,0.0,0.02,0.1451851851851852,7,23,0,0,0,0,,-1.03332835058894,False,False,inactive,MEAN,False,0,15,True,True,"[""x1"", ""x2""]",2,2,0,100.0,True,0.2499,24.990000000000002,True,True,True,True,True,C:\dev\PIDO\IIT_PIDO\result\bench\aion\20260901_091126\runs\run_six_hump_camel_20260901_153730_078866_8fec\OPT\artifacts\public\opt_results.csv,C:\dev\PIDO\IIT_PIDO\result\bench\aion\20260901_091126\runs\run_six_hump_camel_20260901_153730_078866_8fec\OPT\metadata.json,C:\dev\PIDO\IIT_PIDO\result\bench\aion\20260901_091126\runs\run_six_hump_camel_20260901_153730_078866_8fec\Explorer\metadata_S4_dual.json,C:\dev\PIDO\IIT_PIDO\result\bench\aion\20260901_091126\runs\run_six_hump_camel_20260901_153730_078866_8fec\Explorer\artifacts\public\S4_dual\selected_bounds.json,C:\dev\PIDO\IIT_PIDO\result\bench\aion\20260901_091126\runs\run_six_hump_camel_20260901_153730_078866_8fec
107,22,six_hump_camel,21045,S4_dual,S4_dual,min,,,off,-0.86,score_goal,-0.9605305527703866,-0.9605305527703866,False,True,True,-0.9605305527703866,False,True,True,False,False,14,3,0.2148148148148148,0.62,0.0,0.02,0.1451851851851852,7,23,0,0,0,0,,-0.9331170521295258,False,False,inactive,MEAN,False,0,15,True,True,"[""x1"", ""x2""]",2,2,0,100.0,True,0.24990000000000004,24.990000000000006,True,True,True,True,True,C:\dev\PIDO\IIT_PIDO\result\bench\aion\20260901_091126\runs\run_six_hump_camel_20260901_153809_805799_ea80\OPT\artifacts\public\opt_results.csv,C:\dev\PIDO\IIT_PIDO\result\bench\aion\20260901_091126\runs\run_six_hump_camel_20260901_153809_805799_ea80\OPT\metadata.json,C:\dev\PIDO\IIT_PIDO\result\bench\aion\20260901_091126\runs\run_six_hump_camel_20260901_153809_805799_ea80\Explorer\metadata_S4_dual.json,C:\dev\PIDO\IIT_PIDO\result\bench\aion\20260901_091126\runs\run_six_hump_camel_20260901_153809_805799_ea80\Explorer\artifacts\public\S4_dual\selected_bounds.json,C:\dev\PIDO\IIT_PIDO\result\bench\aion\20260901_091126\runs\run_six_hump_camel_20260901_153809_805799_ea80
108,23,six_hump_camel,22045,S4_dual,S4_dual,min,,,off,-0.86,score_goal,-1.030417401113834,-1.030417401113834,False,True,True,-1.030417401113834,False,True,True,False,False,15,7,0.2148148148148148,0.62,0.0,0.02,0.1451851851851852,0,1,0,0,0,0,,-1.0291312598305755,False,False,inactive,MEAN,False,0,15,True,True,"[""x1"", ""x2""]",2,2,0,100.0,True,0.24990000000000007,24.990000000000006,True,True,True,True,True,C:\dev\PIDO\IIT_PIDO\result\bench\aion\20260901_091126\runs\run_six_hump_camel_20260901_153856_672519_0e04\OPT\artifacts\public\opt_results.csv,C:\dev\PIDO\IIT_PIDO\result\bench\aion\20260901_091126\runs\run_six_hump_camel_20260901_153856_672519_0e04\OPT\metadata.json,C:\dev\PIDO\IIT_PIDO\result\bench\aion\20260901_091126\runs\run_six_hump_camel_20260901_153856_672519_0e04\Explorer\metadata_S4_dual.json,C:\dev\PIDO\IIT_PIDO\result\bench\aion\20260901_091126\runs\run_six_hump_camel_20260901_153856_672519_0e04\Explorer\artifacts\public\S4_dual\selected_bounds.json,C:\dev\PIDO\IIT_PIDO\result\bench\aion\20260901_091126\runs\run_six_hump_camel_20260901_153856_672519_0e04
109,24,six_hump_camel,23045,S4_dual,S4_dual,min,,,off,-0.86,score_goal,-1.0307385417002461,-1.0307385417002461,False,True,True,-1.030738541700246,False,True,True,False,False,15,4,0.2148148148148148,0.62,0.0,0.02,0.1451851851851852,7,23,0,0,0,0,,-1.0093572584842487,False,False,inactive,MEAN,False,0,15,True,True,"[""x1"", ""x2""]",2,2,0,100.0,True,0.24990000000000004,24.990000000000006,True,True,True,True,True,C:\dev\PIDO\IIT_PIDO\result\bench\aion\20260901_091126\runs\run_six_hump_camel_20260901_153942_913577_e328\OPT\artifacts\public\opt_results.csv,C:\dev\PIDO\IIT_PIDO\result\bench\aion\20260901_091126\runs\run_six_hump_camel_20260901_153942_913577_e328\OPT\metadata.json,C:\dev\PIDO\IIT_PIDO\result\bench\aion\20260901_091126\runs\run_six_hump_camel_20260901_153942_913577_e328\Explorer\metadata_S4_dual.json,C:\dev\PIDO\IIT_PIDO\result\bench\aion\20260901_091126\runs\run_six_hump_camel_20260901_153942_913577_e328\Explorer\artifacts\public\S4_dual\selected_bounds.json,C:\dev\PIDO\IIT_PIDO\result\bench\aion\20260901_091126\runs\run_six_hump_camel_20260901_153942_913577_e328
110,25,six_hump_camel,24045,S4_dual,S4_dual,min,,,off,-0.86,score_goal,-1.0312817585214722,-1.0312817585214722,False,True,True,-1.0312817585214722,False,True,True,False,False,11,3,0.2199999999999999,0.78,0.0,0.0,0.0,0,1,0,0,0,0,,-1.0335056003496332,False,False,inactive,LCB,True,3,15,True,True,"[""x1"", ""x2""]",2,2,0,100.0,True,0.24990000000000004,24.990000000000006,True,True,True,True,True,C:\dev\PIDO\IIT_PIDO\result\bench\aion\20260901_091126\runs\run_six_hump_camel_20260901_154026_818568_3846\OPT\artifacts\public\opt_results.csv,C:\dev\PIDO\IIT_PIDO\result\bench\aion\20260901_091126\runs\run_six_hump_camel_20260901_154026_818568_3846\OPT\metadata.json,C:\dev\PIDO\IIT_PIDO\result\bench\aion\20260901_091126\runs\run_six_hump_camel_20260901_154026_818568_3846\Explorer\metadata_S4_dual.json,C:\dev\PIDO\IIT_PIDO\result\bench\aion\20260901_091126\runs\run_six_hump_camel_20260901_154026_818568_3846\Explorer\artifacts\public\S4_dual\selected_bounds.json,C:\dev\PIDO\IIT_PIDO\result\bench\aion\20260901_091126\runs\run_six_hump_camel_20260901_154026_818568_3846
